topic_id,instruction_id,topic,instruction
0,0,Check if two values match,"Implement a robust and type-annotated Python function to check if two values match exactly, handling both equality operators and identity checks for best practice."
0,1,Check if two values match,Write an optimized Python script that compares two input arguments using the `==` operator while ensuring proper error handling for non-comparable types.
0,2,Check if two values match,"Create a high-performance Python utility function to verify if two values are identical, adhering strictly to PEP 8 coding standards and including comprehensive docstrings."
0,3,Check if two values match,Develop a production-ready Python module containing a class method that checks value equality with support for custom comparison logic and edge cases.
0,4,Check if two values match,Generate efficient Python code to determine if two variables hold the same data structure or primitive type using appropriate identity operators where applicable.
0,5,Check if two values match,"Write a clean and maintainable Python function that evaluates equality between two inputs, ensuring it handles None values correctly according to best practices."
0,6,Check if two values match,"Implement a scalable Python solution for checking value matches using the `is` operator alongside `==`, optimized for performance in large-scale data processing tasks."
0,7,Check if two values match,Construct a professional-grade Python script to compare two values with detailed logging capabilities and return type hints for static analysis tools.
0,8,Check if two values match,Produce an advanced Python function that performs deep equality checks on complex nested structures while maintaining code readability and efficiency.
0,9,Check if two values match,"Write a secure and optimized Python utility to validate if two provided values match exactly, incorporating input validation and following industry standards for security coding."
0,10,Check if two values match,Implement a robust and type-annotated Python function named 'values_match' that accepts any comparable objects as arguments and returns True if they are equal using the identity operator for immutable types or value comparison otherwise.
0,11,Check if two values match,"Write an optimized Python script with a main entry point that defines two variables of different data types (e.g., int and float) to demonstrate how '==' handles type coercion while ensuring the code is efficient for large-scale comparisons."
0,12,Check if two values match,"Create a high-performance Python utility function using NumPy that checks if two arrays contain identical elements without creating unnecessary copies, adhering to best practices for numerical computing efficiency."
0,13,Check if two values match,Develop a production-ready Python module containing a class 'ValueMatcher' with an instance method '__eq__' that implements custom comparison logic while maintaining strict adherence to PEP 8 and handling edge cases like None values gracefully.
0,14,Check if two values match,Generate concise and readable Python code for a function 'are_equal' that uses the built-in equality operator but includes comprehensive docstrings explaining its behavior with unhashable types to ensure maximum compatibility.
1,0,Determine if a condition is true,Implement an efficient and robust Python script to determine if a given integer is prime using trial division up to its square root.
1,1,Determine if a condition is true,Write a professional Python function that checks whether any string contains at least one uppercase letter and returns the result as a boolean.
1,2,Determine if a condition is true,Create an optimized Python code snippet to evaluate if a list of numbers is strictly monotonically increasing without using external libraries.
1,3,Determine if a condition is true,Develop a high-quality Python utility function that determines if two dictionaries share at least one common key and returns true/false accordingly.
1,4,Determine if a condition is true,Write a production-ready Python script to verify if a given date falls within a specific inclusive range of dates provided as arguments.
1,5,Determine if a condition is true,Implement a clean and performant Python function that checks whether any element in an iterable satisfies the condition of being greater than zero using generator expressions.
1,6,Determine if a condition is true,Generate optimized Python code to determine if a binary string contains only '0' or '1' characters without raising errors for invalid input types.
1,7,Determine if a condition is true,Write a best-practice Python function that evaluates if the mathematical expression provided as an argument results in a positive value safely handling syntax errors.
1,8,Determine if a condition is true,Create a robust and scalable Python module to check if two sorted lists are identical up to their minimum length using efficient set operations or list comparison techniques.
1,9,Determine if a condition is true,Develop an advanced Python script that determines the truth value of nested logical conditions involving multiple variables while adhering to PEP 8 guidelines.
1,10,Determine if a condition is true,Implement a robust and efficient Python script to determine if any given element satisfies a specific boolean condition within an iterable list.
1,11,Determine if a condition is true,Write professional-grade Python code that accepts a predicate function and a data sequence as arguments to return the result of applying the condition across the entire dataset.
1,12,Determine if a condition is true,Create an optimized helper utility in Python designed exclusively for evaluating complex logical conditions on user input without side effects or external dependencies.
1,13,Determine if a condition is true,Develop a high-performance solution using list comprehensions and early exit patterns to check if at least one item meets the defined criteria in a collection of data structures.
1,14,Determine if a condition is true,Generate complete Python code that encapsulates dynamic condition checking into a reusable class method adhering to strict type hinting and documentation standards.
2,0,Test if a value is positive,Implement a robust and type-annotated Python function named 'is_positive' that returns True if its argument is strictly greater than zero and False otherwise. Ensure the code handles non-numeric inputs gracefully by raising an appropriate exception.
2,1,Test if a value is positive,Write a production-ready Python script containing a class-based solution to check for positive values using data validation techniques. The implementation must include docstrings following Google style guide and handle edge cases like NaN or infinity correctly.
2,2,Test if a value is positive,Create an optimized pure-Python function that determines if a given input is positive without external dependencies. Focus on performance for large-scale numerical data processing while maintaining strict type safety.
2,3,Test if a value is positive,"Develop a comprehensive Python utility module with multiple functions to test positivity across different numeric types (int, float). Include unit tests using pytest within the same file and ensure all code adheres to PEP 8 standards."
2,4,Test if a value is positive,Generate a high-performance CPython function that checks if a value is positive by leveraging built-in comparison operators. Optimize for minimal overhead in tight loops where this check occurs frequently.
2,5,Test if a value is positive,"Write a secure and maintainable Python script to validate positivity of user-provided inputs. Include input sanitization logic, error handling for unexpected types, and comprehensive logging capabilities."
2,6,Test if a value is positive,Construct an advanced Python solution that evaluates positivity while accounting for floating-point precision issues using the 'math' module. Provide a clear example usage block demonstrating correct behavior with extreme values.
2,7,Test if a value is positive,Implement a flexible and reusable Python decorator factory that wraps any callable to automatically verify if its first argument is positive before execution. Ensure the code includes detailed error messages for invalid inputs.
2,8,Test if a value is positive,Draft an efficient algorithmic approach in Python to filter a list of numbers based on positivity criteria using list comprehensions or generator expressions where appropriate. Optimize memory usage and readability.
2,9,Test if a value is positive,"Produce a final-grade quality Python function 'check_positive' that supports optional custom thresholds for positive determination (e.g., > epsilon). Document all parameters clearly and ensure the code is fully type-hinted with no runtime errors."
2,10,Test if a value is positive,Implement a robust and reusable Python class named PositiveChecker that validates if any input value is positive using type checking and exception handling for non-numeric inputs. Ensure the code follows PEP 8 standards.
2,11,Test if a value is positive,"Write an optimized pure function in Python that takes a single argument of mixed types (int or float) and returns True if strictly greater than zero, otherwise False. Include comprehensive docstrings and type hints."
2,12,Test if a value is positive,"Create a production-ready module containing multiple utility functions to test positivity for integers, floats, and complex numbers (checking real part), ensuring maximum performance with minimal overhead."
2,13,Test if a value is positive,Develop a high-performance Python script that processes a list of mixed data types using map comprehension to filter positive values while safely handling invalid inputs by raising descriptive errors.
2,14,Test if a value is positive,"Generate best-practice Python code for checking positivity with support for numpy arrays and pandas Series objects in addition to native scalars, ensuring the solution is scalable and efficient."
3,0,See if a number is even,Implement a robust and efficient Python function to check if an integer is even using bitwise operations instead of modulo arithmetic for maximum performance.
3,1,See if a number is even,Write a complete Python script that includes input validation to ensure only integers are processed before determining their parity according to best practices.
3,2,See if a number is even,Create an optimized Python class method named 'is_even' that leverages the built-in integer properties for checking evenness without external dependencies.
3,3,See if a number is even,Generate a high-quality Python function to determine if a number is even with comprehensive error handling for non-integer inputs following PEP 8 standards.
3,4,See if a number is even,Develop a production-ready Python utility that checks the parity of an integer using logical operators and includes detailed docstrings explaining the algorithmic efficiency.
3,5,See if a number is even,"Write a concise yet professional Python function to verify if a given number is even, ensuring it handles negative numbers correctly without performance overhead."
3,6,See if a number is even,Construct an optimized Python solution that uses the `bool` type conversion on bitwise AND with one for parity checking while maintaining strict type safety.
3,7,See if a number is even,Produce a complete and well-documented Python script containing a function to check evenness using mathematical properties suitable for high-frequency numerical processing.
3,8,See if a number is even,Implement a clean and efficient Python helper function that determines if an integer is even by examining the least significant bit without any conditional branching logic where possible.
3,9,See if a number is even,Create a professional-grade Python module exportable as `is_even.py` containing a type-annotated function to check parity with input sanitization and performance optimization in mind.
3,10,See if a number is even,Generate a robust and production-ready Python script that takes an integer input from command-line arguments or standard input and determines if it is even using efficient bitwise operations. Ensure the code includes proper error handling for non-integer inputs and adheres strictly to PEP 8 guidelines.
3,11,See if a number is even,"Write a highly optimized pure Python function that checks whether any given integer argument is even by utilizing logical operators and return type hints. The solution must be self-contained, include comprehensive docstrings explaining the algorithm's efficiency, and avoid external dependencies."
3,12,See if a number is even,"Create a complete Python module containing multiple utility functions for parity checking (even/odd) that leverage short-circuit evaluation for performance optimization. Include type annotations, input validation using `isinstance`, and ensure the code structure supports easy integration into larger applications."
3,13,See if a number is even,"Develop a sophisticated Python class named 'ParityChecker' with an instance method to evaluate if a number is even, featuring robust exception handling for invalid data types and detailed logging capabilities. The implementation should prioritize readability and maintainability while utilizing modern Python features such as `typing` modules."
3,14,See if a number is even,"Produce the most efficient and concise Python code snippet that accepts a single integer parameter and returns its parity status (0 for even, 1 for odd), ensuring maximum performance through bitwise AND operations while maintaining full compatibility with both Python 3.6+ environments."
4,0,Decide based on input choice,Implement a robust decision-making script in Python where the user selects an option from three predefined choices using input validation and error handling.
4,1,Decide based on input choice,Write a high-performance Python function that processes a list of items based on a binary choice provided via command-line argument or standard input.
4,2,Decide based on input choice,Create an optimized data processing pipeline in Python where the output path is dynamically determined by a single boolean flag entered at runtime.
4,3,Decide based on input choice,Develop a secure and efficient Python application that logs user decisions based on input selection without exposing sensitive information or violating security best practices.
4,4,Decide based on input choice,Construct a scalable Python module where the execution strategy is entirely driven by an integer choice provided through standard input streams.
4,5,Decide based on input choice,Write a production-ready Python script that handles multiple concurrent user inputs to trigger different processing branches based on specific selection criteria.
4,6,Decide based on input choice,Implement a memory-efficient algorithm in Python where the resource allocation strategy depends strictly on a numeric input choice from the user.
4,7,Decide based on input choice,Design an API-compatible Python service that routes incoming requests to different handlers based on a JSON payload containing a decision key.
4,8,Decide based on input choice,Build a fault-tolerant Python application where the fallback mechanism is activated only if the primary input choice fails validation checks.
4,9,Decide based on input choice,Develop a clean and maintainable Python utility that accepts user preferences via configuration files or environment variables to determine its operational mode.
4,10,Decide based on input choice,"Implement a robust and efficient Python script that determines an output based on user input choices using if-elif-else logic, ensuring all edge cases are handled gracefully."
4,11,Decide based on input choice,Create an optimized Python program that processes a list of input choices to execute specific actions based on predefined conditions following best practices in software engineering.
4,12,Decide based on input choice,Generate high-performance Python code for handling dynamic input selection where the logic dynamically adapts based on the provided choice while maintaining strict adherence to PEP 8 standards.
4,13,Decide based on input choice,Generate production-ready Python code with full type hints and docstrings for an input choice validator that selects a target from multiple options based on user selection using exception handling for invalid inputs.
4,14,Decide based on input choice,"Write high-performance, modular Python logic to parse command-line arguments or dictionary entries into distinct execution paths without redundancy, ensuring strict validation of all possible output scenarios."
5,0,Compare two different items,"Implement an efficient comparison script in Python that evaluates and contrasts two distinct data structures using standard libraries, ensuring all logic adheres to best practices and clean coding principles."
5,1,Compare two different items,"Write a robust Python application capable of comparing the performance metrics of two different algorithms without external dependencies, utilizing comprehensive error handling and type hints throughout the codebase."
5,2,Compare two different items,"Develop an optimized Python module that performs side-by-side analysis of two input objects, focusing on memory usage efficiency and strict adherence to PEP 8 guidelines for readability and maintainability."
5,3,Compare two different items,"Create a professional-grade Python utility function designed to compare the attributes of two entities in real-time data processing scenarios, guaranteeing high performance and modular design patterns."
5,4,Compare two different items,"Generate complete Python code for comparing two complex nested dictionaries by depth-first traversal, ensuring thread safety during concurrent operations and following industry-standard coding conventions."
5,5,Compare two different items,"Build a high-performance comparison engine in Python that differentiates between two list types based on sorting algorithms, leveraging built-in optimizations while maintaining strict input validation protocols."
5,6,Compare two different items,"Write an advanced Python script for comparing object inheritance hierarchies of two classes using the MRO (Method Resolution Order), ensuring full compatibility with modern Python versions and clean architectural structure."
5,7,Compare two different items,"Implement a scalable comparison tool in Python that analyzes statistical distributions between two datasets, utilizing numpy-backed operations for speed while keeping dependencies minimal and code documentation thorough."
5,8,Compare two different items,"Develop a secure and optimized Python program to compare cryptographic hashes of two strings, ensuring constant-time execution against timing attacks and adhering strictly to security best practices in the implementation."
5,9,Compare two different items,"Construct a comprehensive comparison framework for evaluating two machine learning model architectures within Python, featuring automated metric calculation pipelines that prioritize accuracy, speed, and code clarity."
5,10,Compare two different items,"Implement a robust and efficient comparison script in Python that analyzes two distinct data structures (e.g., lists or dictionaries) to identify differences based on key-value pairs. The code must handle edge cases like missing keys and ensure it follows PEP 8 standards."
5,11,Compare two different items,Write a high-performance function using the `difflib` module in Python that compares two strings character by character to generate a detailed similarity report. Optimize for memory usage and output results as structured JSON data without any print statements or extra text.
5,12,Compare two different items,Develop an optimized class-based solution in Python where the `__eq__` method is overridden to perform deep comparison between two custom objects of different types. Ensure thread safety for concurrent access and include comprehensive docstrings explaining the logic.
5,13,Compare two different items,"Create a production-ready utility function that compares two CSV files line by line using Python's `csv` module, handling encoding issues gracefully. The script should return a list of differing rows with their indices and ensure it is fully type-hinted for IDE support."
5,14,Compare two different items,"Generate an advanced comparison engine in Python that evaluates two complex nested dictionaries by recursively traversing all levels to find structural mismatches. Prioritize code readability, use `typing` module annotations strictly, and ensure the solution is scalable for large datasets."
6,0,Check if a value is greater,"Implement a robust and reusable Python class method to check if one numeric value is strictly greater than another, handling both integer and float inputs while raising appropriate exceptions for non-numeric types."
6,1,Check if a value is greater,"Write an optimized inline function in Python that compares two values using the 'greater-than' operator, ensuring it correctly handles NaN comparisons according to IEEE 754 standards without floating point errors."
6,2,Check if a value is greater,"Create a high-performance utility module containing multiple comparison functions for checking if value A is greater than B across various data types including integers, floats, and strings based on lexicographical ordering."
6,3,Check if a value is greater,"Develop a production-ready Python script that safely compares two arbitrary objects using their string representations to determine which one is 'greater', with comprehensive input validation and error logging."
6,4,Check if a value is greater,"Generate efficient type-annotated code for a function that checks if the first argument is strictly greater than the second, utilizing duck typing principles while maintaining strict type hints for performance-critical applications."
6,5,Check if a value is greater,Construct a modular Python solution with docstrings and unit test examples demonstrating how to compare two values where 'greater' logic must account for null/None inputs by treating them as less than any valid number or string.
6,6,Check if a value is greater,Write concise yet readable Python code using the walrus operator if necessary within a conditional block that evaluates whether variable x is greater than y while optimizing memory usage in large datasets.
6,7,Check if a value is greater,"Provide an advanced comparison engine implementation capable of checking magnitude differences between numbers and length comparisons for strings, unified under a single 'is_greater' interface with configurable behavior flags."
6,8,Check if a value is greater,"Design a thread-safe Python helper function to evaluate if value1 exceeds value2 in a concurrent environment, ensuring atomic operations during comparison logic without external synchronization locks unless required by context."
6,9,Check if a value is greater,Deliver a best-practice library component for conditional branching based on 'greater than' checks that supports operator overloading customization and integrates seamlessly with NumPy arrays for vectorized comparisons.
6,10,Check if a value is greater,Implement a robust and reusable Python class named ValueComparator with methods to check if one value is strictly greater than another using type safety. Ensure the code follows PEP 8 standards.
6,11,Check if a value is greater,"Write an optimized pure Python function that takes two arguments (a and b) and returns a boolean indicating whether 'a' is numerically greater than 'b', handling mixed numeric types safely. Adhere to best practices for input validation."
6,12,Check if a value is greater,Develop a high-performance utility module containing two functions: one using the built-in comparison operators and another implementing custom logic via subtraction or multiplication (for positive integers only). Ensure both are type-annotated and include comprehensive docstrings.
6,13,Check if a value is greater,Create a production-ready Python script that defines a generic comparator object capable of evaluating 'greater than' conditions across various data types with automatic error handling. The code must utilize modern type hints and follow all coding standards.
6,14,Check if a value is greater,Generate an efficient algorithm in Python using the `operator.gt` function alongside a custom fallback mechanism for non-numeric inputs that raises specific exceptions rather than returning default values. Ensure maximum readability and performance optimization.
7,0,Evaluate simple true false,Implement a robust and efficient Python script to evaluate simple true false expressions with comprehensive error handling for invalid inputs.
7,1,Evaluate simple true false,"Write an optimized Python function that parses boolean literals ('true', 'false') using the `bool()` constructor while adhering strictly to PEP 8 coding standards."
7,2,Evaluate simple true false,Create a production-ready Python module containing multiple functions for evaluating various forms of simple true false statements including string and variable comparisons.
7,3,Evaluate simple true false,Develop a high-performance Python utility class designed to validate boolean values against specific edge cases with detailed logging capabilities.
7,4,Evaluate simple true false,Construct an advanced Python script capable of evaluating complex nested true false logic while maintaining maximum code readability and type safety.
7,5,Evaluate simple true false,Write a concise yet comprehensive Python function that converts mixed-case boolean strings to their native types with input sanitization features.
7,6,Evaluate simple true false,Implement a scalable Python solution for evaluating true false conditions using dataclasses and proper exception propagation strategies.
7,7,Evaluate simple true false,Generate an optimized Python code snippet that evaluates boolean expressions with support for dictionary mapping without compromising execution speed or memory usage.
7,8,Evaluate simple true false,Develop a professional-grade Python toolset including unit tests to ensure accurate evaluation of simple true false statements across diverse input scenarios.
7,9,Evaluate simple true false,Write a modular and maintainable Python library that provides multiple methods for boolean conversion with explicit type hints and docstrings following best practices.
7,10,Evaluate simple true false,Implement an efficient and robust Python script to evaluate simple true/false logical expressions by parsing user input strings into valid binary operators and operands.
7,11,Evaluate simple true false,Write a high-quality Python function that takes a string containing one or more boolean values separated by spaces and returns their evaluated results using the best practices for error handling and type conversion.
7,12,Evaluate simple true false,"Code an optimized Python solution to parse simple logical statements such as 'A and B' or 'not C', ensuring strict validation of token types according to PEP 8 standards."
7,13,Evaluate simple true false,Develop a professional-grade Python utility that safely evaluates boolean expressions provided via command-line arguments with comprehensive input sanitization features.
7,14,Evaluate simple true false,Create an elegant and performant Python class designed to handle the evaluation of complex but simple logical conditions while maintaining optimal memory efficiency.
8,0,Handle if a statement is met,Implement an efficient state machine class in Python where conditions are checked and specific actions are executed only when a defined condition is met using clear if-elif-else blocks.
8,1,Handle if a statement is met,Write a production-grade data processing script that applies conditional logic to filter records based on multiple criteria and transforms them accordingly with proper error handling.
8,2,Handle if a statement is met,Create an optimized utility module in Python featuring reusable functions that execute distinct operations when specific validation thresholds are met using concise decision structures.
8,3,Handle if a statement is met,Develop a robust API response handler that formats different HTTP status codes based on input constraints being satisfied or violated without unnecessary computation overhead.
8,4,Handle if a statement is met,Draft a high-performance background worker script in Python that monitors system resources and triggers cleanup routines only when resource usage exceeds predefined limits.
8,5,Handle if a statement is met,Code an advanced logging configuration utility that routes messages to specific handlers depending on severity levels being met while maintaining thread safety and readability.
8,6,Handle if a statement is met,Construct a financial analysis tool in Python that automatically classifies transaction types based on monetary value ranges and categorization rules with full audit trail capability.
8,7,Handle if a statement is met,Build an image processing pipeline script that adjusts brightness or contrast parameters exclusively when pixel intensity distributions meet specific statistical conditions.
8,8,Handle if a statement is met,Write a secure authentication service module in Python that enforces password complexity rules and blocks login attempts only after consecutive failure thresholds are met using atomic checks.
8,9,Handle if a statement is met,Develop an e-commerce inventory system component in Python that automatically reorders stock items when current levels fall below safety calculated dynamically based on sales velocity metrics.
8,10,Handle if a statement is met,"Implement an efficient and robust Python script using conditional statements to handle different scenarios based on user input, ensuring all edge cases are covered with clear error handling."
8,11,Handle if a statement is met,"Write a production-ready Python function that evaluates multiple conditions in sequence and executes the appropriate block of code when any specific statement is met, following PEP 8 guidelines for readability and maintainability."
8,12,Handle if a statement is met,"Generate optimized Python code with comprehensive if-else logic to manage complex state transitions, including input validation and graceful degradation when expected conditions are not met."
8,13,Handle if a statement is met,"Create a high-performance Python module that processes data streams by checking specific criteria within each iteration and triggering corresponding actions only when the required statement is satisfied, adhering to best practices for memory management and speed."
8,14,Handle if a statement is met,"Develop a clean and scalable Python solution using nested conditional structures to handle hierarchical decision-making logic, ensuring that every possible outcome is accounted for with detailed logging capabilities."
9,0,Make a decision with rules,"Create a robust and production-ready Python class named 'RuleBasedEngine' that evaluates user-defined rules against input data to generate decisions, ensuring all logic is type-safe and includes comprehensive error handling."
9,1,Make a decision with rules,Implement an optimized decision-making algorithm in Python using pure functional programming principles that processes a list of transactions according to configurable priority rules without side effects or mutable global state.
9,2,Make a decision with rules,Develop a high-performance Python module utilizing the 'dataclasses' library and context managers to manage complex business logic flows where multiple conditional branches determine final outcomes based on strict input validation rules.
9,3,Make a decision with rules,Write type-annotated best-practice code for an automated workflow engine that dynamically loads configuration files as rule sets and executes them sequentially with logging capabilities at every decision point.
9,4,Make a decision with rules,"Construct a scalable Python framework using dependency injection to build custom evaluators where rules are defined through decorators or functions injected into the system, maximizing code reusability and testability."
9,5,Make a decision with rules,Generate concise yet efficient Python code that implements a rule-based filtering pipeline capable of handling millions of records per second by utilizing vectorized operations from numpy where applicable alongside explicit logic gates.
9,6,Make a decision with rules,Produce advanced Python scripts using data validation libraries and assert statements to enforce integrity constraints on input parameters before any decision is made within a centralized rule processor architecture.
9,7,Make a decision with rules,"Code an extensible Python system where complex if-else chains are abstracted into modular strategy patterns, allowing developers to swap decision logic without modifying the core evaluation engine structure."
9,8,Make a decision with rules,Design a fault-tolerant Python application using try-except blocks and circuit breaker patterns that applies conditional rules to external API responses while ensuring data consistency in multi-threaded environments.
9,9,Make a decision with rules,Develop an elegant solution in Python utilizing operator overloading or specialized custom classes to implement a finite state machine driven by predefined rule sets for automated system control and event processing.
9,10,Make a decision with rules,"Implement a robust decision-making engine in Python using rule-based logic to classify input data based on multiple conditional criteria, ensuring full adherence to PEP 8 and optimal performance."
9,11,Make a decision with rules,"Write an efficient script that evaluates user inputs against a predefined set of business rules and outputs the corresponding action taken, utilizing best practices for code maintainability and error handling."
9,12,Make a decision with rules,"Develop a high-performance Python module containing functions to parse complex rule sets and execute them sequentially or concurrently depending on dependency requirements, following strict coding standards."
9,13,Make a decision with rules,Create an optimized decision framework in Python that dynamically loads rules from external configuration files while maintaining type safety and comprehensive logging for debugging purposes.
9,14,Make a decision with rules,"Generate a production-ready Python application using the rule-based approach to automate workflow routing based on input parameters, ensuring maximum efficiency and clean architecture."
10,0,Sort based on a condition,Implement a robust and efficient Python script to sort a list in-place based on whether each element is even or odd using conditional logic.
10,1,Sort based on a condition,Write professional-grade Python code that filters and sorts a dictionary by checking if the associated values are greater than zero.
10,2,Sort based on a condition,Create an optimized Python function to sort a list of strings based on whether they start with uppercase letters or lowercase letters.
10,3,Sort based on a condition,Develop a high-performance sorting algorithm in Python that reorders numbers based on the condition that positive integers come before negative ones.
10,4,Sort based on a condition,Generate complete and clean Python code to sort a list of tuples where each tuple is sorted by its first element if it exists or second otherwise using conditional checks.
10,5,Sort based on a condition,Write production-ready Python logic to reorder items in a list based on the condition that elements divisible by three appear before others.
10,6,Sort based on a condition,Implement an efficient sorting mechanism for a mixed data type list using conditional expressions to handle specific value types correctly.
10,7,Sort based on a condition,Construct a Python function with strict error handling that sorts input based on the condition of string length exceeding ten characters.
10,8,Sort based on a condition,Produce optimized Python code for sorting user data records where the sort key is derived from a conditional check on age and status fields.
10,9,Sort based on a condition,Write advanced Python scripting to sort complex nested structures based on deep conditional evaluations of leaf node values.
10,10,Sort based on a condition,Implement an efficient and robust Python script using list comprehension or filter to sort a mixed data type list based on numeric values extracted from strings. Ensure the code handles edge cases like non-numeric elements gracefully by raising appropriate errors.
10,11,Sort based on a condition,Write a high-performance sorting function in Python that takes an unsorted dictionary and reorders its key-value pairs based on the length of their values. Optimize for large datasets using efficient algorithms like Timsort.
10,12,Sort based on a condition,"Create a production-ready utility class method that sorts a list of user objects by multiple criteria (e.g., age descending and name ascending) while maintaining type safety and adhering to PEP 8 guidelines for readability and maintainability."
10,13,Sort based on a condition,Develop an optimized Python generator function that yields sorted items from a stream of incoming data based on a custom condition lambda. Ensure the solution is memory-efficient suitable for processing massive datasets without loading everything into RAM at once.
10,14,Sort based on a condition,Construct a comprehensive sorting module in Python that includes both ascending and descending sort options with support for key functions and reverse flags. The code must include unit test cases to verify correctness across various input scenarios including empty lists and duplicates.
11,0,Check for equal values only,Implement an efficient algorithm in Python that checks if all elements within every sublist of a list are equal to each other.
11,1,Check for equal values only,Write a production-ready function that iterates through user-provided data rows and validates equality among column values using best-practice patterns.
11,2,Check for equal values only,Create an optimized Python script that filters out groups containing any variation in numeric values from the input dataset.
11,3,Check for equal values only,Develop a high-performance utility function to compare elements within fixed-size tuples and return only those where all components match exactly.
11,4,Check for equal values only,Construct a robust data processing pipeline in Python that detects uniform values across dataset rows while handling edge cases like empty lists.
11,5,Check for equal values only,Write a clean and scalable solution to identify matrices where every row contains identical elements without using unnecessary loops or imports.
11,6,Check for equal values only,Implement an inline check mechanism for list integrity that confirms the presence of equal values across all positions in each sub-sequence.
11,7,Check for equal values only,Draft a production-grade Python module function to analyze mixed-type collections and report only sequences with complete value homogeneity.
11,8,Check for equal values only,Generate an algorithmic approach using set operations or comparison logic to verify element equality constraints within nested list structures.
11,9,Check for equal values only,Build a modular Python utility that processes input arrays and outputs flags indicating whether each array segment consists of equal values exclusively.
11,10,Check for equal values only,Implement an efficient and robust Python script that checks for equal values within a list using minimal memory overhead while adhering to strict type safety guidelines.
11,11,Check for equal values only,Write professional-grade Python code with high performance optimization that identifies all instances of duplicate or identical elements in an input collection without modifying the original data structure.
11,12,Check for equal values only,"Create a fully optimized function to compare values for equality across heterogeneous types, ensuring thread safety and comprehensive error handling according to best practices."
11,13,Check for equal values only,Develop a scalable Python solution that performs deep value comparison on nested structures while maintaining O(n) time complexity and following modern coding standards.
11,14,Check for equal values only,Generate concise and secure Python code capable of detecting equal values in large datasets with minimal computational overhead and maximum readability.
12,0,Determine if something is odd,Implement a robust Python script to determine if an integer is odd using bitwise operations for maximum performance efficiency.
12,1,Determine if something is odd,Write a high-quality Python function that checks the parity of any input type (int or float) and returns True only for positive integers with no fractional part where n % 2 != 0.
12,2,Determine if something is odd,"Create an optimized Python utility class method to validate oddness across a list of numbers, ensuring edge cases like None, booleans, and negatives are handled gracefully."
12,3,Determine if something is odd,Develop a production-ready Python module containing a type-annotated function that determines if a value is strictly an odd integer using the modulo operator.
12,4,Determine if something is odd,Generate efficient Python code to check for odd numbers in a generator expression context without loading all elements into memory at once.
12,5,Determine if something is odd,Write clean and maintainable Python code that identifies odd integers by leveraging the built-in `isinstance` check combined with bitwise AND logic.
12,6,Determine if something is odd,"Construct a comprehensive Python solution to determine if something is odd, including input validation for non-numeric types and error handling via exceptions."
12,7,Determine if something is odd,Produce a concise and fast Python function that returns the boolean result of `n % 2` being true/false for integer inputs only.
12,8,Determine if something is odd,Design an advanced Python script to analyze oddness properties in large datasets using NumPy vectorization where applicable or pure Python fallbacks.
12,9,Determine if something is odd,Implement a best-practice Python function with docstrings and type hints that correctly evaluates the parity of inputs while adhering to strict input constraints.
12,10,Determine if something is odd,Implement a robust and efficient Python script to determine if an integer is odd or even using bitwise operations for maximum performance.
12,11,Determine if something is odd,Write a production-ready function that checks the parity of any input value (integers only) with comprehensive error handling and clear documentation following PEP 8 standards.
12,12,Determine if something is odd,"Create an optimized Python utility module containing multiple methods to detect odd numbers, including a pure arithmetic approach and a bitwise trick, ensuring code clarity and correctness."
12,13,Determine if something is odd,"Develop a high-performance Python function that returns true if the input is odd and false otherwise, utilizing type hinting for static analysis compatibility."
12,14,Determine if something is odd,Generate a complete Python solution to identify odd numbers from a list of inputs using generator expressions for memory efficiency while maintaining readability.
13,0,Find maximum value in list,Implement a robust and efficient Python script using list comprehensions to find the maximum value in an input list with validation for empty lists.
13,1,Find maximum value in list,"Write professional-grade Python code that accepts a list as argument and returns its maximum element without using built-in max() function explicitly, ensuring O(n) time complexity."
13,2,Find maximum value in list,"Create an optimized pure Python solution to determine the largest number in a provided array, including error handling for non-numeric elements or empty inputs."
13,3,Find maximum value in list,Generate a clean and maintainable Python function that iterates through a list of numbers to identify the maximum value following PEP 8 style guidelines.
13,4,Find maximum value in list,Develop a high-performance Python utility using generator expressions within a single expression statement to calculate and return the supremum of an iterable collection.
13,5,Find maximum value in list,Write a defensive programming approach in Python that safely computes the maximum value from any list type while handling potential edge cases like empty sequences or mixed types.
13,6,Find maximum value in list,Produce an idiomatic and concise Python one-liner function using built-in tools to extract the greatest element from a given collection of comparable items.
13,7,Find maximum value in list,"Construct a modular Python module with type hints that provides a dedicated method for finding maximum values in lists, ensuring strict input validation and performance optimization."
13,8,Find maximum value in list,Draft an advanced algorithmic implementation in Python to track the running maximum value through a list iteration while maintaining memory efficiency.
13,9,Find maximum value in list,"Output complete, production-ready Python code that utilizes operator module or functional programming techniques to efficiently resolve the peak value of any numerical dataset provided as input."
13,10,Find maximum value in list,Implement a robust and efficient Python script to find the maximum value in an input list using built-in functions or optimized algorithms. Ensure the code handles edge cases like empty lists gracefully.
13,11,Find maximum value in list,Write professional-grade Python code that takes a list of numbers as input and returns the single largest element with minimal computational overhead and maximum readability.
13,12,Find maximum value in list,"Create an optimized function in Python to determine the maximum value within any provided iterable. The solution must include type hints, comprehensive error handling for non-numeric inputs or empty sequences, and adhere strictly to PEP 8 guidelines."
13,13,Find maximum value in list,Develop a high-performance Python utility function designed specifically for extracting the maximum value from a list. Include docstrings explaining time complexity and ensure the implementation uses standard library best practices without external dependencies.
13,14,Find maximum value in list,"Generate complete, production-ready Python code to calculate the greatest number in an array. The solution should demonstrate clean separation of concerns, utilize `max()` efficiently where appropriate, and include a comprehensive test suite with at least five distinct scenarios."
14,0,Remove duplicate items from array,Implement a robust and efficient Python script to remove duplicate items from an array using set operations while preserving original order where possible.
14,1,Remove duplicate items from array,Write professional-grade Python code that filters out unique elements from a list by leveraging dictionary keys for O(1) lookup performance.
14,2,Remove duplicate items from array,Create an optimized function in Python to deduplicate array items without modifying the input data structure and return only distinct values sorted alphabetically.
14,3,Remove duplicate items from array,Develop a high-performance Python utility that removes duplicate entries from a list using itertools.groupby for handling non-hashable objects if necessary.
14,4,Remove duplicate items from array,Generate clean and maintainable Python code to eliminate redundant items in an array while adhering strictly to PEP 8 guidelines and type hinting standards.
14,5,Remove duplicate items from array,Construct a comprehensive Python solution that identifies and removes duplicate elements from any iterable input with minimal memory overhead.
14,6,Remove duplicate items from array,Produce an advanced Python implementation using NumPy arrays to remove duplicate values efficiently for large-scale data processing tasks.
14,7,Remove duplicate items from array,Write a secure and scalable Python function that deduplicates array items by tracking seen elements in a set during iteration.
14,8,Remove duplicate items from array,Design an elegant Python script to handle duplicate removal from mixed-type arrays ensuring type safety and optimal execution speed.
14,9,Remove duplicate items from array,Implement the most performant algorithmic approach in Python for removing duplicates from a list without using external libraries beyond standard collections module.
14,10,Remove duplicate items from array,Implement an efficient and robust method to remove duplicate items from a list in Python using set operations while preserving order where applicable. Ensure the solution handles mixed types gracefully and follows PEP 8 standards.
14,11,Remove duplicate items from array,Write a complete Python script that removes all duplicate elements from an input array with O(n) time complexity using dictionary lookups to maintain insertion order compatibility. The code must be fully documented and include error handling for non-list inputs.
14,12,Remove duplicate items from array,Develop a high-performance Python utility function that filters out duplicate values from an iterable data structure without modifying the original input in place. Optimize memory usage and ensure compatibility with both standard lists and generators as per best practices.
14,13,Remove duplicate items from array,"Create a production-ready code module for deduplicating arrays that leverages hash maps internally to achieve optimal time complexity. Include comprehensive input validation, docstrings describing edge cases like unhashable items, and type hinting throughout."
14,14,Remove duplicate items from array,"Generate the most concise yet readable Python code for removing duplicate objects from a given list by converting to a set or using dict.fromkeys(), ensuring full backward compatibility with Python versions up to 3.12 and adhering to strict coding conventions."
15,0,Sort numbers using built-in tools,"Implement a robust and efficient Python script using built-in tools to sort a list of mixed-type numbers in ascending order, ensuring type safety and handling edge cases like empty lists or non-numeric elements."
15,1,Sort numbers using built-in tools,Write a production-ready function that utilizes the `sorted()` builtin with custom key extraction logic to organize numerical data from complex nested structures without external dependencies.
15,2,Sort numbers using built-in tools,"Create an optimized Python utility class method that leverages built-in sorting algorithms for large datasets of integers and floats, focusing on memory efficiency and performance metrics."
15,3,Sort numbers using built-in tools,Develop a high-performance script using the `operator.itemgetter` or similar built-ins to sort tuples containing multiple numeric fields based on specific criteria defined by configuration parameters.
15,4,Sort numbers using built-in tools,"Generate a clean and maintainable Python module that provides a factory function for sorting lists of numbers with configurable stability options, adhering strictly to PEP 8 guidelines."
15,5,Sort numbers using built-in tools,Construct an advanced data processing pipeline component in Python using built-in sort mechanisms to handle streaming numeric inputs efficiently without loading the entire dataset into memory at once.
15,6,Sort numbers using built-in tools,"Write a comprehensive test suite alongside the sorting logic that validates correctness for various input scenarios including negative numbers, zeros, and duplicates while relying solely on standard library features."
15,7,Sort numbers using built-in tools,"Design an asynchronous Python function using `asyncio` built-ins to sort collections of numeric values concurrently across multiple tasks, maximizing throughput in I/O-bound environments."
15,8,Sort numbers using built-in tools,Produce a concise and readable one-liner solution for sorting a list of numbers that can be easily integrated into larger data transformation pipelines using Python's functional programming capabilities.
15,9,Sort numbers using built-in tools,Develop a secure and validated input handler in Python that uses built-in sorting tools to process user-provided numeric strings after rigorous type coercion and error handling protocols.
15,10,Sort numbers using built-in tools,"Implement a robust and efficient Python script using built-in tools to sort an arbitrary list of numbers in ascending order, ensuring strict adherence to PEP 8 coding standards."
15,11,Sort numbers using built-in tools,Write optimized Python code that utilizes the standard library's sorting capabilities to arrange a mixed-type numeric sequence while handling edge cases like empty lists or single elements gracefully.
15,12,Sort numbers using built-in tools,"Create a high-performance Python function using built-in sort mechanisms to order numerical data structures, prioritizing time complexity and memory efficiency in production-grade code."
15,13,Sort numbers using built-in tools,"Develop professional Python logic that leverages native sorting algorithms to process large datasets of integers or floats without external dependencies, following best practices for readability and maintainability."
15,14,Sort numbers using built-in tools,"Generate a complete Python solution using built-in tools to sort numeric inputs in ascending order, ensuring the code is type-annotated, well-documented, and optimized for scalability."
16,0,Count total elements inside list,"Implement a robust and efficient Python script to count the total number of elements in any given list, ensuring it handles nested structures correctly using recursion."
16,1,Count total elements inside list,Write optimized Python code that counts all top-level items inside an input list with O(n) time complexity and includes comprehensive error handling for invalid inputs.
16,2,Count total elements inside list,"Create a professional-grade Python function to calculate the element count of a list using built-in methods like len(), following PEP 8 guidelines strictly."
16,3,Count total elements inside list,Develop an advanced Python utility that recursively traverses and counts every atomic value within complex nested lists while maintaining memory efficiency.
16,4,Count total elements inside list,"Generate high-performance Python code to determine the total count of elements in a list, optimized for large datasets without unnecessary object creation or overhead."
16,5,Count total elements inside list,"Construct a clean and maintainable Python module that provides a method to enumerate all items inside a provided container, validating input types explicitly."
16,6,Count total elements inside list,"Write production-ready Python code to count list elements with support for both flat and nested data structures, utilizing type hints and docstrings for clarity."
16,7,Count total elements inside list,Implement a best-practice Python solution that safely counts total items in an input list using generator expressions where applicable to handle streaming or large inputs efficiently.
16,8,Count total elements inside list,"Produce concise and optimized Python code capable of counting every element inside a variable-length list, including edge cases like empty lists or mixed data types."
16,9,Count total elements inside list,"Design an enterprise-level Python script to recursively count all leaf nodes within nested list structures, ensuring thread safety and high scalability for concurrent usage."
16,10,Count total elements inside list,Implement an efficient and robust Python script to count the total number of elements in a list using standard library features only.
16,11,Count total elements inside list,Write optimized professional-grade code that accepts any iterable as input and returns its length without modifying the original data structure.
16,12,Count total elements inside list,Create a high-performance Python function to calculate list element count using built-in methods while ensuring strict type safety and error handling for non-list inputs.
16,13,Count total elements inside list,"Develop a clean and scalable Python solution that counts items in a collection with O(1) time complexity where possible, adhering to PEP 8 guidelines."
16,14,Count total elements inside list,Generate production-ready Python code for determining the size of a list using the most idiomatic and performant approach available in modern Python versions.
17,0,Check if item exists within data,Implement an efficient algorithm in Python to check if a specific item exists within a list or dictionary using O(n) optimization where applicable and ensure strict type safety.
17,1,Check if item exists within data,"Write a production-ready script that validates the presence of multiple items across different data structures (list, set, dict keys) with comprehensive error handling for edge cases like None values."
17,2,Check if item exists within data,Create a high-performance utility function using Python's built-in methods to determine item existence in large datasets without unnecessary memory overhead or redundant iterations.
17,3,Check if item exists within data,Develop a modular code block that checks for item presence within nested dictionary structures and provides detailed logging when the target element is found or missing.
17,4,Check if item exists within data,Generate an optimized Python solution to search for items in both mutable sequences like lists and immutable ones like tuples using appropriate data structure selection logic.
17,5,Check if item exists within data,Write a comprehensive function that checks item existence within JSON-serializable objects while adhering to best practices for code maintainability and performance profiling.
17,6,Check if item exists within data,Implement a robust search mechanism in Python capable of handling complex composite keys within dictionaries and checking membership against multiple criteria simultaneously.
17,7,Check if item exists within data,"Construct an efficient Python utility that validates item presence across heterogeneous data types including sets, lists, tuples, and frozensets with maximum speed optimization."
17,8,Check if item exists within data,Develop a professional-grade code snippet to check if an object exists within generic collections using type hints for better IDE support and runtime error prevention.
17,9,Check if item exists within data,Write a highly optimized Python function designed for bulk data processing tasks that efficiently determines item existence while minimizing memory footprint and execution time.
17,10,Check if item exists within data,Implement an efficient and robust Python script to check if a specific item exists within a list or dictionary using best practices for performance and readability.
17,11,Check if item exists within data,"Write optimized Python code that accepts any iterable data structure (list, tuple, set) as input and returns the presence of a target item with clear error handling."
17,12,Check if item exists within data,Create a high-quality Python function to verify element existence in large datasets using appropriate time complexity strategies while adhering to PEP 8 guidelines.
17,13,Check if item exists within data,Develop a production-ready Python utility that checks for item presence across multiple data types with type inference and comprehensive logging capabilities.
17,14,Check if item exists within data,"Generate concise yet professional Python code to determine if an object is contained within provided collections, ensuring maximum execution speed and minimal memory overhead."
18,0,Reverse order of given sequence,"Implement a robust and efficient Python script to reverse any given sequence (list, tuple, or string) using built-in methods while ensuring type safety."
18,1,Reverse order of given sequence,Write an optimized high-performance function in Python that reverses the order of elements in a provided iterable without modifying the original input data structure.
18,2,Reverse order of given sequence,"Create a professional-grade Python utility class with static methods to reverse sequences of various types including lists, tuples, sets, and strings with comprehensive error handling."
18,3,Reverse order of given sequence,Develop a memory-efficient recursive or iterative solution in Python that reverses the order of elements in a sequence while adhering strictly to PEP 8 coding standards.
18,4,Reverse order of given sequence,Generate an advanced Python script capable of reversing complex nested sequences and handling edge cases such as empty inputs or non-iterable arguments gracefully.
18,5,Reverse order of given sequence,Produce a concise yet highly readable Python function that reverses the order of items in any sequence using slicing syntax optimized for performance.
18,6,Reverse order of given sequence,Write a production-ready Python module containing multiple functions to reverse sequences based on different input types with detailed docstrings and type hints.
18,7,Reverse order of given sequence,Implement an algorithmic solution in Python that reverses the order of elements in a sequence using deque for maximum throughput in high-volume data processing scenarios.
18,8,Reverse order of given sequence,Construct a secure and scalable Python tool to reverse sequences with input validation against common security vulnerabilities like injection attacks or malformed inputs.
18,9,Reverse order of given sequence,Develop a comprehensive test suite alongside the main code in Python that validates the correctness of sequence reversal logic across diverse data structures and edge cases.
18,10,Reverse order of given sequence,Implement an efficient and robust Python script that takes a sequence as input and returns it in reverse order using slicing syntax.
18,11,Reverse order of given sequence,"Write optimized Python code to reverse any given iterable (list, tuple, string) without modifying the original data structure if possible."
18,12,Reverse order of given sequence,"Create a professional-grade Python utility function that reverses elements in a provided sequence with time complexity O(n), ensuring it handles nested structures gracefully."
18,13,Reverse order of given sequence,Develop high-performance Python code to reverse the order of items in an input array using built-in methods while adhering to strict performance benchmarks.
18,14,Reverse order of given sequence,"Provide a clean and maintainable Python solution that reverses a given sequence regardless of its type (list or string), including edge cases like empty inputs."
19,0,Create new copy without original,Create a production-ready Python script using only built-in libraries to generate synthetic data and perform statistical analysis without referencing any external datasets or original files.
19,1,Create new copy without original,Implement an optimized pure Python function that processes large arrays of integers for sorting and filtering while strictly adhering to PEP 8 coding standards and memory efficiency guidelines.
19,2,Create new copy without original,Write a comprehensive Python module that includes unit tests using the pytest framework to validate logic generated from scratch without any pre-existing codebase or original examples.
19,3,Create new copy without original,Develop a high-performance data transformation pipeline in Python capable of handling CSV input and JSON output structures entirely through algorithmic generation rather than reading external sources.
19,4,Create new copy without original,Construct an object-oriented design pattern for managing user authentication tokens using only standard library modules to ensure maximum security and code clarity without legacy dependencies.
19,5,Create new copy without original,Generate a fully functional asynchronous Python application utilizing asyncio that simulates concurrent network requests with mock servers to demonstrate best practices in error handling.
19,6,Create new copy without original,Code an efficient text processing engine using regular expressions and string manipulation techniques optimized for readability and speed without importing any third-party NLP libraries.
19,7,Create new copy without original,Build a robust configuration management system in Python that dynamically loads settings from multiple sources with validation logic implemented entirely within the script itself.
19,8,Create new copy without original,Create an automated report generator using pandas and matplotlib to visualize generated datasets while ensuring all code is self-contained and follows industry best practices for data visualization.
19,9,Create new copy without original,Write a secure password hashing utility in Python that utilizes the hashlib library with appropriate algorithms to meet modern security standards without relying on any external cryptography packages.
19,10,Create new copy without original,Implement a production-grade Python script using type hinting and error handling to process large datasets efficiently while adhering to strict performance benchmarks.
19,11,Create new copy without original,Develop a modular and reusable Python library with comprehensive unit tests that demonstrates asynchronous data processing capabilities for high-throughput applications.
19,12,Create new copy without original,"Construct an optimized algorithm in pure Python to solve complex computational problems, ensuring the solution is scalable, thread-safe, and follows established design patterns."
19,13,Create new copy without original,"Write a comprehensive data analysis pipeline using pandas and numpy that includes input validation, intermediate caching strategies, and clear logging for debugging purposes."
19,14,Create new copy without original,"Create an advanced web scraper framework in Python featuring dynamic rendering support, robust anti-bot detection evasion mechanisms, and structured output formatting."
20,0,Filter out negative values only,Implement an efficient and robust Python script that filters out all negative values from a given list while preserving order and handling edge cases like empty input or non-numeric data gracefully.
20,1,Filter out negative values only,"Write optimized Python code using list comprehension to remove only the negative numbers from an iterable of integers, ensuring maximum performance for large datasets."
20,2,Filter out negative values only,"Create a professional-grade function in Python that accepts any sequence and returns a new sequence containing exclusively non-negative values, with comprehensive error handling for invalid types."
20,3,Filter out negative values only,"Develop a high-performance Python utility to filter negative integers from an input list using the built-in `filter` mechanism or equivalent modern syntax, adhering strictly to PEP 8 guidelines."
20,4,Filter out negative values only,"Generate complete and production-ready Python code that iterates through a collection of numbers and constructs a result set excluding any value less than zero, including type hints and docstrings."
20,5,Filter out negative values only,"Write concise yet readable Python logic to extract non-negative elements from an input list, ensuring the solution is scalable and handles mixed-type lists by skipping invalid entries without raising exceptions."
20,6,Filter out negative values only,Implement a best-practice Python function that filters out negative values using generator expressions for memory efficiency when processing large streams of data.
20,7,Filter out negative values only,"Produce optimized Python code capable of filtering negative numbers from an array or list, featuring input validation and clear separation between logic and utility functions."
20,8,Filter out negative values only,"Construct a clean and maintainable Python script that removes all entries less than zero from the provided data structure, utilizing type annotations for clarity and performance optimization techniques."
20,9,Filter out negative values only,Develop an advanced Python solution to filter out negative values with support for custom comparison logic while maintaining O(n) time complexity and adhering to modern Pythonic conventions.
20,10,Filter out negative values only,Implement a robust and efficient Python script using list comprehension to filter out all negative values from an integer input array.
20,11,Filter out negative values only,Write optimized Python code that filters only the positive numbers from a given collection while handling empty inputs gracefully.
20,12,Filter out negative values only,"Create a best-practice function in Python to remove every negative value from an input list, ensuring type safety and performance."
20,13,Filter out negative values only,Develop a high-performance data processing tool using the filter builtin or generator expression that excludes non-positive values from any iterable sequence.
20,14,Filter out negative values only,Generate clean Python code adhering to PEP 8 guidelines that isolates and returns only the elements greater than zero from an input list.
21,0,Append extra element to end,Implement an efficient and robust Python script that appends a specified element to the end of any given list or tuple using only built-in methods. Ensure strict type safety in input validation.
21,1,Append extra element to end,"Write a high-performance function in Python that takes an immutable sequence as input, modifies it by appending one item at its tail, and returns the new object while minimizing memory overhead."
21,2,Append extra element to end,Create a production-ready utility class method designed to safely append arbitrary data types to container ends without raising exceptions for unsupported operations. Prioritize code readability and maintainability.
21,3,Append extra element to end,"Develop an optimized Python generator function that yields elements appended sequentially to the end of internal storage structures, ensuring thread-safe access patterns are avoided unless explicitly required by context."
21,4,Append extra element to end,Write a concise and idiomatic Python one-liner implementation capable of appending multiple distinct elements to the tail of an existing collection in a single operation. Validate input types rigorously before execution.
21,5,Append extra element to end,"Construct a modular function that accepts variable arguments for element insertion at the end of containers, utilizing *args and **kwargs effectively while adhering to Python best practices for error handling."
21,6,Append extra element to end,Design an advanced wrapper decorator in Python that intercepts list operations and automatically appends a default sentinel value if no explicit argument is provided during the append cycle. Ensure compatibility with both mutable and immutable types where applicable.
21,7,Append extra element to end,"Write a memory-efficient algorithm to concatenate new elements onto the end of large datasets in Python without creating unnecessary intermediate copies, focusing on performance under high data volume constraints."
21,8,Append extra element to end,"Implement a type-annotated function that appends heterogeneous data structures (e.g., nested lists or dictionaries) to the termination point of collections. Include comprehensive docstrings and inline comments explaining logic flow."
21,9,Append extra element to end,"Generate a secure Python module snippet that prevents buffer overflows when appending binary strings to byte arrays at their ends, ensuring all input sanitization steps are executed before modification occurs."
21,10,Append extra element to end,"Implement an efficient and readable Python script to append any valid extra element to a list at its end without modifying the original source data. Ensure the code is clean, follows PEP 8 guidelines, and handles both single elements and multiple arguments correctly."
21,11,Append extra element to end,"Write a production-ready Python function that safely appends an arbitrary additional element to the end of an existing list, guaranteeing zero runtime errors for non-mutatable input types. Use clear variable names and include inline documentation."
21,12,Append extra element to end,"Develop a highly optimized Python solution that dynamically adds elements to a data structure's termination point using the most appropriate method available (e.g., extended assignment), ensuring minimal overhead for high-frequency calls. The code must be fully type-hinted and include error handling."
21,13,Append extra element to end,Create a robust Python utility function that appends an extra element to the end of any iterable object while preserving its original state unless explicitly copied in place. The implementation should be thread-safe when used across multiple processes and adhere strictly to modern best practices.
21,14,Append extra element to end,"Generate a complete Python script that programmatically extends the end of a list by one or more elements with input validation, ensuring type safety and performance. The output must be clean, maintainable code optimized for readability and speed without unnecessary dependencies."
22,0,Delete specific character at index,Implement a robust and efficient Python script to delete a specific character at a given index from any string input while handling invalid indices gracefully using exception management.
22,1,Delete specific character at index,"Write an optimized function in Python that removes the character located at a specified zero-based index from a string, ensuring it returns a new string without modifying the original data structure."
22,2,Delete specific character at index,"Create a high-performance Python utility to delete a specific character by its integer index position, adhering strictly to PEP 8 coding standards and including comprehensive input validation logic."
22,3,Delete specific character at index,"Develop a clean and maintainable Python solution that deletes the character at a provided index from an input string, using slicing techniques for maximum readability and execution speed."
22,4,Delete specific character at index,"Generate professional-grade Python code to remove a specific character based on its index argument, ensuring edge cases such as negative indices or out-of-bounds values are handled with informative error messages."
22,5,Delete specific character at index,"Implement an efficient string manipulation function in Python that deletes the character at a given index, optimized for large datasets and following best practices for memory usage."
22,6,Delete specific character at index,"Write a concise yet comprehensive Python script to delete a specific character by its integer position from any input sequence of characters, with full support for both string and list inputs."
22,7,Delete specific character at index,Construct an advanced Python function that deletes the character at a specified index while maintaining type safety and providing detailed documentation on usage scenarios and error conditions.
22,8,Delete specific character at index,"Produce optimized Python code to delete a specific character at a given index from a string input, ensuring the solution is compatible with modern Python versions and includes unit test cases for verification."
22,9,Delete specific character at index,"Develop a production-ready Python module function that deletes a specific character by its index position, focusing on performance optimization through slicing operations and rigorous boundary checking."
22,10,Delete specific character at index,"Implement an efficient and robust Python function to delete a specific character at a given index from any input string, ensuring it handles invalid indices gracefully without raising errors."
22,11,Delete specific character at index,Write optimized code that removes the character located exactly at a specified integer index from an arbitrary iterable sequence using list comprehension or slicing for maximum performance.
22,12,Delete specific character at index,"Develop a professional Python utility function to remove a target element by its zero-based position in a string or list, adhering strictly to PEP 8 guidelines and including comprehensive error handling."
22,13,Delete specific character at index,"Create a high-performance script that deletes the character at a specific index from an input sequence, validating bounds automatically before execution to prevent runtime exceptions."
22,14,Delete specific character at index,"Generate best-practice Python code for extracting and removing a single element based on its positional index, ensuring compatibility with both strings and lists while maintaining readability and efficiency."
23,0,Store simple item names,Implement a robust and production-ready Python script that stores simple item names in an efficient data structure using best practices.
23,1,Store simple item names,Write optimized high-quality code to create a list-based storage system for managing basic product identifiers with validation logic.
23,2,Store simple item names,Develop a professional Python module that encapsulates item name management using the Singleton pattern and thread-safe access controls.
23,3,Store simple item names,Generate advanced Python code to initialize a dedicated class for storing simple string items with automatic normalization features.
23,4,Store simple item names,Create an efficient data structure implementation in Python that allows dynamic storage and retrieval of elementary item names following industry standards.
23,5,Store simple item names,Produce a clean and maintainable script to manage a collection of basic product titles with comprehensive error handling mechanisms.
23,6,Store simple item names,Construct an optimized Python solution for storing item names that supports type safety and includes unit tests as part of the best-practice implementation.
23,7,Store simple item names,Develop a high-performance data storage utility in Python specifically designed to hold simple textual identifiers with memory efficiency considerations.
23,8,Store simple item names,Write professional-grade code to define an abstract base class for item name management that ensures extensibility and strict typing compliance.
23,9,Store simple item names,Implement a complete Python application script that stores simple items using the dataclasses library with full serialization support for portability.
23,10,Store simple item names,"Implement a robust and efficient Python script using a dictionary to store simple item names with their quantities, ensuring all input validation is handled according to best practices."
23,11,Store simple item names,"Write a production-ready Python class that manages a collection of items by name, including methods for adding, retrieving, and updating entries while adhering to PEP 8 standards."
23,12,Store simple item names,"Create an optimized data structure in pure Python using dictionaries to store item names as keys with associated metadata values, focusing on performance and code clarity."
23,13,Store simple item names,"Develop a high-quality Python module that initializes and maintains a simple inventory of items by name, utilizing type hints for enhanced readability and error prevention."
23,14,Store simple item names,"Construct a scalable Python solution to store and manage item names in memory using appropriate data structures, ensuring the code is modular, well-documented, and follows industry standards."
24,0,Create a basic item list,"Write a robust script to create and display a basic item list using standard lists in Python, ensuring proper error handling for invalid inputs."
24,1,Create a basic item list,"Implement an optimized function that generates a dynamic product of items stored in a tuple, adhering strictly to PEP 8 coding standards and high performance requirements."
24,2,Create a basic item list,"Create a class-based solution for managing a collection of inventory items with methods for adding, removing, and searching elements efficiently."
24,3,Create a basic item list,Generate clean Python code that initializes an item list from user-defined parameters while validating data types to prevent runtime exceptions.
24,4,Create a basic item list,Develop a production-ready module for creating and manipulating basic item lists using the `dataclasses` library with full type hints included.
24,5,Create a basic item list,Write an efficient algorithmic approach to sort and filter items in a provided list within a single function block without external dependencies.
24,6,Create a basic item list,Construct a secure Python script that populates an item list from JSON input data with comprehensive validation logic for non-existent fields.
24,7,Create a basic item list,Design a high-performance generator function to yield items one by one from a large dataset stored in a dictionary structure.
24,8,Create a basic item list,Produce optimized Python code for converting various data formats into a unified item list object while maintaining backward compatibility with legacy scripts.
24,9,Create a basic item list,"Develop a comprehensive utility function to create and manage basic item lists using the `collections` module, ensuring thread-safe operations where applicable."
24,10,Create a basic item list,Implement a robust and production-ready Python script to generate an item list using best practices for data handling and error management.
24,11,Create a basic item list,"Write efficient, PEP 8 compliant Python code that creates a structured dictionary-based item list with validation logic."
24,12,Create a basic item list,Develop an optimized Python function to build and return a comprehensive item list adhering to modern coding standards and performance requirements.
24,13,Create a basic item list,Generate high-quality Python code that dynamically constructs an item list with type checking and clear documentation following industry best practices.
24,14,Create a basic item list,"Create a clean and maintainable Python script to produce an item list, ensuring the solution is scalable, secure, and fully optimized for execution speed."
25,0,Map colors to names,Implement an efficient and robust Python script that maps geographic coordinates to place names using a geocoding library like Geopy or Nominatim. Ensure the code handles network errors gracefully and includes input validation.
25,1,Map colors to names,Write a production-ready Python function that takes latitude and longitude as arguments and returns the corresponding city name with full error handling for invalid inputs and API timeouts.
25,2,Map colors to names,Create an optimized asynchronous Python application using aiohttp to batch map coordinate-to-name lookups. Ensure thread safety and implement a caching mechanism for repeated requests.
25,3,Map colors to names,"Develop a comprehensive Python class named GeographicMapper that encapsulates logic to convert coordinates to names, with support for multiple geocoding providers via an abstract base pattern."
25,4,Map colors to names,"Generate high-performance Python code using NumPy vectors to perform bulk coordinate-to-name mapping where possible, falling back to individual API calls only when necessary. Optimize memory usage during large dataset processing."
25,5,Map colors to names,Write a clean and maintainable Python module that includes unit tests for the map-colors-to-names functionality using pytest. The code should utilize dependency injection for geocoding services to enable easy testing without external API keys in test environments.
25,6,Map colors to names,Construct an advanced Python script capable of mapping a list of coordinates to names while automatically detecting and correcting common coordinate format errors such as swapped lat/long or out-of-range values before querying the geocoding service.
25,7,Map colors to names,Implement a scalable Python solution using Redis for caching frequent map lookups. The code should integrate with Celery to distribute heavy mapping jobs across multiple workers and ensure data consistency between cache and live API calls.
25,8,Map colors to names,Produce type-annotated Python code that strictly validates coordinate inputs against standard WGS84 limits before attempting name retrieval. Include detailed logging for debugging purposes without cluttering the output with verbose messages during normal operation.
25,9,Map colors to names,"Write a modern Python script utilizing dataclasses and context managers to manage state in a map lookup service. Ensure the implementation follows recent PEP standards (e.g., PEP 526 for type hints) and includes comprehensive documentation strings explaining usage."
25,10,Map colors to names,Implement a robust and efficient Python script that maps geographic region names to their corresponding color codes using a dictionary lookup mechanism optimized for frequent access patterns.
25,11,Map colors to names,Write professional-grade Python code that defines a class-based mapper which accepts a list of named regions and returns an array of tuples pairing each name with its assigned hex color value.
25,12,Map colors to names,Create a high-performance data processing module in Python capable of dynamically generating a mapping between arbitrary input strings representing map areas to standardized color identifiers based on predefined rules.
25,13,Map colors to names,"Develop an optimized utility function using the `dict` type that accepts a configuration dictionary and returns a new instance where keys are region names and values are associated colors, ensuring thread safety for concurrent usage."
25,14,Map colors to names,Generate complete Python code utilizing dataclasses to encapsulate map name-color pairs with validation logic that enforces strict naming conventions and valid color formats during initialization.
26,0,Build a simple word dictionary,Create a robust and production-ready word dictionary script in Python using dataclasses for WordEntry objects to ensure type safety and immutability.
26,1,Build a simple word dictionary,"Implement an optimized function that reads from a CSV file containing words and definitions, storing them efficiently in a hash map structure within the main application logic."
26,2,Build a simple word dictionary,"Develop a high-performance word dictionary module using `dict` for O(1) lookups, including error handling for missing keys and input validation for malformed entries."
26,3,Build a simple word dictionary,"Write a complete Python application that initializes a global WordDictionary class with methods to add words, retrieve definitions, and search by partial string matching using regex optimization."
26,4,Build a simple word dictionary,Construct an efficient word dictionary system in Python utilizing `functools.total_ordering` for custom comparison logic between entries while maintaining standard dict performance characteristics.
26,5,Build a simple word dictionary,Generate a clean and modular Python script that parses JSON input to populate a WordDictionary instance with automatic deduplication of duplicate words based on case-insensitive normalization.
26,6,Build a simple word dictionary,Build an advanced word dictionary tool using `typing` hints for all function signatures to enforce strict type checking during development and runtime execution.
26,7,Build a simple word dictionary,Develop a memory-efficient Python solution that stores large vocabulary sets in a custom Trie structure optimized for prefix searches rather than standard hash maps.
26,8,Build a simple word dictionary,Write a comprehensive word dictionary library with unit test integration patterns to validate insertion speed and retrieval accuracy under high-volume data loads.
26,9,Build a simple word dictionary,Implement a feature-rich Python script that supports batch loading from multiple text files into a centralized WordDictionary object using context managers for safe file I/O operations.
26,10,Build a simple word dictionary,"Write a complete, robust Python script to build a simple word dictionary from a given input text file. The script must read the file and store unique words in a set for efficient storage."
26,11,Build a simple word dictionary,Implement an optimized function named 'build_dictionary' that takes a string of text as input and returns a set containing all unique words found. The function must handle punctuation removal and convert all words to lowercase for accurate dictionary creation.
26,12,Build a simple word dictionary,Develop an efficient class named 'WordDictionary' that initializes with an empty dictionary and provides a method 'add_word(word)' to populate the dictionary. The implementation must ensure that only unique words are stored and handle potential empty string inputs gracefully.
26,13,Build a simple word dictionary,"Write a command-line interface (CLI) script using Python's 'argparse' module that prompts the user to input a file path, reads the content, processes it to create a word dictionary, and prints the resulting dictionary to the console."
26,14,Build a simple word dictionary,"Create a standalone, highly efficient Python function that reads a text file and generates a frequency map (a dictionary) where keys are words and values are their counts. Ensure the implementation uses file I/O best practices and handles multi-word phrases correctly by treating sequences of characters separated by spaces as potential words."
27,0,Group fruits by type,"Implement a robust and efficient Python script using only standard libraries to group a list of mixed fruit strings into categories based on their type (e.g., 'apple', 'banana'). Ensure the code handles case-insensitivity and includes comprehensive error handling."
27,1,Group fruits by type,Write a high-performance dictionary-based solution in Python that takes an input array of fruits and returns them grouped by botanical family or common name type. Optimize for large datasets using list comprehensions where appropriate.
27,2,Group fruits by type,"Create a production-ready Python function to categorize fruit data into groups such as 'citrus', 'berry', or 'stone_fruit'. The code must utilize the `collections.defaultdict` module and include type hinting for all parameters and return values."
27,3,Group fruits by type,Develop a clean Python program that accepts user input of fruit names separated by commas and outputs them organized into distinct groups based on predefined classification rules. Ensure the script is modular with separate functions for data parsing and grouping logic.
27,4,Group fruits by type,"Generate an optimized Python utility function to sort a list of fruits first alphabetically within each type group, then by total count if multiple types exist. Use `functools.total_ordering` or custom key arguments in the sorting mechanism for clarity and speed."
27,5,Group fruits by type,Write a secure Python script that processes a JSON input containing fruit records with potential missing fields and groups valid entries by type while ignoring invalid data. Include logging statements to track processing steps without printing unnecessary output.
27,6,Group fruits by type,Construct an advanced Python solution using the `itertools.groupby` function or equivalent logic to cluster a list of fruits into types based on specific keyword matching patterns. Ensure the code is fully documented with docstrings explaining each step.
27,7,Group fruits by type,Implement a memory-efficient generator-based approach in Python that yields fruit groups one by one as it processes an infinite stream or very large file of fruit data. Avoid loading all data into memory at once to prevent performance bottlenecks.
27,8,Group fruits by type,Develop a testable and maintainable Python module for grouping fruits where the classification logic can be easily extended via configuration dictionaries rather than hardcoded strings. Follow dependency-free best practices suitable for library distribution.
27,9,Group fruits by type,"Write a concise yet comprehensive Python script that reads fruit data from multiple sources (simulated), merges them into a single list, and performs an optimized grouping operation using set operations to deduplicate entries before categorization. Ensure the final output is formatted as nested lists."
27,10,Group fruits by type,"Create a robust and efficient Python script using type hints to group a list of mixed fruit strings into their respective categories (apples, bananas, citrus) based on substring matching. The code must handle case insensitivity and include comprehensive docstrings."
27,11,Group fruits by type,Write an optimized dictionary-based function in Python that takes a list of fruits as input and returns the counts per type using default values for missing keys to ensure the script runs without errors on empty lists.
27,12,Group fruits by type,Develop a clean and maintainable class structure where a 'FruitProcessor' method groups fruit data by biological type. The implementation should leverage Python's functional tools like `map` or list comprehensions for maximum readability and performance.
27,13,Group fruits by type,"Generate production-ready code that implements logic to sort grouped fruits alphabetically within their categories after grouping them by name suffixes such as 'apple', 'orange', etc., ensuring the solution is scalable for large datasets."
27,14,Group fruits by type,Implement a high-performance iterative algorithm in Python using `collections.defaultdict` that dynamically classifies an unknown list of fruit names into predefined types on the first execution and memoizes results if called multiple times with different grouping logic.
28,0,Track favorite animal names,"Create a robust and scalable Python script using object-oriented design to store, retrieve, and manage a list of favorite animal names with validation for proper capitalization."
28,1,Track favorite animal names,Implement an optimized function that accepts a user's input string containing mixed-case animal names and returns a sorted list of unique animals in title case using efficient data structures.
28,2,Track favorite animal names,Write professional-grade Python code with comprehensive error handling to persist favorite animal names into a JSON file while ensuring atomic writes for data integrity.
28,3,Track favorite animal names,Develop a high-performance list of popular animals by integrating an external API within the script and caching results using functools.lru_cache to minimize redundant network requests.
28,4,Track favorite animal names,Construct a secure Python module that allows users to add or remove favorite animal names from memory without exposing sensitive data through global variables.
28,5,Track favorite animal names,"Generate production-ready code for tracking animal preferences using type hinting and docstrings, featuring input sanitization against injection attacks and special characters."
28,6,Track favorite animal names,Write an efficient Python program that processes a large dataset of user-submitted favorite animals to identify the most common species while handling duplicates gracefully.
28,7,Track favorite animal names,"Implement a modular Python script with unit test stubs for tracking animal names, ensuring all functions are pure and side-effect free where possible."
28,8,Track favorite animal names,"Create an optimized data pipeline in Python that reads raw text logs containing animal mentions, extracts favorite animals using regex, and stores them in a structured dictionary format."
28,9,Track favorite animal names,"Develop a feature-rich application class for managing favorite animals with methods to search by category (e.g., mammals vs reptiles) and export the collection as CSV or XML files."
28,10,Track favorite animal names,"Generate professional-grade Python code to store and retrieve favorite animal names in a data structure suitable for fast lookups, ensuring proper type hinting and handling of case sensitivity variations without errors."
28,11,Track favorite animal names,"Write an optimized script using the 'collections' module that automatically deduplicates entries while preserving insertion order, with validation logic to reject non-animal strings based on a provided list. Ensure all code adheres strictly to PEP 8 guidelines and includes comprehensive docstrings."
28,12,Track favorite animal names,"Implement a robust class-based Python solution for managing favorite animals that handles user input cleaning (lowercasing), duplicate prevention via hashing, and efficient retrieval operations using O(1) time complexity where possible. The code must be fully type-annotated."
28,13,Track favorite animal names,"Provide complete Python instructions to build a high-performance tracking system for favorite animals that supports bulk addition of names from lists or sets, automatically normalizes input data formats (e.g., converting 'Lion' and 'lion' into canonical forms), and outputs unique results without duplicates."
28,14,Track favorite animal names,"Draft efficient Python code utilizing a dictionary-based approach to track favorite animal names with automatic deduplication logic, including error handling for invalid input types. Ensure the implementation is modular, uses only standard library imports, and demonstrates maximum readability and maintainability."
29,0,Store student names easily,Implement a robust and scalable Python script to store student names in a list with automatic validation for empty strings or non-string inputs.
29,1,Store student names easily,Write an optimized Python function that accepts multiple student name arguments and returns them as a sorted tuple using efficient data structures.
29,2,Store student names easily,"Create a professional-grade Python class named StudentRegistry with methods to add names, retrieve all names, and remove specific entries while handling edge cases gracefully."
29,3,Store student names easily,Develop a high-performance Python utility that stores student names in a dictionary keyed by last name for fast lookup operations across large datasets.
29,4,Store student names easily,"Generate a clean and maintainable Python module containing functions to initialize an empty list of students, append new entries, and iterate through the collection safely."
29,5,Store student names easily,Construct a secure Python application that stores student names with optional duplicate checking using a set for O(1) lookup efficiency during insertion.
29,6,Store student names easily,Produce an advanced Python script featuring type hinting and docstrings to define functions for managing a collection of student names including sorting by length or alphabetically.
29,7,Store student names easily,"Design a modular Python solution using dataclasses to represent students with name attributes, enabling easy storage and serialization without external dependencies."
29,8,Store student names easily,"Write an efficient Python generator function that yields student names one by one from the stored list, optimizing memory usage for large datasets."
29,9,Store student names easily,Develop a production-ready Python tool with input sanitization and error handling to store unique student names while logging all operations for audit trails.
29,10,Store student names easily,"Implement an efficient and robust script to store student names using only built-in data structures without external libraries, ensuring the output adheres strictly to best-practice Python coding norms."
29,11,Store student names easily,"Write a production-ready Python application that manages a collection of student records with clear class structure, proper encapsulation, and optimized memory usage for storing names dynamically."
29,12,Store student names easily,Generate an expert-level Python module focused on the data storage requirements of managing multiple students by utilizing efficient dictionary-based implementations to guarantee scalability and readability.
29,13,Store student names easily,"Develop a high-performance standalone program using standard library features exclusively that provides functions for adding, retrieving, and validating student names with rigorous input handling logic."
29,14,Store student names easily,"Create an optimal Python solution utilizing type hinting and docstrings to define a flexible storage system for student information, prioritizing code clarity, maintainability, and execution speed."
30,0,Organize simple object data,"Implement a robust and efficient data structure in Python to store simple object attributes like name, age, and email using dictionaries or namedtuples. Ensure the code handles type validation and provides clear error messages."
30,1,Organize simple object data,"Write a high-performance script that organizes a list of unstructured user records into categorized groups based on their data types (e.g., strings for names, integers for ages). Use only standard library modules without external dependencies."
30,2,Organize simple object data,Create an optimized Python class to represent simple objects with immutable properties and include a method that validates input consistency before storing new data. Follow PEP 8 guidelines strictly.
30,3,Organize simple object data,"Develop a clean utility function in Python that accepts raw object strings, parses them into structured dictionaries, and organizes the resulting data by specific keys such as 'id' or 'category'. Ensure thread safety for concurrent access."
30,4,Organize simple object data,Generate professional-grade code to serialize simple object instances into JSON format while automatically handling missing fields and default values. The solution must be memory-efficient and handle large datasets gracefully.
30,5,Organize simple object data,"Write a comprehensive Python module that defines data models for basic objects including id, title, description, and status, with built-in methods to update specific attributes without affecting others. Prioritize code readability and maintainability."
30,6,Organize simple object data,"Implement an advanced organizer script in Python that ingests mixed-type object lists, normalizes the data formats, and outputs a structured dictionary keyed by unique identifiers. Use type hints for all function signatures."
30,7,Organize simple object data,"Construct a lightweight yet scalable solution to manage simple entity objects using the `dataclasses` library, ensuring that initialization arguments are validated against expected schemas before assignment."
30,8,Organize simple object data,"Produce optimized Python code for batch processing of object data where each item contains id, value, and metadata fields. The script should aggregate values by category while preserving original records in a separate output list."
30,9,Organize simple object data,Develop a production-ready tool to parse incoming JSON objects into typed Python structures with automatic schema validation using the `pydantic` library or equivalent robust pattern matching logic. Ensure all edge cases are covered.
30,10,Organize simple object data,Implement a robust and type-annotated Python class to organize simple object data with validation logic for required fields using best-practice patterns.
30,11,Organize simple object data,Write an optimized dictionary-based structure in Python that dynamically organizes heterogeneous list objects while maintaining immutability of the source input.
30,12,Organize simple object data,Create a high-performance data organizer module using Python's `dataclasses` and `typing` modules to handle complex object grouping with automatic serialization support.
30,13,Organize simple object data,Develop a comprehensive script that organizes simple object data into nested structures while enforcing input validation and providing detailed error handling for malformed entries.
30,14,Organize simple object data,Construct an efficient Python utility function to transform raw object lists into organized categories using standard library tools like `itertools` and ensuring thread-safe operations.
31,0,Match keys to values now,Implement an efficient dictionary lookup mechanism in Python where keys are matched to their corresponding values using fast access patterns suitable for large datasets.
31,1,Match keys to values now,Write a production-ready script that iterates through a list of items and prints only those whose associated key matches the provided value criteria.
31,2,Match keys to values now,Create an optimized Python function that maps specific input keys to their stored values with minimal overhead using standard dictionary operations.
31,3,Match keys to values now,Develop a robust data processing utility in Python that filters records based on exact key-value matches and outputs the matching entries as JSON.
31,4,Match keys to values now,Construct a high-performance lookup table generator where keys are automatically matched to values for use in concurrent computing environments.
31,5,Match keys to values now,"Write clean, PEP-compliant Python code that validates input keys against expected sets and retrieves corresponding valid values from a configuration dictionary."
31,6,Match keys to values now,Build an advanced indexing system in Python capable of matching multiple key patterns to their respective data values with thread-safe access control.
31,7,Match keys to values now,Generate optimized code that transforms a flat list into structured objects by pairing keys found at specific indices with their corresponding values.
31,8,Match keys to values now,Develop a secure and scalable Python service module where user-provided authentication keys are strictly matched to authorized session values.
31,9,Match keys to values now,Write an algorithmic solution in Python that performs batch key-to-value matching on millions of records with O(1) average time complexity per lookup.
31,10,Match keys to values now,"Implement an efficient and professional Python script that matches keys to values in a dictionary using direct iteration with type safety checks, adhering strictly to best practices for data processing pipelines."
31,11,Match keys to values now,"Write a robust production-ready function that performs key-value extraction from nested JSON structures while handling missing or malformed entries gracefully, ensuring optimal performance on large datasets."
31,12,Match keys to values now,"Develop an optimized Python solution for mapping dictionary keys to their corresponding values using modern syntax like dict comprehension and walrus operators where appropriate, following all PEP 8 guidelines."
31,13,Match keys to values now,Create a high-performance asynchronous generator in Python that yields matched key-value pairs from an iterable input stream to enable memory-efficient processing of massive logs or datasets.
31,14,Match keys to values now,Provide a complete and tested module for dynamic attribute mapping based on provided dictionaries using `getattr` and validation decorators to ensure type correctness in critical application logic.
32,0,Count items in a set,"Write a complete, well-documented Python script to count the number of unique elements in a given list."
32,1,Count items in a set,Implement an optimized function named `count_set_items` that takes any iterable (like a list or tuple) and returns the total number of items it contains using the most efficient built-in method.
32,2,Count items in a set,"Develop a class named `SetCounter` with an initializer that accepts a list, and a method to return the total count of elements in the set, ensuring O(1) average time complexity for counting."
32,3,Count items in a set,"Write a function that takes a list of potentially duplicate items and returns a set containing only the unique items, and then return the length of that resulting set."
32,4,Count items in a set,Create a standalone Python script that reads user input for a sequence of numbers and calculates and prints the total count of those numbers entered.
32,5,Count items in a set,Implement a generator function to efficiently yield the count of distinct elements from an input list without storing the entire set in memory if possible.
32,6,Count items in a set,Write a robust function that accepts any iterable and uses the `len()` function on the resulting set to determine the total number of unique items present.
32,7,Count items in a set,"Develop an optimized method within a class designed to handle large datasets, where the primary goal is to quickly ascertain the cardinality (size) of the unique elements in the input collection."
32,8,Count items in a set,Write a concise and highly readable Python expression or one-line function that calculates the size of the set formed by the elements of an input list.
32,9,Count items in a set,Generate a complete program that demonstrates how to use Python's `set` data structure to efficiently count and display the number of unique items from a provided unsorted list.
32,10,Count items in a set,Implement an efficient and scalable Python script to count unique items in a set while handling potential hash collisions using a dictionary-based fallback mechanism. The solution must adhere to strict PEP 8 guidelines.
32,11,Count items in a set,"Write a production-ready Python function that counts the frequency of elements within an unordered collection input as if it were a set, ensuring O(1) average time complexity using appropriate data structures. Include comprehensive docstrings and type hints."
32,12,Count items in a set,"Create a high-performance Python utility module that accurately counts the number of distinct items in any iterable input by normalizing it to a set, optimized for large datasets with minimal memory overhead. The code must follow all standard coding best practices."
32,13,Count items in a set,"Develop a secure and robust Python program that counts elements inside an undefined collection structure treating it as a mathematical set, utilizing the `collections.Counter` class for optimized performance on unsorted inputs with duplicate handling logic explicitly required."
32,14,Count items in a set,"Construct a clean and modular Python solution to determine the cardinality of an input iterable by converting it directly into a set for counting operations, ensuring thread safety where applicable and maintaining maximum code efficiency according to industry standards."
33,0,Check if a name exists,Write a robust and production-ready Python script to check if a name exists in a dictionary using type hints and input validation.
33,1,Check if a name exists,Implement an optimized function that checks for the existence of a username against multiple data sources with proper error handling.
33,2,Check if a name exists,Create a high-performance Python utility module containing a method to verify user name presence in a database-backed structure.
33,3,Check if a name exists,Write comprehensive Python code that includes logic to search for a specific person's name within an employee directory using list comprehensions and early exits.
33,4,Check if a name exists,Develop a secure Python function designed to validate if a provided string matches any entry in the authorized names registry without side effects.
33,5,Check if a name exists,Generate efficient Python code for checking name existence that utilizes set intersection operations for O(1) lookup performance.
33,6,Check if a name exists,Write a clean and maintainable Python class with an instance method to determine if a given identifier is registered in the system logs.
33,7,Check if a name exists,Implement a scalable Python solution for bulk name verification using concurrent execution patterns where applicable.
33,8,Check if a name exists,Construct a professional-grade Python tool that checks if a target string exists within predefined lists while adhering to strict coding standards and logging requirements.
33,9,Check if a name exists,Write concise yet sophisticated Python code capable of checking name existence across heterogeneous data types with automatic type coercion and validation.
33,10,Check if a name exists,Implement a robust and efficient Python script to check if a specific name exists in a given dataset using best practices for data handling and error management.
33,11,Check if a name exists,Write an optimized Python function that accepts a list of names as input and returns the existence status of a target name with O(1) lookup performance where applicable.
33,12,Check if a name exists,"Create a production-ready Python module containing a class to manage name lookups, ensuring thread safety, proper exception handling, and adherence to PEP 8 coding standards."
33,13,Check if a name exists,Develop a high-performance Python utility that checks for the existence of a user-provided string in multiple data structures simultaneously using modern collection types.
33,14,Check if a name exists,"Generate clean and maintainable Python code to verify name presence within an external database or file system interface, including input validation and logging capabilities."
34,0,Add new entries to data,Write a robust and efficient Python script to append new entries to an existing JSON data file using context managers.
34,1,Add new entries to data,Implement a high-performance optimized function in Python that reads CSV data and inserts updated records into it without external libraries like pandas.
34,2,Add new entries to data,Develop professional-grade Python code to dynamically add new database rows using SQLAlchemy ORM with transaction support.
34,3,Add new entries to data,Create a secure and validated Python utility that accepts user input as JSON objects and safely appends them to a global data structure.
34,4,Add new entries to data,Write optimized Python code using sqlite3 with parameterized queries to insert multiple new records into a database table in bulk.
34,5,Add new entries to data,Generate best-practice Python logic for merging a list of dictionaries and adding unique entries to the main dataset without duplicates.
34,6,Add new entries to data,Construct an efficient data processing pipeline script that streams new JSON objects from stdin and writes them directly to stdout.
34,7,Add new entries to data,Implement a type-safe Python function using Pydantic validation rules to ensure only valid new entries are added to the specified dataset.
34,8,Add new entries to data,Write clean and maintainable Python code that updates an in-memory dictionary with newly provided key-value pairs while handling missing keys gracefully.
34,9,Add new entries to data,Develop a production-ready Python module for loading external data sources and persisting new entries to various storage backends efficiently.
34,10,Add new entries to data,Implement a robust and efficient Python script to append new entries to an existing data structure while ensuring type safety and handling potential input errors gracefully.
34,11,Add new entries to data,Write optimized code that dynamically adds multiple records to a database table using parameterized queries to prevent SQL injection and maximize performance.
34,12,Add new entries to data,Create a high-quality Python utility function designed to ingest new data entries from various sources into a centralized list with automatic validation and deduplication logic.
34,13,Add new entries to data,Develop a production-ready module that securely inserts new rows into an SQLite database using context managers for resource management and transaction integrity.
34,14,Add new entries to data,"Generate concise yet comprehensive Python code to update JSON files with newly added entries, including proper error handling for file I/O operations."
35,0,Find a specific value quickly,Implement an efficient binary search algorithm in Python to find a specific value within a sorted list and return its index or -1 if not found. Ensure the code handles edge cases like empty lists and unsorted input by raising appropriate exceptions.
35,1,Find a specific value quickly,Write a robust script that reads data from multiple CSV files containing numeric columns to find specific values using dictionary-based lookup for fast retrieval. Optimize file I/O operations and ensure the code is memory-efficient for large datasets.
35,2,Find a specific value quickly,Create an optimized Python function that utilizes hash maps (dictionaries) to store a collection of unique items and provides O(1) average time complexity lookup for finding specific values. Include error handling for non-existent keys.
35,3,Find a specific value quickly,Develop a high-performance search utility in Python using the `bisect` module to locate occurrences of a target value within a sorted sequence without modifying the original data structure. Ensure the solution supports both exact matches and range queries.
35,4,Find a specific value quickly,Write professional-grade code that implements an A* pathfinding algorithm on a grid map to find specific coordinates efficiently. Include heuristic calculations using Manhattan distance and ensure the search queue is optimized for performance.
35,5,Find a specific value quickly,Generate a Python script that performs case-insensitive substring searching within large text files using compiled regular expressions or specialized string methods for speed. Handle encoding issues gracefully and return all matching indices if multiple occurrences exist.
35,6,Find a specific value quickly,Implement an optimized database query simulation in pure Python that mimics SQL `IN` clause behavior to find specific values from a large dataset stored as tuples. Use set operations for maximum efficiency when the value list is small compared to the dataset size.
35,7,Find a specific value quickly,Write a concise and readable function using NumPy vectorization techniques to search for elements matching a condition within an array of floating-point numbers. Ensure numerical precision issues are handled correctly during comparison operations.
35,8,Find a specific value quickly,"Create a production-ready module that supports multiple data structures (lists, sets, dicts) and provides a unified interface for finding specific values with consistent performance characteristics across different input types. Add comprehensive docstrings following Google style guide."
35,9,Find a specific value quickly,Develop an optimized Python solution using the `collections.Counter` class to find all occurrences of specific items in a sequence and return their frequencies efficiently. Ensure the code handles duplicate values correctly and avoids unnecessary memory overhead.
35,10,Find a specific value quickly,Implement an efficient lookup mechanism in Python using binary search to find a specific value within a sorted list and return its index or None if not found. Ensure the code handles edge cases like empty lists strictly without raising exceptions.
35,11,Find a specific value quickly,Write a robust dictionary-based solution in Python that retrieves a unique key-value pair based on a specific value and returns it immediately with O(1) average time complexity. Include input validation for non-hashable values.
35,12,Find a specific value quickly,Create an optimized iterative algorithm using the 'bisect' module in Python to locate a target number within a sorted sequence and print its position or confirm absence without printing intermediate debug logs. Ensure memory usage remains minimal for large datasets.
35,13,Find a specific value quickly,Develop a complete class structure named 'QuickFinder' that encapsulates the logic to search for a specific value in both lists and dictionaries using appropriate data structures for maximum performance. Include type hints throughout the codebase.
35,14,Find a specific value quickly,"Generate professional Python code utilizing the standard library's 'dict' method or similar optimized techniques to find an element matching a specific criterion in constant time, ensuring the solution is scalable and production-ready with comprehensive docstrings."
36,0,Create a simple lookup table,Implement an efficient dictionary-based lookup table in Python to store and retrieve key-value pairs using O(1) average time complexity.
36,1,Create a simple lookup table,Write a robust Python script that creates a nested data structure for hierarchical lookups while ensuring thread safety during concurrent access.
36,2,Create a simple lookup table,Develop an optimized lookup table generator in Python capable of handling millions of entries with minimal memory overhead and fast retrieval speed.
36,3,Create a simple lookup table,"Construct a flexible mapping utility function that accepts multiple data types as keys and values, validated against type safety constraints before insertion into the lookup table."
36,4,Create a simple lookup table,Create a production-grade Python module for managing dynamic lookup tables with automatic eviction policies based on size limits or usage frequency.
36,5,Create a simple lookup table,Design a high-performance dictionary implementation in pure Python that supports bulk insertion operations and provides real-time status reporting on table integrity.
36,6,Create a simple lookup table,Write a secure lookup service class in Python that validates input keys against whitelisted patterns to prevent injection attacks within the data structure.
36,7,Create a simple lookup table,Build an optimized caching mechanism using a custom hash map algorithm in Python for high-throughput applications requiring low-latency lookups.
36,8,Create a simple lookup table,Develop a comprehensive lookup table framework that includes serialization and deserialization capabilities to persist state across application restarts without data loss.
36,9,Create a simple lookup table,Implement a type-annotated Python function for creating immutable lookup tables using frozensets as keys where appropriate to ensure referential integrity.
36,10,Create a simple lookup table,"Implement a robust and efficient lookup table in Python using a dictionary to map city names to their capital cities, ensuring strict type checking for input keys."
36,11,Create a simple lookup table,Write a high-performance data structure initialization script that creates a sparse matrix representation as a lookup table optimized for memory usage when handling large datasets with few non-zero entries.
36,12,Create a simple lookup table,Develop a production-ready Python module containing a comprehensive configuration lookup table using the `dataclasses` library to ensure immutability and clear field documentation.
36,13,Create a simple lookup table,Construct an optimized binary search tree based dictionary implementation in Python that serves as a dynamic lookup table for integer keys with O(log n) insertion complexity.
36,14,Create a simple lookup table,Generate a secure and scalable user credential lookup system using Python's `hashlib` to store hashed passwords alongside usernames in a centralized data structure.
37,0,Manage basic item counts,Implement a robust and efficient Python class to manage basic item counts with thread-safe operations for concurrent access.
37,1,Manage basic item counts,"Write a production-ready Python script that initializes an inventory system using dictionaries and provides methods to add, remove, or update items while handling edge cases gracefully."
37,2,Manage basic item counts,Create a high-performance data structure in pure Python for tracking item quantities with automatic zero-value cleanup upon decrement operations.
37,3,Manage basic item counts,Develop an optimized Python utility function that accepts multiple items and their counts as input arguments to return a consolidated dictionary of totals without external dependencies.
37,4,Manage basic item counts,Construct a scalable inventory manager in Python using the dataclasses library for type safety and immutability while maintaining mutable state for count updates.
37,5,Manage basic item counts,Write a comprehensive Python module that includes unit testing examples to validate basic item counting logic including negative input handling and overflow prevention.
37,6,Manage basic item counts,Implement an advanced inventory tracker in Python using the typing module for strict type hints and context managers for safe resource management during count modifications.
37,7,Manage basic item counts,Generate a clean and maintainable Python solution that aggregates item counts from multiple sources into a single structured output format suitable for JSON serialization.
37,8,Manage basic item counts,Build an optimized Python script capable of processing large datasets to update item counts efficiently using list comprehensions and dictionary merging techniques.
37,9,Manage basic item counts,"Develop a professional-grade Python class for inventory management that supports batch operations, logging all count changes with timestamps, and adheres strictly to PEP 8 guidelines."
37,10,Manage basic item counts,"Implement an efficient and scalable inventory management script in Python using a dictionary to track item counts. The solution must handle adding items, updating quantities, removing items with zero stock, and calculating total value based on prices."
37,11,Manage basic item counts,"Write a production-ready class-based system for managing basic item counts that includes thread-safe operations using locks. Ensure the code is fully type-hinted, follows PEP 8 guidelines, and provides methods to increment, decrement, get current count, and reset inventory."
37,12,Manage basic item counts,Develop a high-performance data processing module in Python that manages item counts using `collections.defaultdict`. The script should optimize lookups for frequent operations and include error handling for negative quantity updates while maintaining immutability of the original input list.
37,13,Manage basic item counts,"Create a robust command-line tool in Python that manages basic item counts with features like bulk update via CSV import/export. The code must utilize argparse for CLI arguments, include unit tests within the file using pytest fixtures, and ensure all input validation is strict to prevent runtime errors."
37,14,Manage basic item counts,"Generate a modular Python library for inventory tracking that encapsulates item count logic in reusable functions. The implementation should leverage dataclasses for state representation, include comprehensive docstrings and type hints, and be optimized for use within larger enterprise applications."
38,0,Create dictionary from key value pairs,Implement an efficient dictionary constructor in Python using a list of tuples to handle potential data types and validate input before returning the result.
38,1,Create dictionary from key value pairs,Write production-ready code that accepts user-provided key-value pairs from different sources (like CSV or JSON) while ensuring all keys are unique by raising an exception on collision.
38,2,Create dictionary from key value pairs,Create a high-performance dictionary builder function capable of processing millions of rows in memory with minimal overhead and proper type hints for maximum clarity.
38,3,Create dictionary from key value pairs,Develop a robust Python script that dynamically constructs a dictionary from a generic iterable containing mixed key-value structures using `None` as the default error value.
38,4,Create dictionary from key value pairs,Generate optimized code to initialize an empty dictionary and populate it with specific data types like integers or strings without any external dependencies for speed optimization.
38,5,Create dictionary from key value pairs,Write a specialized Python utility function that converts nested lists into flattened dictionaries while preserving the original key structure across multiple levels of iteration.
38,6,Create dictionary from key value pairs,Implement a secure and validated dictionary creation method in Python where both keys must be strings and values are sanitized to prevent injection attacks or runtime errors.
38,7,Create dictionary from key value pairs,Construct an advanced code example that builds a dynamic mapping object using `dict` comprehensions for performance enhancement while maintaining full readability in Python projects.
38,8,Create dictionary from key value pairs,Provide best-practice instructions to create dictionary objects from external configuration files with automatic fallback mechanisms and logging integration for production environments.
38,9,Create dictionary from key value pairs,Develop a memory-efficient iterator-based function in Python that yields key-value pairs while constructing the final dictionary without storing intermediate large arrays.
38,10,Create dictionary from key value pairs,"Create a high-performance dictionary construction utility in Python that accepts key-value pairs via multiple input formats including lists and generators, ensuring thread-safety for concurrent access patterns."
38,11,Create dictionary from key value pairs,Implement a robust script using the dataclasses module to initialize dictionaries from arbitrary collections with automatic type validation and handling of duplicate keys based on best practice guidelines.
38,12,Create dictionary from key value pairs,Develop an optimized function that constructs immutable frozendict objects from dynamic key-value pairs while providing efficient lookup performance suitable for large-scale datasets.
38,13,Create dictionary from key value pairs,Write a production-grade Python module using the typing system to create dictionaries with strict type hints derived from nested JSON structures and comprehensive input validation logic.
38,14,Create dictionary from key value pairs,Code an efficient dictionary initialization process that handles sparse data efficiently by utilizing dict.setdefault patterns while maintaining O(1) average time complexity for insertions.
39,0,Find largest item in your list,Implement a robust and efficient Python script to find the largest item in a list using built-in functions while ensuring it handles empty lists gracefully with an appropriate error message.
39,1,Find largest item in your list,Write a high-performance iterative function that determines the maximum value in a user-provided list of numbers without relying on external libraries or non-standard methods.
39,2,Find largest item in your list,Create an optimized Python solution to identify the largest element in a mixed-type list by first validating data types and raising specific exceptions for invalid entries before processing.
39,3,Find largest item in your list,Develop a clean and maintainable Python class method that accepts any iterable as input and returns the maximum item using standard language features only.
39,4,Find largest item in your list,"Generate professional-grade code to find the largest value in a list with comprehensive docstrings, type hints, and inline comments explaining edge case handling logic."
39,5,Find largest item in your list,Construct an advanced Python utility function capable of finding the maximum item across multiple lists simultaneously while maintaining O(n) time complexity efficiency.
39,6,Find largest item in your list,"Write a secure and production-ready script to extract the largest element from a list input, including validation for non-numeric data types and handling potential memory constraints."
39,7,Find largest item in your list,Implement a concise yet readable Python function that uses generator expressions to determine the maximum value in a large dataset without loading everything into memory at once if possible.
39,8,Find largest item in your list,Produce an optimized algorithmic solution for finding the largest item in a list with support for custom comparison keys and detailed logging of execution steps.
39,9,Find largest item in your list,Develop a best-practice Python module containing both a public API function to find the maximum value and internal helper functions for input sanitization and error reporting.
39,10,Find largest item in your list,Implement a robust and efficient Python script using built-in functions to find the largest item in a list while ensuring edge cases like empty lists are handled gracefully with informative error messages.
39,11,Find largest item in your list,"Write an optimized function that iterates through a given iterable to determine the maximum value without pre-converting it to a new list structure, adhering strictly to PEP 8 standards and including comprehensive docstrings."
39,12,Find largest item in your list,"Create a production-ready Python module containing a class method designed to identify the largest element in any sequence type (list, tuple), featuring input validation using type hints and handling for heterogeneous data types that support comparison operators."
39,13,Find largest item in your list,"Develop a high-performance algorithmic approach to locate the maximum item from an unordered collection of mixed scalar values, utilizing generator expressions where appropriate to minimize memory overhead during processing."
39,14,Find largest item in your list,"Provide a complete Python implementation that accepts any list-like input and returns the largest element using a concise lambda function or standard library utility, wrapped in error handling logic for non-iterable inputs."
40,0,Check if key exists inside dict,Implement a robust and efficient Python script to check if a specific key exists within a dictionary using standard built-in methods.
40,1,Check if key exists inside dict,Write optimized code that verifies the presence of a given key in any nested dictionary structure without raising exceptions for missing keys.
40,2,Check if key exists inside dict,Create a professional Python function that returns true or false based on whether an input key is present inside a provided dictionary object.
40,3,Check if key exists inside dict,Develop high-quality code to safely check for the existence of a key in a dictionary while handling potential type mismatches gracefully.
40,4,Check if key exists inside dict,Generate an efficient Python utility function that accepts any iterable mapping and checks if a target string key exists within it using minimal overhead.
40,5,Check if key exists inside dict,Write production-ready code to determine the existence of a specific identifier inside a data structure dictionary with clear error handling logic.
40,6,Check if key exists inside dict,Implement a concise and performant Python method that checks for key presence in a dict using only native language features without external dependencies.
40,7,Check if key exists inside dict,Construct an advanced script capable of validating multiple keys against a single dictionary instance while maintaining optimal runtime performance.
40,8,Check if key exists inside dict,Produce clean and maintainable Python code that inspects the contents of a dictionary to confirm if a requested key has been assigned a value.
40,9,Check if key exists inside dict,Develop a scalable solution in Python to verify key existence within large datasets stored as dictionaries with focus on memory efficiency.
40,10,Check if key exists inside dict,"Implement an efficient and robust Python script to check if a specific key exists within a dictionary using only built-in methods, ensuring it handles both standard dict objects and future-proof scenarios."
40,11,Check if key exists inside dict,Write professional-grade Python code that creates a reusable function accepting any hashable object as input to verify its presence in a given dictionary without raising exceptions for missing keys or non-existent types.
40,12,Check if key exists inside dict,Generate optimized Python logic using the 'in' operator and direct indexing patterns to determine key existence inside a dictionary while maintaining readability and adhering strictly to PEP 8 coding standards.
40,13,Check if key exists inside dict,"Develop a high-performance utility function in Python that safely checks for key membership within nested or flat dictionaries, returning explicit boolean results without side effects."
40,14,Check if key exists inside dict,"Construct a complete and clean Python solution to validate the existence of keys inside a dictionary object, focusing on memory efficiency and handling edge cases like empty dicts or None inputs gracefully."
41,0,Count how many items are stored,"Implement an efficient and robust Python script to count the total number of items stored in a list or dictionary structure, ensuring strict type safety and handling edge cases like empty collections."
41,1,Count how many items are stored,"Write optimized Python code that counts all elements within nested data structures (lists inside lists) without recursion depth issues, adhering to PEP 8 guidelines for readability and performance."
41,2,Count how many items are stored,Create a high-performance Python function using list comprehensions or generator expressions to tally the number of stored items in large datasets while minimizing memory overhead.
41,3,Count how many items are stored,"Develop a production-ready Python module that calculates item counts for mixed data types (strings, integers, objects) with comprehensive error handling and logging capabilities."
41,4,Count how many items are stored,"Generate concise and scalable Python code to iterate through storage containers and return the aggregate count of items, utilizing type hints for maximum clarity and maintainability."
41,5,Count how many items are stored,"Construct a best-practice Python utility function that counts stored items in JSON or CSV data formats, ensuring it handles malformed input gracefully and returns accurate totals."
41,6,Count how many items are stored,"Write an advanced Python script designed to count elements in dynamic collections with support for custom aggregation logic, following industry standards for code quality and efficiency."
41,7,Count how many items are stored,"Implement a thread-safe Python solution for counting stored items across multiple concurrent processes, utilizing locks or queues where necessary to prevent race conditions."
41,8,Count how many items are stored,"Produce clean and maintainable Python code that counts the number of records in various database query results or API responses, including validation steps before processing."
41,9,Count how many items are stored,"Develop a highly optimized Python algorithm to count items stored in sparse matrices or hash maps, focusing on computational complexity reduction while maintaining full compatibility with standard libraries."
41,10,Count how many items are stored,"Implement a robust and type-annotated Python script to count how many items are stored in any iterable input (list, tuple, set, or generator), ensuring it handles empty collections gracefully."
41,11,Count how many items are stored,Write an optimized pure-Python function that accepts a single argument representing the collection of items and returns its total length without creating intermediate lists if possible.
41,12,Count how many items are stored,Create a professional-grade Python utility class with multiple methods to count stored items across different data structures while adhering to PEP 8 style guidelines and using `__all__` for public API exposure.
41,13,Count how many items are stored,Develop an efficient generator-based solution in Python that allows counting items on-the-fly from large datasets or streaming inputs without loading everything into memory at once.
41,14,Count how many items are stored,"Code a comprehensive and secure script to determine the number of elements stored in various container types using built-in methods directly, ensuring maximum performance for high-throughput scenarios."
42,0,Sort keys alphabetically for display,"Write a robust Python script that sorts a list of strings alphabetically and prints them in order, ensuring it handles mixed-case inputs correctly using case-insensitive comparison."
42,1,Sort keys alphabetically for display,Implement an optimized function in Python that takes any iterable of items as input and returns the sorted version based on alphabetical ordering without modifying the original list structure.
42,2,Sort keys alphabetically for display,Create a high-performance Python utility using the built-in sort method to arrange dictionary keys alphabetically for display purposes while maintaining thread safety in concurrent environments.
42,3,Sort keys alphabetically for display,"Develop a production-ready module that accepts mixed data types (strings and numbers), converts them to strings if necessary, sorts them lexicographically, and outputs the result as comma-separated values."
42,4,Sort keys alphabetically for display,Write an efficient Python code snippet using list comprehension and sorted() with key=lambda x: x.lower() to ensure consistent alphabetical sorting regardless of input casing.
42,5,Sort keys alphabetically for display,Generate a comprehensive Python solution that sorts keys from a nested dictionary structure alphabetically at every level for hierarchical display purposes.
42,6,Sort keys alphabetically for display,Construct an advanced Python function capable of sorting custom objects by their name attribute alphabetically while handling None values gracefully and adhering to PEP 8 guidelines.
42,7,Sort keys alphabetically for display,Produce a memory-efficient Python script that sorts large datasets containing string keys alphabetically using generator expressions where applicable to minimize peak memory usage.
42,8,Sort keys alphabetically for display,Design a flexible Python tool that accepts multiple sorting criteria including case sensitivity flags and outputs the alphabetically sorted sequence in JSON format for API integration.
42,9,Sort keys alphabetically for display,"Write a complete Python program demonstrating best practices for alphabetical key sorting using type hints, docstrings, error handling, and comprehensive logging mechanisms."
42,10,Sort keys alphabetically for display,"Implement an efficient and robust sorting algorithm in Python to arrange a list of keys alphabetically for display, ensuring the solution handles mixed-case input correctly by converting all elements to lowercase before comparison."
42,11,Sort keys alphabetically for display,Create a production-ready function that accepts any iterable collection of strings and returns them sorted in ascending alphabetical order using Python's built-in Timsort for optimal performance on large datasets.
42,12,Sort keys alphabetically for display,Develop a high-quality utility method that sorts dictionary keys alphabetically by their string representation while maintaining the original data structure and adhering to PEP 8 coding standards.
42,13,Sort keys alphabetically for display,"Write an optimized script capable of sorting a list containing Unicode characters in alphabetical order based on collation rules, ensuring compatibility with international character sets without performance degradation."
42,14,Sort keys alphabetically for display,"Construct a complete and well-documented Python module that provides a specialized class for sorting keys alphabetically, including methods to customize the locale-specific comparison logic while keeping execution time minimal."
43,0,Remove specific entry from collection,Implement an efficient and robust Python script to remove a specific entry from a list based on its value or index using best practices.
43,1,Remove specific entry from collection,"Write optimized Python code that removes the first occurrence of a specified item from any given collection type (list, set, dict)."
43,2,Remove specific entry from collection,Create a high-performance function in Python to delete an entry by key or value while handling edge cases like missing keys gracefully.
43,3,Remove specific entry from collection,Develop a professional-grade Python utility that safely removes specific entries from collections without modifying the original data structure unless explicitly requested.
43,4,Remove specific entry from collection,Generate clean and maintainable Python code to remove an entry from a dictionary by key or list by value with comprehensive error handling.
43,5,Remove specific entry from collection,Write advanced Python logic to filter out specific entries from collections using modern syntax while ensuring O(n) time complexity where possible.
43,6,Remove specific entry from collection,Produce a production-ready script that removes targeted items from various data structures with clear documentation and type hints following PEP 8 standards.
43,7,Remove specific entry from collection,Implement an optimized Python solution to delete entries matching specific criteria from lists or dictionaries using set operations for performance.
43,8,Remove specific entry from collection,Construct a flexible Python function capable of removing any specified entry from collections with support for multiple removal strategies and validation checks.
43,9,Remove specific entry from collection,Write concise yet comprehensive Python code to remove specific entries from lists or dicts ensuring thread safety if applicable and adhering to industry standards.
43,10,Remove specific entry from collection,"Implement an efficient and robust Python script to remove items matching specific criteria from various collection types (lists, sets, dictionaries) while preserving data integrity and following best practices for performance optimization."
43,11,Remove specific entry from collection,Write a professional-grade Python function that safely removes entries based on custom key-value conditions or index specifications across different container structures without modifying the original collections in-place unless explicitly requested.
43,12,Remove specific entry from collection,"Generate high-quality, production-ready code for deleting specific elements from collections using modern Python features like generator expressions and type hints to ensure clarity, maintainability, and optimal runtime efficiency."
43,13,Remove specific entry from collection,"Create a comprehensive Python utility module containing optimized methods for filtering out entries that meet defined removal criteria across lists, sets, tuples, and dictionaries with full error handling and documentation adherence."
43,14,Remove specific entry from collection,"Develop an advanced Python solution to selectively remove collection elements using lambda functions or functional programming techniques where applicable, ensuring the code is concise, readable, and adheres strictly to PEP 8 guidelines for maximum efficiency."
44,0,Access data using nested structure,Create a robust Python script using nested data structures to access and retrieve specific user records from a hierarchical dataset without errors.
44,1,Access data using nested structure,Implement an optimized function that traverses deeply nested dictionaries in Python to filter entries based on multiple criteria.
44,2,Access data using nested structure,Write professional-grade code that accesses elements within complex JSON-like objects using dot notation and bracket indexing for efficient data retrieval.
44,3,Access data using nested structure,Develop a high-performance Python module capable of parsing nested list-of-dicts structures to extract aggregated statistics across all levels.
44,4,Access data using nested structure,Construct an error-handling script that safely navigates through arbitrary depth in nested data containers when accessing user profile information.
44,5,Access data using nested structure,Generate a concise and efficient Python utility to search for specific keys within deeply structured dictionaries using recursion or iteration.
44,6,Access data using nested structure,Design a production-ready solution that accesses nested configuration data from environment variables stored in hierarchical JSON objects.
44,7,Access data using nested structure,Write clean Python code utilizing the 'get' method and default arguments to access optional fields within deeply nested dictionaries safely.
44,8,Access data using nested structure,Build an optimized data processor that flattens a complex nested structure before transforming it into a list of accessible records for further analysis.
44,9,Access data using nested structure,Create a type-annotated Python function specifically designed to validate and access values at specific paths within a structured object hierarchy.
44,10,Access data using nested structure,Implement an efficient and robust Python script using nested dictionary structures to access specific data points from a hierarchical dataset without errors or missing key exceptions. The code must follow PEP 8 guidelines and include comprehensive docstrings.
44,11,Access data using nested structure,Develop a high-performance utility function in Python that navigates through deeply nested list structures to retrieve target values by index. Ensure the implementation includes input validation and returns default values when paths do not exist for production use cases.
44,12,Access data using nested structure,"Write professional-grade Python code containing a class-based solution that manages access to complex nested JSON data structures, providing methods like 'get', 'update', and 'validate_path' while optimizing for memory usage during large dataset processing."
44,13,Access data using nested structure,"Construct an optimized Python tool designed specifically for traversing hierarchical configuration files using nested dictionaries. The solution must handle dynamic key lookups efficiently and ensure the code is readable, maintainable, and adheres to strict type hints."
44,14,Access data using nested structure,"Generate a comprehensive Python script that demonstrates safe access patterns for data within multiple levels of nesting using both standard dictionaries and list comprehensions. Prioritize code clarity, error handling with try-except blocks, and performance optimization."
45,0,Calculate sum of two numbers,Implement a robust Python script that takes user input for two numbers and prints their sum using exception handling to manage non-integer inputs.
45,1,Calculate sum of two numbers,Write an optimized pure Python function with type hinting that calculates the sum of any numeric types (int or float) without converting string arguments internally.
45,2,Calculate sum of two numbers,Create a production-grade module containing a class-based calculator where one instance method computes the total of two values efficiently and includes docstrings.
45,3,Calculate sum of two numbers,Develop a high-performance list comprehension based solution that processes a batch of number pairs to calculate sums in parallel if possible using standard libraries.
45,4,Calculate sum of two numbers,Generate concise Python code utilizing the built-in map and lambda functions to sum two variables while enforcing strict type checking at runtime.
45,5,Calculate sum of two numbers,Code a secure input validation routine that ensures exactly two arguments are provided before calculating their arithmetic mean or simple sum in Python.
45,6,Calculate sum of two numbers,Draft an advanced data processing pipeline snippet using the 'numba' library to accelerate the summation of large numeric datasets efficiently.
45,7,Calculate sum of two numbers,Construct a fully type-annotated function that accepts two objects implementing a custom Summable protocol and returns their aggregated total.
45,8,Calculate sum of two numbers,Write an asynchronous Python script using asyncio to handle concurrent summation requests from multiple user inputs simultaneously for high throughput.
45,9,Calculate sum of two numbers,"Provide a clean, dependency-free implementation of the two-number sum calculator that includes input sanitization and comprehensive error logging capabilities."
45,10,Calculate sum of two numbers,Implement a robust and type-annotated Python script to calculate the sum of two numbers using exception handling for invalid inputs. Ensure the code adheres to PEP 8 standards.
45,11,Calculate sum of two numbers,Write an optimized pure-Python function that accepts any numeric types (int or float) and returns their arithmetic sum without external dependencies. Include comprehensive docstrings.
45,12,Calculate sum of two numbers,"Create a production-ready Python module containing a class to handle the summation of two values with input validation, error logging simulation, and clear separation of concerns."
45,13,Calculate sum of two numbers,Develop an efficient Python utility function that calculates the sum of two numbers while ensuring type safety at runtime and providing descriptive error messages for edge cases. Follow best practices for code readability.
45,14,Calculate sum of two numbers,"Generate a high-performance Python script to compute the addition of two operands with dynamic typing support, input sanitization logic, and strict adherence to modern Python coding conventions."
46,0,Find difference between values,Implement an efficient and robust Python script to find differences between values in two lists using list comprehensions or set operations for optimal performance on large datasets.
46,1,Find difference between values,Write a professional-grade Python function that computes the absolute difference between corresponding elements of two input arrays with comprehensive error handling for mismatched lengths.
46,2,Find difference between values,"Create an optimized Python utility module containing multiple functions to calculate differences between values using NumPy where applicable and pure Python otherwise, adhering strictly to PEP 8 guidelines."
46,3,Find difference between values,"Develop a high-performance Python script that identifies unique elements present in one list but not the other from two provided inputs, ensuring thread safety for concurrent execution scenarios."
46,4,Find difference between values,Generate complete and production-ready Python code to compute pairwise differences between values of floating-point numbers using vectorized operations for maximum computational efficiency.
46,5,Find difference between values,"Write a clean and maintainable Python class that encapsulates logic to find the difference set between two collections, including methods for sorting results and handling edge cases like empty inputs."
46,6,Find difference between values,Implement an advanced Python solution using generator expressions to calculate differences between values on-the-fly without loading all data into memory simultaneously.
46,7,Find difference between values,"Construct a fully typed and documented Python function that returns the element-wise difference of two sequences, utilizing type hints for clarity and static analysis compatibility."
46,8,Find difference between values,Produce an optimized Python script capable of handling massive datasets by finding differences between values using chunked processing to prevent memory overflow issues.
46,9,Find difference between values,"Write a sophisticated Python utility that calculates the difference between maximum and minimum values within each group of two parallel lists, ensuring numerical stability for extreme value ranges."
46,10,Find difference between values,Implement an efficient and robust Python script using list comprehensions to find all unique values in a given input list that do not appear in another reference list. Ensure the code handles duplicate entries correctly and follows PEP 8 standards.
46,11,Find difference between values,Write a high-performance Python function optimized for large datasets to compute the set difference between two collections of integers using built-in data structures like sets or dictionaries. The solution must include input validation and return results as a sorted list.
46,12,Find difference between values,"Develop a professional-grade Python utility that accepts multiple lists as arguments via command-line interface to identify elements present in exactly one of the provided lists but not both. Prioritize code readability, type hinting, and error handling."
46,13,Find difference between values,Create a concise and optimized Python class method that calculates the symmetric difference between two sets while ensuring thread safety for concurrent access scenarios. The implementation should leverage standard library features without external dependencies.
46,14,Find difference between values,"Generate a production-ready Python module containing functions to compare numerical arrays and return indices where values differ from the corresponding positions in another array. Use NumPy for vectorized operations if performance is critical, otherwise stick to pure Python."
47,0,Multiply any pair of integers,"Implement a robust and efficient Python script to multiply any pair of integers provided as command-line arguments, handling invalid inputs gracefully."
47,1,Multiply any pair of integers,Write a PEP8-compliant class-based solution in Python that multiplies two integer values with comprehensive docstrings and error validation.
47,2,Multiply any pair of integers,Generate an optimized pure-function implementation using type hinting to compute the product of any two integers while ensuring return value correctness.
47,3,Multiply any pair of integers,Create a production-ready Python module that accepts integer operands via keyword arguments and returns their multiplication result with extensive error handling.
47,4,Multiply any pair of integers,"Develop a high-performance script in Python capable of multiplying large integers without overflow issues, adhering to best practices for numerical stability."
47,5,Multiply any pair of integers,Provide a concise yet feature-complete Python function that multiplies two integer inputs and includes support for negative numbers and zero cases.
47,6,Multiply any pair of integers,"Design an object-oriented approach in Python to calculate the product of any pair of integers, integrating unit tests as part of the deliverable structure."
47,7,Multiply any pair of integers,Construct a modular and reusable Python utility function for integer multiplication that validates input types strictly before performing operations.
47,8,Multiply any pair of integers,Write an advanced Python script featuring argument parsing with argparse to multiply any two integers supplied via command-line flags or stdin input.
47,9,Multiply any pair of integers,Produce a clean and maintainable Python solution that calculates the product of two integers using try-except blocks for exception safety and clear error messages.
47,10,Multiply any pair of integers,Implement a robust and efficient Python script that multiplies any pair of integers using type validation to ensure inputs are numeric before performing the operation. The code must handle edge cases like zero and negative numbers gracefully.
47,11,Multiply any pair of integers,"Write a professional-grade Python function named 'multiply_integers' that accepts two integer arguments, validates their types strictly, returns the product as an int, and includes comprehensive docstrings following PEP 8 standards."
47,12,Multiply any pair of integers,Generate optimized Python code for a utility function capable of multiplying any pair of integers with automatic input coercion to integer type if necessary. Ensure the solution is memory-efficient and handles large integer values without overflow issues in standard Python environments.
47,13,Multiply any pair of integers,Create a high-quality Python module containing a class-based calculator that includes an 'multiply' method for any pair of integers. The implementation should include input sanitization to reject non-integer types and provide clear error messages via exceptions.
47,14,Multiply any pair of integers,"Develop a concise yet production-ready Python script that defines two integer variables, computes their product using the built-in multiplication operator, and prints the result. Ensure the code includes type hints for all parameters and return values to enhance readability."
48,0,Divide first number by second,"Implement an efficient and robust Python script that divides the first number by the second using integer arithmetic or float conversion as appropriate, including input validation for zero division."
48,1,Divide first number by second,"Write a high-performance function in Python to divide two numbers provided as arguments, ensuring it handles edge cases like floating-point precision and type mismatches gracefully."
48,2,Divide first number by second,Create an optimized Python solution that takes the first number from input and divides it by the second number without raising unhandled exceptions for invalid inputs.
48,3,Divide first number by second,Develop a clean and professional Python class or function structure to execute division of two values with comprehensive error handling and logging capabilities.
48,4,Divide first number by second,Produce a compact yet feature-rich Python code snippet that performs the operation 'first divided by second' while adhering strictly to PEP 8 guidelines for readability.
48,5,Divide first number by second,Generate an advanced Python utility function capable of dividing two numeric types (int or float) with dynamic type inference and detailed output reporting.
48,6,Divide first number by second,"Write a production-ready Python module that includes logic to divide the first number by the second, featuring docstrings, unit test placeholders, and input sanitization."
48,7,Divide first number by second,"Construct an efficient algorithm in Python to compute the quotient of two numbers, ensuring memory optimization and handling potential overflow scenarios."
48,8,Divide first number by second,"Draft a sophisticated Python script that calculates division between two variables with explicit type coercion, exception management for runtime errors, and clear output formatting."
48,9,Divide first number by second,"Generate the most performant Python code possible to divide an initial number by a subsequent divisor, focusing on minimal overhead and maximum clarity in execution flow."
48,10,Divide first number by second,"Implement an efficient and error-handled Python script that divides the first input number by the second input number, ensuring type safety and handling division-by-zero exceptions using best practices."
48,11,Divide first number by second,"Write a robust production-ready function in Python that takes two numeric arguments, performs integer or float division based on inputs, validates constraints rigorously, and adheres strictly to PEP 8 standards."
48,12,Divide first number by second,Create an optimized modular Python code snippet for calculating the quotient of a first operand divided by a second operand that includes comprehensive input validation using `try-except` blocks and clear type hints.
48,13,Divide first number by second,"Develop a clean and scalable Python utility function to divide one number by another, featuring explicit edge case handling for non-numeric inputs or zero divisors while maintaining high performance."
48,14,Divide first number by second,Generate professional-grade Python code that implements the division of an initial value by a subsequent value with detailed documentation strings and defensive programming techniques to prevent runtime errors.
49,0,Check if result is positive,"Implement a robust and efficient Python script to check if a given numerical result is positive, ensuring it handles both integer and float inputs while adhering to strict type safety."
49,1,Check if result is positive,Write a production-ready function in Python that determines the sign of an input value without raising exceptions for invalid types like strings or None.
49,2,Check if result is positive,"Create a high-performance utility module containing a method to verify if any numeric result exceeds zero, optimized for repeated calls within tight loops."
49,3,Check if result is positive,"Develop a clean and maintainable Python class with an instance method that evaluates whether the stored value is positive, including comprehensive docstrings and type hints."
49,4,Check if result is positive,"Generate optimized code to check if a mathematical result is strictly greater than zero, ensuring edge cases such as floating-point precision errors are handled gracefully."
49,5,Check if result is positive,"Write a standalone Python script that accepts command-line arguments and outputs whether the provided number is positive, following best practices for CLI tooling."
49,6,Check if result is positive,Implement a type-safe helper function in Python to determine positivity of numeric results using `numbers.Number` from the standard library for maximum compatibility.
49,7,Check if result is positive,"Construct an efficient and readable solution to check if a result is positive, utilizing early returns and avoiding unnecessary conditional nesting where possible."
49,8,Check if result is positive,"Produce a well-documented Python function that validates the positivity of input data, including support for complex numbers by checking only their real part's sign."
49,9,Check if result is positive,"Write an optimized and bug-free algorithm in Python to detect if a calculated result is positive, ensuring it runs efficiently on large datasets without external dependencies."
49,10,Check if result is positive,"Implement a robust and production-ready Python script that checks if a given numerical result is positive, ensuring it handles all edge cases including zero and negative numbers while adhering to PEP 8 coding standards."
49,11,Check if result is positive,"Write an efficient, type-annotated Python function designed specifically to determine positivity of numeric inputs, optimized for performance in high-frequency execution contexts."
49,12,Check if result is positive,Create a comprehensive Python utility module that includes a validated positive number checker with input sanitization and error handling mechanisms following best practices.
49,13,Check if result is positive,"Develop a concise yet professional Python function to evaluate whether the provided result is strictly greater than zero, ensuring maximum readability and adherence to modern Python conventions."
49,14,Check if result is positive,Generate an optimized Python solution for checking positive results that includes unit test examples demonstrating correct behavior across various input types like integers and floats.
50,0,Add three given variables together,Implement an efficient and robust Python script using type hints to calculate the sum of three variables provided as arguments.
50,1,Add three given variables together,Write a PEP 8 compliant function in Python that takes exactly three inputs and returns their total without printing any intermediate values.
50,2,Add three given variables together,Create an optimized Python solution using the built-in sum() method to aggregate the result of adding three given variables together.
50,3,Add three given variables together,Develop a professional-grade Python module that accepts any number of numeric arguments but specifically handles the case where exactly three values are passed for summation.
50,4,Add three given variables together,"Generate high-performance Python code using list comprehension to sum three variables, ensuring strict input validation is included within the function definition."
50,5,Add three given variables together,Compose a clean and readable Python script that defines an add_three_variables helper function with comprehensive error handling for non-numeric inputs.
50,6,Add three given variables together,Produce a concise Python implementation using the walrus operator to conditionally sum three variables if they are all of type int or float.
50,7,Add three given variables together,Write an advanced Python function utilizing static analysis compatibility that computes the arithmetic mean and total by adding three specific input parameters.
50,8,Add three given variables together,"Construct a type-safe Python utility class with a method to calculate the sum of three variables, adhering strictly to modern best practices for data integrity."
50,9,Add three given variables together,Provide an optimized and scalable Python solution that encapsulates logic to add three given inputs together using dependency injection patterns.
50,10,Add three given variables together,Implement a robust and type-annotated Python script that accepts three variables as arguments and returns their total sum using best practices for input validation and error handling.
50,11,Add three given variables together,"Write an optimized pure-Python function to add three given values together, ensuring the code is efficient, readable, adheres to PEP 8 standards, and handles edge cases gracefully."
50,12,Add three given variables together,"Generate a professional Python solution that sums three input variables with comprehensive documentation, type hints, and support for both numeric types without using external libraries."
50,13,Add three given variables together,"Create a high-performance Python utility function to calculate the sum of three provided arguments, focusing on code clarity, maintainability, and strict adherence to modern Python coding conventions."
50,14,Add three given variables together,"Develop a complete and optimized Python program that takes three variables as input, validates them for numeric compatibility if necessary, computes their sum, and outputs the result using industry-standard practices."
51,0,Find first element in list,Implement an efficient and robust Python script to find the first element in a list using standard iteration techniques while adhering strictly to PEP 8 coding guidelines.
51,1,Find first element in list,Write optimized Python code that returns the initial item of any given non-empty list without raising errors for empty inputs by handling edge cases gracefully.
51,2,Find first element in list,Create a high-performance function in Python to extract the first element from an input sequence using minimal memory overhead and clear variable naming conventions.
51,3,Find first element in list,Develop a production-ready Python utility that safely retrieves the head of a list with comprehensive error handling for empty collections following best practices.
51,4,Find first element in list,Generate concise yet professional Python code to access the first element in an iterable structure ensuring type safety and readability throughout the implementation.
51,5,Find first element in list,"Construct a scalable Python solution for finding the initial list item that demonstrates clean logic flow, avoids unnecessary complexity, and meets industry standards."
51,6,Find first element in list,Produce an advanced Python function capable of identifying the first element in diverse data structures with input validation and detailed docstrings explaining usage patterns.
51,7,Find first element in list,Write a streamlined Python program to retrieve the leading item from a list focusing on computational efficiency and adherence to modern Pythonic idioms.
51,8,Find first element in list,Design a fault-tolerant Python module that extracts the first element from user-provided lists with extensive logging capabilities for debugging purposes.
51,9,Find first element in list,Formulate an optimal Python algorithm to determine the initial list entry ensuring maximum performance on large datasets while maintaining code clarity and maintainability.
51,10,Find first element in list,"Implement an efficient and robust Python script to find the first element in a list using standard library tools, ensuring it handles empty lists gracefully without raising exceptions."
51,11,Find first element in list,Write professional-grade Python code that extracts the initial item from any given iterable or list with O(1) time complexity and includes comprehensive input validation.
51,12,Find first element in list,"Create a high-quality function in Python to retrieve the first element of a sequence, adhering strictly to PEP 8 guidelines and using type hints for clarity and safety."
51,13,Find first element in list,Develop an optimized utility module containing a method to access the head node or first item from a list structure with maximum performance and minimal memory overhead.
51,14,Find first element in list,Generate production-ready Python code that safely returns the first element of a non-empty list while providing clear error handling for edge cases like null inputs or empty collections.
52,0,Check last item value,Implement an efficient Python script to retrieve and print the last value from any given list or array input without modifying the original data structure.
52,1,Check last item value,Write a robust function that safely returns the final element of a sequence while handling empty inputs by raising a descriptive exception rather than returning None.
52,2,Check last item value,Create an optimized Python utility to extract the last item from nested list structures using recursion or iterative approaches depending on depth efficiency.
52,3,Check last item value,Develop a high-performance generator-based solution in Python that yields elements until it produces and returns the final value of an iterable stream.
52,4,Check last item value,Construct a type-annotated function using modern PEP 8 guidelines to access the terminal element of heterogeneous data collections with minimal memory overhead.
52,5,Check last item value,Write a production-ready Python module that includes comprehensive docstrings and error handling logic for retrieving the last item from various container types including tuples and sets.
52,6,Check last item value,Implement a concise and readable one-liner approach alongside an explicit loop version to determine the final value of a list in pure Python with O(1) space complexity.
52,7,Check last item value,Generate a secure and scalable Python function designed for large datasets that avoids loading entire collections into memory when only the last element is required.
52,8,Check last item value,Code an advanced pattern matching solution in Python to validate input formats before extracting the final item from complex data structures like dictionaries or objects.
52,9,Check last item value,Produce a benchmark-tested implementation of 'check last item value' that compares performance between slicing and index-based access methods for large arrays.
52,10,Check last item value,Implement an efficient and robust Python script to retrieve the last element from a list or iterable using type-safe logic that handles empty sequences gracefully without raising exceptions unnecessarily.
52,11,Check last item value,"Write professional-grade Python code for extracting the final value of any sequence object (list, tuple, string) with support for default values when the container is empty to prevent runtime errors."
52,12,Check last item value,Develop a high-performance utility function in Python that safely accesses the last item from an input collection while adhering strictly to PEP 8 guidelines and using type hints for clarity.
52,13,Check last item value,"Create a production-ready solution in Python to determine the value of the final element within any iterable structure, ensuring optimal memory usage and handling edge cases like empty inputs with clear error messages if needed."
52,14,Check last item value,"Generate concise yet comprehensive Python code that identifies and returns the last item from a given sequence, utilizing modern best practices such as type hinting and docstrings for maintainability."
53,0,Count items from start,Implement an efficient and robust Python script to count items in a list starting from index zero using enumerate(). The solution must handle empty lists gracefully and follow all PEP 8 guidelines for readability.
53,1,Count items from start,"Write optimized Python code that counts the total number of elements in any iterable object (list, tuple, set) by iterating sequentially. Ensure type hints are included and use a generator expression where appropriate to minimize memory usage."
53,2,Count items from start,"Create a high-performance Python function named 'count_from_start' that accepts an input sequence and returns the item count starting from position zero. The code must include comprehensive docstrings, type annotations, and error handling for non-iterable inputs."
53,3,Count items from start,Develop a production-ready Python module to calculate element counts by traversing collections from the beginning. Prioritize memory efficiency using built-in functions like len() or sum(1 for x in iterable) while maintaining strict adherence to modern Python best practices.
53,4,Count items from start,Generate concise and optimized Python code that iterates through a collection starting at index zero to count items. The implementation should be compatible with both Python 3.6+ environments and include inline comments explaining the logic flow.
53,5,Count items from start,"Write a clean and scalable Python script designed specifically for counting list elements from the start without skipping any initial indices. Ensure variable names are descriptive, code is indented correctly according to PEP 8, and edge cases like None inputs are handled explicitly."
53,6,Count items from start,Implement a best-practice Python solution using a for loop with an index counter starting at zero to tally items in a sequence. The function should return the final count as an integer and must be fully type-annotated for static analysis tools.
53,7,Count items from start,"Construct an optimized Python utility that counts elements by iterating from the beginning of any input collection. Focus on code clarity, performance through efficient iteration methods, and ensure all standard library imports are used correctly without unnecessary dependencies."
53,8,Count items from start,"Produce a professional-grade Python function to count items starting at index zero that handles various data types seamlessly. Include input validation logic, return type hints, and follow the principle of least astonishment in variable naming conventions."
53,9,Count items from start,"Write an efficient Python script for counting sequence elements from start to finish using a standard loop structure. The code must be self-contained, include a main execution block with test cases, and adhere strictly to industry-standard coding norms."
53,10,Count items from start,"Implement a robust and efficient Python script to count items in an iterable from start using zero-based indexing logic, ensuring it handles empty inputs gracefully without raising exceptions."
53,11,Count items from start,Write optimized Python code that counts elements starting from the beginning of any input sequence while maintaining O(n) time complexity and adhering strictly to PEP 8 style guidelines.
53,12,Count items from start,"Create a high-performance Python function designed specifically for counting items from start in large datasets, utilizing built-in methods correctly to ensure memory efficiency and code clarity."
53,13,Count items from start,"Develop professional-grade Python logic that iterates through an input collection from the initial element to calculate a count, with comprehensive error handling for non-iterable types."
53,14,Count items from start,"Generate concise and scalable Python code capable of counting items starting from index zero across various data structures like lists or tuples, prioritizing readability and execution speed."
54,0,Locate middle position mark,Implement an efficient algorithm in Python to locate and return the position index of the middle mark for a given input array using zero-based indexing.
54,1,Locate middle position mark,Write robust Python code that calculates the exact center position of any iterable sequence without converting it into a list first when possible.
54,2,Locate middle position mark,"Develop high-performance pure Python logic to determine the middle index mark for both even and odd length sequences, handling edge cases like empty input gracefully."
54,3,Locate middle position mark,Create a production-ready function in Python that locates the midpoint position of an array with comprehensive error checking and type hinting.
54,4,Locate middle position mark,Produce optimized Python code to compute the center coordinate mark for any sequence object while maintaining O(1) time complexity where feasible.
54,5,Locate middle position mark,Draft professional-grade Python instructions that find the middle position index of a collection using integer arithmetic and adhering strictly to PEP 8 guidelines.
54,6,Locate middle position mark,Generate clean and efficient Python code capable of locating the central mark for variable-length input sequences with built-in support for multiple data types.
54,7,Locate middle position mark,"Write a scalable Python solution that identifies the middle position index by calculating length division, ensuring it works seamlessly on generators without materialization overhead."
54,8,Locate middle position mark,Implement advanced Python logic to pinpoint the exact center mark of an array with clear documentation and use of standard library tools for robustness.
54,9,Locate middle position mark,"Construct a precise Python utility function that determines the middle position index from any sequence input, optimized for speed and memory usage in production environments."
54,10,Locate middle position mark,"Implement an efficient and robust Python script to locate the middle position mark in a list or array using zero-based indexing, ensuring it handles empty inputs gracefully while adhering to PEP 8 standards."
54,11,Locate middle position mark,Write a high-performance function that calculates the exact center index of any given sequence with O(1) time complexity and includes comprehensive input validation for non-iterable types.
54,12,Locate middle position mark,"Create an optimized Python utility to determine the middle position mark in a collection, utilizing type hints for clarity and ensuring thread-safe behavior when processing large datasets."
54,13,Locate middle position mark,Develop a production-ready module that identifies the midpoint index of input data structures with minimal memory overhead and includes detailed docstrings describing edge cases like negative lengths or non-numeric indices.
54,14,Locate middle position mark,"Generate concise and scalable Python code to find the middle position mark in a list, focusing on readability through variable naming conventions and error handling for invalid input scenarios."
55,0,Swap two adjacent values,Implement an efficient and robust Python script to swap any two adjacent values in a list or tuple using zero-based indexing validation.
55,1,Swap two adjacent values,Write optimized Python code that handles the swapping of adjacent elements for both mutable lists and immutable tuples without raising errors on out-of-bounds access.
55,2,Swap two adjacent values,Create a professional-grade function in Python to swap two consecutive items within an iterable structure while maintaining type safety and performance.
55,3,Swap two adjacent values,Develop a high-performance Python utility that swaps adjacent values by reference for lists and returns a new object for tuples or other immutable sequences.
55,4,Swap two adjacent values,"Generate clean, PEP-compliant Python code to exchange two neighboring elements in an array, ensuring the solution works with nested structures if applicable."
55,5,Swap two adjacent values,Write a concise and scalable Python function designed specifically for swapping adjacent values that includes comprehensive input validation and error handling.
55,6,Swap two adjacent values,Produce an advanced Python implementation capable of swapping two consecutive indices in any sequence type with minimal memory overhead and maximum readability.
55,7,Swap two adjacent values,Construct a production-ready Python module that provides a method to swap adjacent values across different data structures including sets converted to lists where necessary.
55,8,Swap two adjacent values,"Develop an optimized algorithm in pure Python for swapping two neighbors within a large dataset, focusing on time complexity and code clarity."
55,9,Swap two adjacent values,Write a versatile and secure Python function to swap adjacent values that gracefully handles edge cases such as single-element sequences or empty inputs.
55,10,Swap two adjacent values,Implement a robust and efficient Python function to swap any pair of adjacent elements in an input list or tuple without modifying the original data structure unless explicitly requested. The code must handle edge cases like empty lists or single-element collections gracefully.
55,11,Swap two adjacent values,"Write high-quality Python code that accepts a mutable sequence and swaps two specific adjacent indices provided as arguments, ensuring maximum performance for large datasets while adhering to PEP 8 coding standards. Include comprehensive type hinting throughout the implementation."
55,12,Swap two adjacent values,Create an optimized utility function in Python designed specifically for swapping neighboring values within a list object using generator expressions where appropriate and lambda functions only if they enhance readability or performance significantly compared to standard control flow constructs.
55,13,Swap two adjacent values,Develop a professional-grade script that generalizes the swap operation across different container types including lists and numpy arrays by detecting data structures dynamically at runtime before executing the adjacent value exchange logic efficiently in memory.
55,14,Swap two adjacent values,"Produce clean, object-oriented Python code representing a SwapManager class capable of swapping any two consecutive elements within various collections with full validation for index bounds and type compatibility to prevent runtime errors during execution."
56,0,Print index of target,Implement a robust and efficient Python script to calculate the product index for any given target value using best practices.
56,1,Print index of target,Write optimized Python code that determines the print index of a specific target number with full error handling and PEP 8 compliance.
56,2,Print index of target,"Create a high-performance Python function to find the target's print index, ensuring maximum efficiency and clean architecture."
56,3,Print index of target,Develop professional-grade Python code for computing the print index of a target value with comprehensive input validation.
56,4,Print index of target,"Generate an optimized Python solution to retrieve the print index based on a provided target, adhering strictly to industry standards."
56,5,Print index of target,Write a complete and efficient Python program that calculates the print index for any target input using modern best practices.
56,6,Print index of target,Implement a scalable Python function to determine the print index of a target value with detailed logging capabilities.
56,7,Print index of target,"Produce high-quality Python code that computes the print index for a given target, focusing on readability and execution speed."
56,8,Print index of target,Develop an advanced Python script to identify the print index of a target number with extensive documentation support.
56,9,Print index of target,Write a production-ready Python function for calculating the print index of any target value ensuring optimal performance and security.
56,10,Print index of target,Implement an optimized Python script to calculate and return the product index for any given numeric target using efficient arithmetic operations.
56,11,Print index of target,Write a robust Python module containing a function that determines the print index of a specified target value with comprehensive error handling and input validation.
56,12,Print index of target,Develop a high-performance Python utility to compute the target's printed index based on prime factorization algorithms for maximum efficiency.
56,13,Print index of target,Create a professional-grade Python solution that accepts numeric targets and outputs their corresponding print index while adhering strictly to PEP 8 coding standards.
56,14,Print index of target,Generate an advanced Python code structure featuring the target print index logic with modular design principles for maintainability and execution speed.
57,0,Access specific array slot,"Implement an optimized and secure function to retrieve or set values in a specific slot within any provided array using zero-based indexing. The solution must handle out-of-bounds errors gracefully with descriptive messages, follow PEP 8 coding standards, include comprehensive docstrings, and ensure type safety for integer indices."
57,1,Access specific array slot,"Write a robust Python class named 'ArraySlotManager' that encapsulates array access logic to safely get or assign values at specific slots. The implementation must validate index types and ranges internally, support list subclassing via `__subclasshook__`, adhere to best practices for exception handling, and ensure thread-safety considerations are addressed in the design."
57,2,Access specific array slot,"Develop a high-performance utility function that accesses an arbitrary element by its index from any mutable sequence. This code must include input validation using `isinstance`, handle negative indices according to Python conventions for reverse indexing when applicable but reject non-integer types explicitly, and follow all standard library patterns without unnecessary overhead."
57,3,Access specific array slot,"Create a self-contained module that provides three functions: one to safely read an array slot with default value fallback if missing or invalid index is provided, another to update the specified slot atomically within the list structure, and a third to validate the entire dataset integrity before access. Ensure all code adheres to strict typing hints (PEP 484), utilizes `typing.List` for type declarations, and avoids external dependencies."
57,4,Access specific array slot,Write an optimized script that iterates over a list of integers in reverse order using negative indexing logic while maintaining efficiency. Include error handling to catch attempts to access non-existent positions or float indices as types are not supported for this operation. The code must be formatted according to PEP 8 and include inline comments explaining performance optimizations.
57,5,Access specific array slot,"Generate a production-ready function that accepts any sequence but requires it to support list-like slicing operations internally. Implement logic to extract or modify the element at index `n` where negative indices are treated as absolute offsets unless explicitly overridden by configuration flag `allow_negative`. Ensure inputs are validated for mutability if modification is attempted, and use standard exception classes like `IndexError` appropriately."
57,6,Access specific array slot,"Produce a compact yet comprehensive solution that defines two functions: `get_item_at_index(data_list, index)` and `set_item_at_index(data_list, index, new_value)`. Both must perform pre-checks to confirm the provided list is not None and contains only supported types (integers or strings). Include type annotations for all parameters and return values. Adhere strictly to Python 3.10+ syntax requirements."
57,7,Access specific array slot,Develop a specialized data accessor designed for high-frequency trading scenarios where speed is critical. Implement logic to access specific array slots with minimal CPU cycles by using `__getitem__` protocol directly on the input list after rigorous type checking that prevents any non-numeric index usage during runtime. Ensure memory allocation remains constant regardless of list size.
57,8,Access specific array slot,"Write a flexible Python tool that allows users to safely access or modify array elements at specific positions with automatic bounds checking and informative error messages if indices fall outside `[0, len(list))` range. The code should support both positive and negative indexing logic unless `strict_bounds=True` flag is set during instantiation. All functions must return explicit result types indicating success or failure status."
57,9,Access specific array slot,Construct a fully typed Python module containing an advanced array slot manager that extends built-in lists with custom behavior for accessing slots. Include logic to prevent accidental modification of the original list object if `immutable_mode` is enabled during initialization while still allowing reads and writes within internal buffers only when safe indices are verified against constraints defined in configuration dictionary.
57,10,Access specific array slot,Implement an efficient and robust Python script to access a specific element by index in a list or tuple using zero-based indexing logic.
57,11,Access specific array slot,Write professional-grade Python code that safely retrieves the value at a given array slot while handling out-of-bounds errors gracefully with appropriate exception management.
57,12,Access specific array slot,"Create an optimized function in Python to access any specific index within a sequence data structure, ensuring type hints are included and following PEP 8 guidelines for readability."
57,13,Access specific array slot,Develop a high-performance utility module that provides a method to fetch elements from arrays or tuples at arbitrary positions with minimal overhead and maximum clarity.
57,14,Access specific array slot,Generate complete Python code demonstrating how to access specific array slots using both direct indexing and optional validation patterns for production environments.
58,0,Calculate days between two dates,Implement a robust and efficient Python script using the datetime module to calculate the exact number of days between any two given dates provided as arguments. Ensure error handling for invalid date formats.
58,1,Calculate days between two dates,Write a professional-grade function in pure Python that determines the day count difference between two input dates without using external libraries like pandas or pydateutil to guarantee maximum portability and performance. Validate inputs strictly.
58,2,Calculate days between two dates,"Create an optimized utility class method capable of computing days elapsed between a start date string (YYYY-MM-DD) and an end date string, with automatic timezone normalization if the input is naive or aware as appropriate. Include comprehensive docstrings."
58,3,Calculate days between two dates,Develop a high-performance Python solution using f-string formatting and minimal overhead to calculate absolute days between two ISO-8601 date objects returned from an API. Handle leap years automatically through standard logic.
58,4,Calculate days between two dates,"Generate a production-ready Python module containing a function that accepts either datetime or string inputs and outputs the delta in days as an integer, featuring type hints for IDE support and adherence to PEP 8 guidelines. Add unit test examples within the code."
58,5,Calculate days between two dates,"Construct a secure Python script that validates user-provided date strings against specific calendar rules before calculating days between them, ensuring no runtime exceptions occur on malformed or impossible dates like February 30th. Use exception handling gracefully."
58,6,Calculate days between two dates,"Write a concise and readable Python function using the `dateutil` library if available as an optimization for complex date arithmetic, but provide a fallback to standard datetime logic for environments without dependencies to calculate days between two timestamps. Include input validation."
58,7,Calculate days between two dates,"Design an advanced Python calculator that computes the number of business days (excluding weekends) and total calendar days between two dates simultaneously, returning a dictionary with both metrics for enhanced utility in scheduling applications."
58,8,Calculate days between two dates,Produce a type-annotated Python function optimized for large-scale date processing tasks that calculates the span in days between an array of start dates and corresponding end dates using vectorized operations where possible or efficient loops. Ensure thread-safety.
58,9,Calculate days between two dates,"Build a comprehensive Python utility library with a `calculate_days_between` class that supports multiple input formats (string, datetime object, timestamp integer), includes logging for debugging, and implements strict type checking to prevent silent failures."
58,10,Calculate days between two dates,"Implement a robust and efficient Python script using only standard libraries to calculate the exact number of days between any two given dates, ensuring it handles leap years correctly without external dependencies."
58,11,Calculate days between two dates,"Write professional-grade code in Python that accepts start and end date inputs as strings or datetime objects and returns a precise integer representing the day difference, optimized for performance with clear error handling."
58,12,Calculate days between two dates,"Generate an optimized function using Python's built-in 'datetime' module to determine the elapsed days between two arbitrary dates, adhering strictly to PEP 8 guidelines and including comprehensive docstrings."
58,13,Calculate days between two dates,"Create a high-performance calculation script in pure Python that computes the difference in days between any valid date pair, focusing on code clarity, maintainability, and correctness across different calendar scenarios."
58,14,Calculate days between two dates,"Develop a complete solution in Python to calculate the number of days separating two dates with full input validation for invalid date formats, utilizing best practices for readability and execution speed."
59,0,Find day of week for given date,Implement a robust and efficient Python script using the datetime module to calculate the day of the week for any given date string in 'YYYY-MM-DD' format.
59,1,Find day of week for given date,"Write professional-grade Python code that accepts a date object or string input and returns the corresponding weekday name (e.g., Monday) with full error handling for invalid dates."
59,2,Find day of week for given date,Create an optimized function in Python using standard library tools to determine the day of the week from a specific calendar date without external dependencies.
59,3,Find day of week for given date,Develop a high-quality Python utility that parses various common date formats and outputs the full weekday name for validation purposes.
59,4,Find day of week for given date,Generate complete Python code utilizing the datetime module to map any input year-month-day combination to its corresponding day of week with comprehensive documentation.
59,5,Find day of week for given date,Write a production-ready Python function that calculates the weekday for a given date using best practices and includes type hints for clarity.
59,6,Find day of week for given date,"Implement an efficient Python solution to find the day of the week from a date string, ensuring it handles leap years correctly and follows PEP 8 guidelines."
59,7,Find day of week for given date,Construct a clean and maintainable Python script that converts ISO format dates into their respective weekday names using standard library features.
59,8,Find day of week for given date,"Develop a precise Python function to determine the day of the week for any valid date input, prioritizing performance and code readability."
59,9,Find day of week for given date,Write an advanced Python program that takes multiple date inputs in different formats and returns their corresponding weekdays with detailed error messages for invalid entries.
59,10,Find day of week for given date,Implement a production-ready Python script using only built-in libraries to calculate the day of the week for any valid date input. The solution must handle leap years correctly and include comprehensive error handling for invalid dates.
59,11,Find day of week for given date,"Develop an efficient Python module that accepts either a tuple (year, month, day) or separate arguments to return the corresponding weekday number where Monday is 1 and Sunday is 7. Optimize input validation logic for maximum performance."
59,12,Find day of week for given date,"Write a robust Python function that determines the full English name of the day (e.g., 'Wednesday') given a specific date using standard datetime capabilities. Ensure it validates year ranges and provides clear exceptions on invalid inputs without any third-party dependencies."
59,13,Find day of week for given date,Create an optimized Python utility function to compute the day of week from string-formatted dates (YYYY-MM-DD). The code should convert strings efficiently using date parsing utilities and output a standardized integer index representing the weekday.
59,14,Find day of week for given date,"Generate high-quality Python code for converting arbitrary calendar dates to their corresponding day of week representation. Focus on writing clean, maintainable logic that utilizes native datetime objects while adding optional custom formatting parameters for user convenience."
60,0,Check if year is a leap year,Implement a robust Python script to check if a given year is a leap year using proper logic and error handling for invalid inputs.
60,1,Check if year is a leap year,Write an optimized function in Python that determines leap years based on the Gregorian calendar rules with comprehensive documentation.
60,2,Check if year is a leap year,"Create a professional-grade Python solution to validate leap year status from user input, ensuring it handles edge cases correctly."
60,3,Check if year is a leap year,Develop an efficient Python utility function that checks for leap years following PEP 8 standards and includes type hinting.
60,4,Check if year is a leap year,Generate a high-quality Python program to detect if a year is divisible by four without being excluded based on century rules.
60,5,Check if year is a leap year,Code a clean and maintainable Python module function that calculates leap year status with extensive inline comments explaining the logic.
60,6,Check if year is a leap year,Produce an advanced Python script capable of processing multiple years at once to identify all leap years within a specified range.
60,7,Check if year is a leap year,Draft a precise and performant Python function for leap year detection that strictly adheres to industry best practices.
60,8,Check if year is a leap year,Write a comprehensive Python tool that accepts any integer argument and returns accurate boolean results regarding its leap year status.
60,9,Check if year is a leap year,Construct an excellent Python implementation for the 'is_leap_year' problem featuring optimized algorithms and clear input validation logic.
60,10,Check if year is a leap year,Implement a robust and efficient Python script to determine if a given year is a leap year using standard library functions or optimized logic. Ensure the code handles edge cases correctly and follows PEP 8 guidelines.
60,11,Check if year is a leap year,Write a complete Python program that checks whether an input year satisfies the Gregorian calendar rules for being a leap year with maximum performance optimization in mind. Include clear documentation and error handling for invalid inputs.
60,12,Check if year is a leap year,"Create a high-quality Python function to validate if a specific year is a leap year based on the astronomical definition, ensuring it runs efficiently even with large input ranges while maintaining strict code quality standards."
60,13,Check if year is a leap year,"Develop an optimized and production-ready Python solution for checking leap years that utilizes bitwise operations or mathematical shortcuts where appropriate. The output must be clean, readable, and fully compliant with professional coding practices."
60,14,Check if year is a leap year,"Generate a concise yet comprehensive Python module containing a function to detect leap years, incorporating all necessary logic for century rules without external dependencies. Prioritize code clarity, execution speed, and adherence to best-practice software engineering principles."
61,0,Convert seconds into hours minutes,"Implement a robust and efficient Python script that converts seconds into hours and minutes using integer division and modulo operators, ensuring it handles zero input correctly."
61,1,Convert seconds into hours minutes,Write professional-grade Python code with type hints for a function named 'seconds_to_hm' that takes an integer representing total seconds and returns the corresponding hours and minutes as integers.
61,2,Convert seconds into hours minutes,Create a high-performance Python utility class method to convert arbitrary non-negative second values into formatted hour and minute outputs without external dependencies.
61,3,Convert seconds into hours minutes,Develop an optimized pure-Python solution that calculates hours and minutes from seconds using standard arithmetic operations while adhering strictly to PEP 8 coding standards.
61,4,Convert seconds into hours minutes,"Generate a complete Python program featuring input validation for negative numbers and edge cases like zero or one second, returning the result as a tuple of integers."
61,5,Convert seconds into hours minutes,"Construct an efficient conversion function in Python that decomposes total seconds into hours and minutes using integer division logic, ensuring maximum readability and maintainability."
61,6,Convert seconds into hours minutes,"Write a production-ready Python script with docstrings explaining the time-to-seconds conversion algorithm, handling large input values efficiently without overflow issues."
61,7,Convert seconds into hours minutes,Implement a concise yet comprehensive Python function to transform seconds into hours and minutes using bitwise operations where applicable for optimization on modern architectures.
61,8,Convert seconds into hours minutes,Produce an advanced Python solution that converts seconds to time components with support for both integer return types and formatted string output in one flexible class structure.
61,9,Convert seconds into hours minutes,"Develop a best-practice Python module containing a static method for converting seconds into hours and minutes, including comprehensive error handling for invalid input types."
61,10,Convert seconds into hours minutes,"Implement a robust and efficient Python script that converts seconds into hours, minutes, and remaining seconds using integer division and modulo operators to ensure accurate results for any non-negative input value."
61,11,Convert seconds into hours minutes,"Write professional-grade Python code with type hints and docstrings that defines a function to convert total seconds into formatted time components (hours, minutes, seconds) while handling edge cases like zero or large inputs gracefully."
61,12,Convert seconds into hours minutes,Create an optimized Python utility class named TimeConverter that includes methods for converting seconds to hours/minutes format and validating input types strictly according to best practices in the standard library ecosystem.
61,13,Convert seconds into hours minutes,Develop a clean and maintainable Python solution using f-strings or .format() syntax to display converted time values from seconds into 'H:MM:SS' structure with zero-padding for minutes and seconds when necessary.
61,14,Convert seconds into hours minutes,Generate high-quality Python code that encapsulates the logic of converting seconds into hours and minutes within a reusable function decorated with logging utilities to track execution flow without compromising performance or readability.
62,0,Add months to current calendar date,Write a robust Python script using datetime to add N months to a current date and output the result in ISO format.
62,1,Add months to current calendar date,Implement an optimized function that takes today's date as input and returns the new date after adding specified months without manual month length calculations.
62,2,Add months to current calendar date,Create a production-ready Python module with type hints to calculate future dates by appending months using standard library best practices.
62,3,Add months to current calendar date,Develop a high-performance utility function that adds multiple month increments to the current calendar date and returns a list of resulting datetimes.
62,4,Add months to current calendar date,Write clean Python code using datetime.replace() and timedelta logic to handle edge cases when adding months across year boundaries.
62,5,Add months to current calendar date,"Generate an efficient script that accepts a date string in YYYY-MM-DD format, adds the requested number of months, and prints the updated date."
62,6,Add months to current calendar date,Construct a professional Python solution to compute future dates by adding months using calendar module or datetime for maximum accuracy.
62,7,Add months to current calendar date,Code an optimized function that calculates the target date after adding N months from today while handling leap years and varying month lengths automatically.
62,8,Add months to current calendar date,Write a comprehensive Python program with input validation to add arbitrary months to the current system date and return both datetime and timestamp objects.
62,9,Add months to current calendar date,Implement a best-practice utility function using python-datetime that adds N months to today's date ensuring thread safety and PEP 8 compliance.
62,10,Add months to current calendar date,"Write a robust Python script using the datetime module to add any number of months to a given date while handling leap years and varying month lengths correctly. Ensure the code is fully commented, adheres to PEP 8 standards, and includes error handling for invalid inputs."
62,11,Add months to current calendar date,Implement an optimized Python function that takes a current date string in 'YYYY-MM-DD' format and returns the new date with n months added. Use professional best practices to avoid datetime arithmetic pitfalls like negative leap days or month rollovers.
62,12,Add months to current calendar date,Generate efficient Python code that accepts a pandas DataFrame column containing dates and adds varying integers of months to each row without iterating manually. Leverage vectorized operations for high performance in data processing contexts while maintaining readability.
62,13,Add months to current calendar date,Develop a complete Python utility class named DateMonthCalculator that provides methods to add positive or negative numbers of months to any date object stored as strings. Prioritize input validation and output formatting in ISO 8601 standard.
62,14,Add months to current calendar date,Create a standalone Python module containing a function 'add_months' that leverages the calendar module for precise month calculation. The code must include comprehensive docstrings describing edge cases such as January to December transitions and February leap year adjustments.
63,0,Subtract years from specific date,Implement a robust Python script using datetime to subtract a specified number of years from any given date while handling leap year logic correctly.
63,1,Subtract years from specific date,Write an optimized function in pure Python that takes two arguments (a date and integer years) and returns the resulting new date without external dependencies.
63,2,Subtract years from specific date,Create a production-ready class named DateSubtractor with methods to subtract variable year counts from input dates using best-practice error handling for invalid inputs.
63,3,Subtract years from specific date,Develop an efficient Python utility that accepts a date string and integer years as parameters and outputs the calculated new date in ISO format.
63,4,Subtract years from specific date,Write a concise yet readable function to calculate past dates by subtracting N years from M using standard library modules only.
63,5,Subtract years from specific date,Implement a high-performance Python solution for bulk date subtraction operations where multiple years must be removed from a list of input timestamps.
63,6,Subtract years from specific date,Construct a fully typed function that validates the year type and calculates the difference in days before returning the final adjusted datetime object.
63,7,Subtract years from specific date,Generate an advanced Python script capable of subtracting years from dates across different calendar systems while maintaining ISO 8601 compliance.
63,8,Subtract years from specific date,Write a modular function with docstrings and type hints that safely computes the date resulting after deducting specific years from any valid input datetime.
63,9,Subtract years from specific date,Produce an optimal Python code snippet for subtracting integer year values from arbitrary dates ensuring maximum compatibility across all major timezones.
63,10,Subtract years from specific date,Implement a robust and efficient Python script using the datetime module to subtract an arbitrary number of years from any given date string input. Ensure the code handles leap years correctly by calculating end-of-month dates precisely.
63,11,Subtract years from specific date,"Write a production-ready class in Python that acts as a DateSubtractor tool, accepting start and end year values to compute resulting birthdays or anniversaries. Optimize the logic for performance when processing large lists of dates while maintaining code clarity."
63,12,Subtract years from specific date,"Create a high-performance Python function that accepts a date object in ISO format and an integer year difference, returning the new calculated date as a string. Prioritize type safety and ensure the implementation avoids common pitfalls associated with naive datetime subtraction."
63,13,Subtract years from specific date,Develop a comprehensive Python solution that converts various input date formats to standard format before subtracting specified years from them. Include error handling for invalid dates or non-integer year inputs and output the result in both string and datetime object forms.
63,14,Subtract years from specific date,Construct an optimized Python utility function that takes a specific date and returns all future dates generated by subtracting n years from it. Ensure the code utilizes built-in library best practices for calendar arithmetic rather than manual month calculations to prevent off-by-one errors.
64,0,Format date as string with month name,Implement an efficient Python script to format any given date object into a string containing the full month name using standard library functions and ensure it handles timezones correctly.
64,1,Format date as string with month name,Write professional-grade code that converts input dates from different formats (string or datetime objects) into normalized strings with capitalized month names following ISO date formatting conventions.
64,2,Format date as string with month name,Develop a robust Python utility function using the `datetime` module to format calendar dates as localized strings including the English month name and validate input data thoroughly before processing.
64,3,Format date as string with month name,Create an optimized batch processor in Python that accepts lists of date inputs and outputs corresponding formatted strings with full month names while adhering to strict error handling protocols.
64,4,Format date as string with month name,Construct a high-performance solution for converting datetime objects into descriptive text representations including the written-out month name without external dependencies when possible or using locale modules if needed.
64,5,Format date as string with month name,Design and document a clean Python library function named `format_date_with_month_name` that accepts any date-like object and returns a standardized string representation with the month spelled out fully.
64,6,Format date as string with month name,Develop a secure and scalable data formatting tool in Python capable of handling large datasets to convert dates into readable strings featuring full month names while maintaining consistency across all outputs.
64,7,Format date as string with month name,Write production-ready code utilizing the `calendar` module or equivalent modern approaches to generate date strings with explicit month names and provide comprehensive input validation logic.
64,8,Format date as string with month name,"Implement a flexible Python parser that ingests various date string formats, standardizes them internally, then applies formatting rules to include the complete month name in the final output string."
64,9,Format date as string with month name,Generate top-tier Python code for converting datetime instances into localized text strings containing spelled-out months and ensure the solution supports both UTC and local time configurations seamlessly.
64,10,Format date as string with month name,Implement a robust and efficient Python script that converts various date formats into strings with full month names using standard libraries like datetime or pytz.
64,11,Format date as string with month name,"Write professional-grade Python code to format dates as localized string representations including the complete month name, ensuring timezone awareness where applicable."
64,12,Format date as string with month name,"Create an optimized function in Python that takes a date object and returns its string representation with the month spelled out, adhering strictly to PEP 8 guidelines."
64,13,Format date as string with month name,Develop high-quality Python code capable of parsing input dates from multiple formats and outputting them as strings containing the full month name for maximum compatibility.
64,14,Format date as string with month name,"Generate a complete, production-ready Python solution that transforms date objects into readable string formats with explicit month names using best practices."
65,0,Convert length units simply,"Implement an efficient and robust Python class to convert length units between meters, centimeters, millimeters, kilometers, inches, feet, yards, and miles. The code must follow PEP 8 standards, handle floating-point precision carefully using the decimal module for monetary or high-precision contexts if needed, include docstrings explaining all parameters, and validate input types strictly to raise meaningful exceptions."
65,1,Convert length units simply,"Write a production-ready Python function that accepts any length value in meters as an integer float and returns a dictionary containing conversions into all standard metric (km, cm, mm) and imperial/inch-based units. Optimize the calculation logic for speed by precomputing conversion factors and ensure thread-safety without external dependencies."
65,2,Convert length units simply,"Develop a highly scalable Python script that converts length units using object-oriented design patterns with inheritance to minimize code duplication across different unit pairs. The implementation must support custom unit extensions easily, adhere to type hinting best practices for better IDE integration and runtime checking, and include comprehensive error handling."
65,3,Convert length units simply,"Create a minimalistic yet professional Python solution that converts arbitrary length units by providing two functions: one using matrix multiplication for linear transformations between base metric units and another mapping through imperial equivalents. Ensure the code is fully commented, uses static analysis-friendly structures (no dynamic globals), and outputs results with consistent significant figure formatting."
65,4,Convert length units simply,"Engineer a high-performance Python utility module that converts length units using vectorized operations suitable for batch processing large datasets of unit conversions. The code must avoid iterative loops where possible, leverage standard library functions exclusively (no NumPy or Pandas), and wrap the conversion logic in an exception-safe wrapper class."
65,5,Convert length units simply,"Produce a clean and maintainable Python script that defines a dataclass for Length objects supporting type-safe unit attributes. Include methods to add/subtract lengths of different units automatically converting them internally before operation, along with dedicated conversion utilities that map directly from any supported base unit to target units."
65,6,Convert length units simply,"Construct an optimized Python function designed for integration into microservices architecture that converts length units. The solution must use dependency injection principles where possible (accepting a config dictionary for custom scaling factors), implement input validation via preconditions checks, and return results as JSON-serializable data structures."
65,7,Convert length units simply,"Write a generic Python template function that allows users to define their own unit conversion rates while defaulting to standard SI/imperial definitions. Ensure the code supports flexible type hints for both input length values (int or float) and target units, handles edge cases like zero or negative lengths gracefully with specific warnings,"
65,8,Convert length units simply,Implement a production-grade Python tool that performs unit conversion using symbolic representation to handle complex mixed-unit arithmetic. The code should abstract the conversion logic into a reusable converter service class featuring caching mechanisms for frequently accessed rate pairs and strict type annotation coverage.
65,9,Convert length units simply,"Design a lightweight Python script optimized for CLI usage that converts length units with an interactive prompt interface but also supports piped input/output. The implementation must prioritize code clarity over performance optimization unless critical thresholds are met, use the `argparse` module strictly, and ensure all variables are initialized within their scope."
65,10,Convert length units simply,"Implement a robust and reusable class in Python to convert between common length units (meters, kilometers, centimeters, millimeters) with automatic validation for non-positive inputs."
65,11,Convert length units simply,Develop an optimized function using the `dataclasses` library that accepts any valid string input and returns a dictionary of converted values to all supported length units without external dependencies.
65,12,Convert length units simply,Write a production-grade Python script utilizing type hints and error handling strategies (try-except) to convert arbitrary length strings into standard SI base unit meters with detailed logging capabilities.
65,13,Convert length units simply,Create a high-performance conversion utility using `typing.Protocol` for future extensibility that supports bidirectional conversions between metric and imperial units including feet and inches.
65,14,Convert length units simply,Construct an input-agnostic Python module leveraging regex parsing to extract numeric values from mixed-length unit strings and output a standardized JSON response containing the converted measurements.
66,0,Calculate weight differences easily,"Implement an efficient and robust Python script that calculates weight differences between multiple items using a dictionary input structure, ensuring all floating-point precision issues are handled correctly."
66,1,Calculate weight differences easily,Write a high-performance Python function designed to compute absolute weight differences from two lists of numerical values with minimal computational overhead.
66,2,Calculate weight differences easily,Create an optimized Python utility class that manages and calculates dynamic weight differences while adhering strictly to PEP 8 coding standards for readability and maintainability.
66,3,Calculate weight differences easily,"Develop a production-ready Python module containing functions to determine the variance in weights across datasets, utilizing type hinting and comprehensive error handling."
66,4,Calculate weight differences easily,"Generate concise and scalable Python code that computes weight differences between paired measurements, focusing on memory efficiency for large-scale data processing tasks."
66,5,Calculate weight differences easily,Construct a professional-grade Python solution using list comprehensions to calculate the set of all unique weight differences derived from two input arrays.
66,6,Calculate weight differences easily,Write an advanced Python script capable of calculating cumulative and incremental weight differences with support for both integer and decimal inputs without performance degradation.
66,7,Calculate weight differences easily,Implement a clean and modular Python function that accepts variable arguments to compute the maximum possible weight difference between any two elements in provided collections.
66,8,Calculate weight differences easily,Produce an optimized Python implementation for batch processing of weight data where differences must be calculated simultaneously across thousands of records using vectorized operations concepts.
66,9,Calculate weight differences easily,Develop a comprehensive Python tool that calculates relative and absolute weight differences with built-in validation to ensure input consistency and output accuracy according to industry best practices.
66,10,Calculate weight differences easily,Write a robust and production-ready Python script with input validation to calculate weight differences between any number of items given their masses in kilograms or pounds.
66,11,Calculate weight differences easily,"Implement an efficient class-based solution in Python that computes absolute difference, signed difference, and percentage variance for multiple pairs of weights using optimized data structures."
66,12,Calculate weight differences easily,Create a high-performance vectorized function using NumPy to calculate the differences between two arrays of weight measurements without explicit loops to ensure maximum speed efficiency.
66,13,Calculate weight differences easily,Develop a modular Python application with type hints and docstrings that accepts lists or dictionaries containing mass values (kg/g/lbs) and returns structured difference results including unit conversion logic.
66,14,Calculate weight differences easily,Produce a concise yet fully functional script using the `statistics` module to compute average weight differences and standard deviations across multiple datasets with error handling for invalid inputs.
67,0,Change temperature scales straightforwardly,"Implement a robust and reusable class in Python to convert between Celsius, Fahrenheit, and Kelvin temperature scales with full input validation using exception handling."
67,1,Change temperature scales straightforwardly,Write an optimized function that accepts any numeric temperature value and returns the equivalent values for all three major temperature scales adhering to PEP 8 guidelines.
67,2,Change temperature scales straightforwardly,"Create a high-performance Python script with type hints and docstrings that converts temperatures between Celsius, Fahrenheit, and Kelvin using efficient mathematical operations."
67,3,Change temperature scales straightforwardly,Develop a comprehensive temperature conversion utility in Python that supports bidirectional transformations across all major scales ensuring maximum code clarity and maintainability.
67,4,Change temperature scales straightforwardly,Construct an advanced Python module for precise temperature scale conversions including edge case handling and extensive unit test coverage following professional software engineering standards.
67,5,Change temperature scales straightforwardly,"Generate a clean and efficient Python function that maps input temperatures to their corresponding values in Celsius Fahrenheit, and Kelvin scales with detailed error messages."
67,6,Change temperature scales straightforwardly,"Produce a production-ready Python tool for temperature conversion featuring configurable output formats, logging capabilities, and strict type safety protocols."
67,7,Change temperature scales straightforwardly,"Code a minimal yet complete Python solution to calculate conversions between Celsius Fahrenheit, and Kelvin scales utilizing the dataclasses library for enhanced readability."
67,8,Change temperature scales straightforwardly,"Write an enterprise-grade Python converter service that handles temperature scale transformations with asynchronous support, validation rules, and comprehensive documentation."
67,9,Change temperature scales straightforwardly,"Implement a specialized Python algorithm to perform accurate conversions between Celsius Fahrenheit, and Kelvin scales optimized for numerical precision using the Decimal module where appropriate."
67,10,Change temperature scales straightforwardly,Implement a production-grade Python class to convert between Celsius and Fahrenheit temperatures using type hints and docstrings for comprehensive documentation.
67,11,Change temperature scales straightforwardly,"Write an optimized function that accepts multiple temperature values as floats, performs all necessary conversions in-place where possible, and returns the results sorted by absolute magnitude."
67,12,Change temperature scales straightforwardly,"Develop a scalable Python utility module that includes validation logic to ensure input temperatures are numeric before converting them between Fahrenheit, Celsius, Kelvin, and Rankine scales."
67,13,Change temperature scales straightforwardly,Create an efficient Python script using list comprehensions and dictionary mapping strategies to transform large datasets of temperature readings across different scales with zero external dependencies.
67,14,Change temperature scales straightforwardly,Design a flexible Python function that converts any valid floating-point input from one SI-derived or imperial unit to another while handling edge cases like infinity and NaN according to IEEE standards.
68,0,Convert volume measurements now,"Implement a robust and type-annotated Python class to convert between common volume units (liters, gallons, quarts, pints, milliliters) with full error handling for invalid inputs."
68,1,Convert volume measurements now,"Write an optimized pure Python function that converts any given volume input string into liters and returns the result as a float, ensuring it handles decimal precision correctly."
68,2,Convert volume measurements now,Develop a production-ready conversion utility module using dataclasses to define unit types and provide factory functions for converting between all standard US Imperial and metric volumes.
68,3,Convert volume measurements now,Create an efficient Python script that accepts volume measurements via command-line arguments or JSON input and outputs the converted values in multiple target units with formatted precision.
68,4,Convert volume measurements now,Code a specialized converter using `decimal.Decimal` for arithmetic to prevent floating-point errors when converting between liters and milliliters in high-precision scenarios.
68,5,Convert volume measurements now,Design an encapsulated Python solution supporting extensible conversion logic where new volume units can be added dynamically without modifying the core conversion code.
68,6,Convert volume measurements now,Build a performant Python library function that batch-converts lists of mixed volume strings into standardized float values using list comprehensions and dictionary mapping.
68,7,Convert volume measurements now,"Write a fully documented Python module utilizing docstrings and type hints to convert between liters, gallons, pints, cups, ounces, milliliters, and cubic decimeters with comprehensive validation."
68,8,Convert volume measurements now,Generate an optimized Python script that supports bidirectional conversion (input unit -> output units) using a matrix-based transformation approach for maximum accuracy across all supported measures.
68,9,Convert volume measurements now,Implement a high-performance data pipeline component in Python capable of ingesting large CSV datasets containing volume measurements and converting them on-the-fly to liters during processing.
68,10,Convert volume measurements now,Implement a robust Python script that converts volume measurements between liters and gallons with full support for both input formats (string parsing) and output formatting to two decimal places. Ensure the code handles invalid inputs gracefully by raising appropriate exceptions.
68,11,Convert volume measurements now,"Create a high-performance Python class named VolumeConverter that encapsulates conversion logic between liters, milliliters, gallons, quarts, and pints using precomputed constants. Include methods for bidirectional conversion with input validation and type hints."
68,12,Convert volume measurements now,"Write an optimized Python function that accepts a dictionary containing volume values in mixed units (liters, gallons, ounces) and returns a standardized output object indicating the total volume in liters. Use dataclasses for structured results and ensure thread-safe operations."
68,13,Convert volume measurements now,"Develop a production-ready Python utility library module named 'volume_utils' that provides type-annotated functions for converting between various SI-based unit systems including cubic meters, liters, kiloliters, and gallons. All conversion factors must be defined as constants at the module level."
68,14,Convert volume measurements now,"Generate a complete Python program that reads volume input from standard input, parses it dynamically based on unit suffixes (L, ml, gal, oz), performs precise mathematical conversion to liters, and prints the result with three significant figures. Include comprehensive error handling for non-numeric values."
69,0,Scale mass from one unit,Write a robust and reusable class in Python to convert mass values from one unit to any other supported SI or CGS unit system using standard conversion factors.
69,1,Scale mass from one unit,Implement an optimized function that takes a mass value and source unit as input and returns the equivalent weight in kilograms with high precision floating-point arithmetic.
69,2,Scale mass from one unit,Create a production-ready Python script that defines a dictionary of conversion constants and provides methods to calculate mass scale from one specific unit to another efficiently.
69,3,Scale mass from one unit,"Develop a type-annotated Python utility module containing functions for converting grams to pounds, kilograms to ounces, and other common mass unit scales with input validation."
69,4,Scale mass from one unit,Write a high-performance conversion engine using the `dataclasses` library in Python that maps one mass unit to another while handling edge cases like zero or negative inputs gracefully.
69,5,Scale mass from one unit,Generate a clean and documented Python function utilizing type hints that scales any given mass input from a source string identifier to its target SI equivalent.
69,6,Scale mass from one unit,Construct an advanced Python calculator script using the `enum` module for unit definitions to ensure scale accuracy when converting between disparate mass measurement systems.
69,7,Scale mass from one unit,Produce a concise and efficient Python solution that accepts arbitrary input units via string arguments and outputs the scaled mass value in standard kilograms format.
69,8,Scale mass from one unit,Write an industrial-grade Python converter library component featuring error handling for invalid unit combinations and support for both metric and imperial scales.
69,9,Scale mass from one unit,Implement a best-practice Python script using `typing` module annotations to perform mass scaling operations between any two defined units with thread-safe conversion logic.
69,10,Scale mass from one unit,Implement a robust and type-annotated Python script to convert mass values from one unit to another using standard conversion factors. Ensure the code handles edge cases like zero input and invalid units gracefully.
69,11,Scale mass from one unit,"Write an optimized Python function that accepts a mass value in grams as input and returns its equivalent weight in kilograms, adhering to strict PEP 8 coding standards for readability and maintainability."
69,12,Scale mass from one unit,Create a high-performance Python utility class capable of scaling mass across multiple unit systems (metric and imperial) with support for floating-point precision control and comprehensive error handling.
69,13,Scale mass from one unit,Develop a clean and efficient Python program that defines conversion constants in a dictionary structure to scale any given mass from kilograms to pounds or grams to ounces without hardcoding logic inline.
69,14,Scale mass from one unit,Generate production-ready Python code for converting mass units using the `decimal` module to ensure maximum numerical accuracy during scaling operations between different measurement systems.
70,0,Compare two distance amounts,"Create a robust and type-annotated Python script that compares two numeric distance values to determine which is greater, returning the larger value along with their difference."
70,1,Compare two distance amounts,Implement an optimized function in Python using f-string formatting or %-formatting to display side-by-side comparison of two arbitrary distance measurements including units.
70,2,Compare two distance amounts,Write a production-grade Python module that accepts input via command-line arguments for two distances and outputs the result with clear validation logic handling non-numeric inputs gracefully.
70,3,Compare two distance amounts,Develop an efficient Python utility class method that compares distance objects inheriting from a base measurement type to return comparison results compatible with data analysis pipelines.
70,4,Compare two distance amounts,Generate concise and readable Python code using list comprehensions or generator expressions if necessary to compare multiple pairs of distances stored in tuples against two target values.
70,5,Compare two distance amounts,Implement a robust and efficient Python script that compares two distance amounts in meters using floating-point arithmetic with appropriate precision handling to determine which is greater or if they are equal.
70,6,Compare two distance amounts,Write professional-grade Python code containing a function named compare_distances that accepts two float arguments representing distances and returns the larger value along with their difference.
70,7,Compare two distance amounts,Create an optimized Python utility module that includes logic to handle edge cases such as negative inputs or zero values when comparing distance amounts while adhering to strict type checking standards.
70,8,Compare two distance amounts,Develop a high-performance Python solution using the math library for precision calculations that compares two input distances and outputs a structured dictionary containing the comparison result and absolute difference.
70,9,Compare two distance amounts,"Generate clean and maintainable Python code with docstrings explaining the logic of comparing distance values, ensuring it handles large numbers efficiently without overflow issues."
70,10,Compare two distance amounts,"Construct a comprehensive Python script that compares two distances provided as string inputs converted to floats, validating input formats before performing any mathematical operations."
70,11,Compare two distance amounts,Write advanced Python code utilizing type hints and static analysis compatibility features to compare distance amounts while maximizing readability and execution speed for production environments.
70,12,Compare two distance amounts,"Implement a flexible Python function capable of comparing distances in various units if converted internally, but defaulting to direct float comparison when both inputs are already numeric values."
70,13,Compare two distance amounts,Produce concise and bug-free Python code that compares two distance variables using conditional logic optimized for early exit patterns to minimize computational overhead during runtime.
70,14,Compare two distance amounts,"Develop a production-ready Python class named DistanceComparator with methods to compare distances internally, ensuring thread safety and adherence to industry best practices for numerical stability."
71,0,Convert time duration simply,"Implement an efficient and readable Python class named TimeConverter that converts between seconds, minutes, hours, days using overloaded __init__ and helper methods to ensure type safety and input validation according to PEP 8."
71,1,Convert time duration simply,"Write a production-ready function in Python that accepts a duration string in various formats (e.g., '1h30m', '45min') and converts it back into seconds with full error handling using the dataclasses library for structured output."
71,2,Convert time duration simply,"Create an optimized pure function to parse ISO 8601 duration strings (e.g., P1D or PT2H) in Python without external dependencies while maintaining strict adherence to best practices and type hinting standards."
71,3,Convert time duration simply,Develop a robust command-line tool using argparse that allows users to convert any time unit to seconds and vice versa with input validation and detailed error messages ensuring high reliability for production use.
71,4,Convert time duration simply,Construct a highly performant conversion utility in Python using namedtuple or dataclasses that handles leap years accurately when converting days/seconds while following all coding style guidelines specified by PEP 8.
71,5,Convert time duration simply,"Implement a robust and efficient Python script to convert time durations between seconds, minutes, hours, days, weeks, months, and years using standard library functions. Ensure the code handles edge cases like leap years and follows PEP 8 standards."
71,6,Convert time duration simply,"Write an optimized class-based solution in Python that converts arbitrary time duration strings (e.g., '1h30m45s') into total seconds and back to formatted human-readable output. The implementation must include type hinting and comprehensive error handling."
71,7,Convert time duration simply,Create a high-performance utility function in Python that converts time durations by leveraging the `datetime` module for accuracy while maintaining O(1) complexity for basic conversions. Ensure all variable names are descriptive and code is fully documented with docstrings.
71,8,Convert time duration simply,"Develop a production-ready Python script to parse complex ISO 8601 duration strings (e.g., 'P3DT2H') into total seconds using the `dateutil.parser` library. The solution should include input validation and output formatting consistent with international standards."
71,9,Convert time duration simply,Write a clean and maintainable Python function that converts time durations from any unit to another based on user-defined conversion factors. Ensure the code uses dataclasses for configuration and adheres strictly to best practices regarding readability and performance.
71,10,Convert time duration simply,Generate an advanced Python solution using `numpy` vectors to perform bulk conversions of large arrays of time durations efficiently. The script must handle mixed units within a single array conversion process with minimal overhead.
71,11,Convert time duration simply,Implement a secure and validated Python module for converting time durations that includes support for timezone-aware datetime objects if applicable. Ensure the code uses `typing` protocols correctly and avoids any potential security vulnerabilities related to input parsing.
71,12,Convert time duration simply,"Construct an elegant Python script using functional programming principles (e.g., map, filter) to convert lists of time duration dictionaries into a unified total seconds value. The implementation should be highly readable and optimized for memory usage."
71,13,Convert time duration simply,"Write a comprehensive testing-ready Python function that converts time durations with built-in support for custom unit definitions (e.g., 'custom_day' = 24 hours). Ensure the code is modular, supports extension via configuration files or arguments, and follows strict type checking guidelines."
71,14,Convert time duration simply,Develop a lightweight yet powerful Python converter that utilizes `fractions.Fraction` to ensure precise arithmetic during time duration calculations without floating-point errors. The solution must include clear error messages for invalid inputs and adhere to modern Python syntax standards.
72,0,Handle simple unit changes now,Implement an efficient and robust Python script to handle simple unit conversions between metric systems using a dictionary-based approach.
72,1,Handle simple unit changes now,Write a production-ready Python class that manages the conversion of basic units with input validation and error handling for edge cases.
72,2,Handle simple unit changes now,Create an optimized Python function to process complex unit transformation chains while maintaining type safety and performance standards.
72,3,Handle simple unit changes now,Develop a high-performance Python utility module that supports dynamic addition of new unit conversion pairs without code modification.
72,4,Handle simple unit changes now,Construct a secure and scalable Python application component for handling simple unit changes with comprehensive logging capabilities.
72,5,Handle simple unit changes now,Write a clean and maintainable Python script that implements the Singleton pattern to manage global state for unit conversion operations.
72,6,Handle simple unit changes now,Generate an advanced Python solution using dataclasses to define units with automatic arithmetic operators for seamless value manipulation.
72,7,Handle simple unit changes now,Code a memory-efficient Python algorithm that caches frequently accessed unit conversion rates to minimize lookup time in large datasets.
72,8,Handle simple unit changes now,Build an extensible Python framework module designed specifically for handling simple unit changes with full support for international standards.
72,9,Handle simple unit changes now,Produce a bug-free and well-documented Python implementation that validates user input before performing any arithmetic operations on units.
72,10,Handle simple unit changes now,Implement an efficient and robust Python script to handle simple unit conversions between metric units using a dictionary-based approach with proper type validation.
72,11,Handle simple unit changes now,"Write a production-ready Python class that manages basic unit transformations ensuring input sanitization, error handling for invalid inputs, and support for common base units like meters, kilograms, and seconds."
72,12,Handle simple unit changes now,Create an optimized pure-Python function to convert between any two compatible metric units with automatic dimension detection and comprehensive documentation following PEP 8 guidelines.
72,13,Handle simple unit changes now,"Develop a high-performance Python utility module for handling simple unit changes that includes type hints, docstrings, input validation, and support for future extension without modifying core logic."
72,14,Handle simple unit changes now,"Generate a complete Python solution to handle elementary unit conversions featuring a clean API design, extensive error messages for edge cases, and adherence to modern best practices in software engineering."
73,0,Measure area in different ways,"Implement a robust and efficient Python script to calculate the area of various geometric shapes including rectangles, circles, triangles, and trapezoids using object-oriented programming principles."
73,1,Measure area in different ways,"Write an optimized Python function that computes polygon areas given coordinates as input arrays, utilizing vectorized operations for maximum performance with large datasets."
73,2,Measure area in different ways,"Create a professional-grade class structure in Python to encapsulate shape properties and area calculations, ensuring thread safety and adherence to PEP 8 coding standards."
73,3,Measure area in different ways,Develop a high-performance Python utility module that supports dynamic calculation of areas for arbitrary polygons using the Shoelace formula with error handling for invalid inputs.
73,4,Measure area in different ways,Construct a scalable and maintainable Python application to measure irregular polygonal regions by accepting vertex coordinates via JSON input and returning precise area values.
73,5,Measure area in different ways,Write a production-ready Python script that calculates areas for multiple geometric shapes simultaneously using decorators for performance profiling and logging capabilities.
73,6,Measure area in different ways,Implement an advanced Python solution to compute surface areas of complex composite shapes by automatically decomposing them into basic primitives with type inference.
73,7,Measure area in different ways,Generate a clean and readable Python program that estimates land area from grid-based coordinate inputs using numerical integration techniques for improved accuracy.
73,8,Measure area in different ways,"Build a modular Python library component to handle area measurements across different unit systems (square meters, acres, hectares) with automatic conversion logic."
73,9,Measure area in different ways,Produce an enterprise-level Python codebase for spatial analysis that computes areas of overlapping regions using set operations and geometric intersection algorithms efficiently.
73,10,Measure area in different ways,"Implement a comprehensive and robust Python script that calculates the area of various geometric shapes (rectangle, circle, triangle) using optimized built-in functions. Ensure all input validation is handled professionally."
73,11,Measure area in different ways,"Write an efficient Python program that computes the total surface area and volume for a list of user-provided rectangular prisms, utilizing type hints and error handling best practices."
73,12,Measure area in different ways,"Create a high-performance Python module containing multiple functions to measure areas based on different mathematical formulas (Pythagorean theorem, polar coordinates), adhering strictly to PEP 8 standards."
73,13,Measure area in different ways,"Develop a production-ready Python application that dynamically computes the area of complex polygons given their vertex coordinates as input lists, ensuring numerical precision and optimized performance."
73,14,Measure area in different ways,Construct an advanced Python solution with unit test cases demonstrating various methods to calculate area using integration techniques for irregular curves defined by mathematical functions.
74,0,Convert speed across units,"Implement a robust and type-annotated Python class to convert speeds between meters per second, kilometers per hour, miles per hour, and feet per second. Ensure the code handles edge cases like zero or negative values gracefully."
74,1,Convert speed across units,Write an optimized pure-Python function that accepts a speed value in any unit as input (via string parsing) and returns the equivalent speeds in all other standard units with high precision floating-point arithmetic.
74,2,Convert speed across units,Create a production-ready Python module containing conversion factors for common speed units. Include docstrings explaining usage and ensure the code is fully documented following PEP 257 standards.
74,3,Convert speed across units,"Develop an efficient dictionary-based lookup system in Python to convert speeds across multiple unit systems (metric, imperial, nautical) with support for both input parsing and output formatting options."
74,4,Convert speed across units,"Write a high-performance script that converts speed units using NumPy arrays where possible, but falls back to native Python types if external libraries are not available. Optimize for large datasets of speed conversions."
74,5,Convert speed across units,Implement a flexible and reusable utility function in Python that allows users to specify the source unit and target unit explicitly while automatically handling invalid inputs with clear error messages.
74,6,Convert speed across units,"Construct a comprehensive speed converter tool using dataclasses for immutability. Ensure the code includes validation logic to prevent dimension mismatches (e.g., converting time units directly without intermediate steps)."
74,7,Convert speed across units,"Write an advanced Python solution that supports unit conversion via string expressions and mathematical operations on speed values, ensuring thread safety for concurrent usage."
74,8,Convert speed across units,Generate a clean and maintainable Python script with comprehensive test cases covering all supported units. Use pytest fixtures to ensure the code is ready for integration into CI/CD pipelines.
74,9,Convert speed across units,Develop an optimized speed conversion engine that uses caching mechanisms (functools.lru_cache) where appropriate and minimizes memory footprint while maintaining maximum accuracy across all unit pairs.
74,10,Convert speed across units,Implement a production-grade Python class for converting speed units with full support for km/h and mph conversions using type hints and comprehensive docstrings.
74,11,Convert speed across units,"Write an efficient, PEP 8 compliant script that defines a dictionary-based conversion system to transform any valid speed unit input into meters per second with error handling for invalid inputs."
74,12,Convert speed across units,Create a highly optimized Python module containing a robust converter function capable of processing bulk lists of speed values across multiple units while maintaining thread safety and logging capabilities.
74,13,Convert speed across units,Develop a precise utility library in Python that includes validation checks for unit consistency and provides a flexible interface to convert speeds between imperial and metric systems with detailed error messages.
74,14,Convert speed across units,"Generate advanced Python code featuring an abstract base class hierarchy for speed conversion designed for extensibility, ensuring all derived classes implement the standard conversion protocol without runtime overhead."
75,0,Find equivalent length values,"Implement an efficient and robust Python script to convert between common length units (meters, kilometers, centimeters) using a class-based structure with property validation."
75,1,Find equivalent length values,"Write a PEP 8 compliant function in optimized Python that performs bidirectional conversion of any numeric value among meters, millimeters, and feet to inches."
75,2,Find equivalent length values,Develop a high-performance Python utility module containing dedicated functions for converting length values between metric and imperial systems with error handling.
75,3,Find equivalent length values,Create an advanced Python converter class that supports multiple decimal precision settings and provides immutable conversion results using best-practice patterns.
75,4,Find equivalent length values,Generate a compact yet readable Python script to calculate equivalent length values for any given unit in the metric system with input validation.
75,5,Find equivalent length values,Produce an expert-level Python solution that implements a dictionary-driven conversion logic optimized for frequent lookups and type safety checks.
75,6,Find equivalent length values,Code a scalable Python function to handle large-scale length conversions between arbitrary units while maintaining code clarity and performance standards.
75,7,Find equivalent length values,Design a professional Python library feature that exposes methods for converting lengths with automatic unit normalization and comprehensive documentation strings.
75,8,Find equivalent length values,"Construct an idealized Python script to compute equivalent length values using the math module where available, ensuring maximum computational efficiency."
75,9,Find equivalent length values,Write a secure and optimized Python application component that validates input units before performing conversion calculations and returns standardized output formats.
75,10,Find equivalent length values,"Create a robust and well-documented Python script using the `pint` library to convert between various units of length (meters, kilometers, feet, miles) with full error handling."
75,11,Find equivalent length values,"Implement an optimized, type-annotated class in Python that performs accurate unit conversions for any standard SI and imperial length metric using the `pydantic` validator pattern."
75,12,Find equivalent length values,Write a high-performance batch processor function utilizing NumPy to convert large arrays of floating-point length values between meters and centimeters efficiently without loops.
75,13,Find equivalent length values,Develop a production-ready Python module that supports dynamic definition of custom length units via configuration files while maintaining strict type safety and input validation.
75,14,Find equivalent length values,Construct a comprehensive testing suite with `pytest` to validate the accuracy and edge-case handling of a generic length conversion utility function written in pure Python.
76,0,Adjust weight conversions simply,"Write a complete, robust Python script to convert weights between kilograms and pounds, including user input handling via the command line."
76,1,Adjust weight conversions simply,Implement an optimized function named `convert_weight` that takes a weight value and a unit type (in or out) and performs the conversion to the other unit using precise floating-point arithmetic.
76,2,Adjust weight conversions simply,Develop a class named `WeightConverter` with methods to handle conversions between kilograms (kg) and pounds (lb). Ensure the class is well-documented and follows Object-Oriented Programming best practices.
76,3,Adjust weight conversions simply,"Write a single, highly efficient function that accepts a dictionary of weights in various units and converts all values to kilograms, handling potential input errors gracefully."
76,4,Adjust weight conversions simply,"Create a command-line interface (CLI) script using the `argparse` module to allow a user to specify the starting weight, the initial unit, and the target unit for conversion."
76,5,Adjust weight conversions simply,Implement error handling within the weight conversion logic to raise specific exceptions for invalid input units or non-numeric weight values. Ensure all error messages are clear and informative.
76,6,Adjust weight conversions simply,"Write a test suite using `unittest` for the weight conversion functions developed previously, covering edge cases like zero weight and large numbers."
76,7,Adjust weight conversions simply,"Design and implement a simple, reusable module (`weight_utils.py`) containing only the core mathematical conversion logic, ensuring maximum modularity and reusability."
76,8,Adjust weight conversions simply,"Write an interactive Python script that continuously prompts the user to enter weights and units until the user explicitly enters 'exit', performing a conversion for each entry."
76,9,Adjust weight conversions simply,"Refactor the initial weight conversion logic to use the most mathematically direct and computationally inexpensive method possible, avoiding unnecessary intermediate calculations."
76,10,Adjust weight conversions simply,"Implement a robust and efficient Python class to handle weight conversions between kilograms and pounds using standard conversion factors. The solution must include validation for negative inputs, use the built-in `round()` function for appropriate precision, and follow PEP 8 coding standards."
76,11,Adjust weight conversions simply,"Implement a robust and production-ready Python module for converting between grams, kilograms, pounds, ounces, and tons using type hints, dataclasses with validation, and comprehensive docstrings."
76,12,Adjust weight conversions simply,Develop an efficient class-based calculator in optimized Python that handles mass unit conversions across multiple systems including metric and imperial formats with built-in error handling for invalid inputs.
76,13,Adjust weight conversions simply,"Create a high-performance utility function written in pure Python to convert weight units seamlessly between kilograms, pounds, ounces, grams, and tonnes while ensuring input type safety and output formatting."
76,14,Adjust weight conversions simply,"Design a scalable and maintainable Python library for weight conversion operations that utilizes dependency injection patterns, supports multiple unit systems, adheres to strict PEP 8 coding standards, and includes extensive test coverage suggestions."
77,0,Relate volume to capacity,Implement a robust Python class named VolumeConverter that converts between volume units (liters and gallons) using precise floating-point arithmetic to ensure accuracy in capacity calculations.
77,1,Relate volume to capacity,"Write an optimized Python script that calculates the total liquid capacity of multiple containers given their dimensions, handling edge cases like negative inputs or zero volumes gracefully."
77,2,Relate volume to capacity,Create a high-performance Python function using NumPy to compute volume-to-capacity conversions for large datasets of measurements without explicit loops.
77,3,Relate volume to capacity,Develop a production-ready Python module that includes type hints and docstrings for functions converting between metric and imperial capacity units with error handling.
77,4,Relate volume to capacity,Generate efficient Python code using the dataclasses library to represent volume objects with methods for calculating equivalent capacities in different unit systems.
77,5,Relate volume to capacity,Write a scalable Python solution that reads container dimensions from JSON input and outputs converted capacity values while adhering to strict type safety rules.
77,6,Relate volume to capacity,Implement an advanced Python utility function using the math library for precise volume-to-capacity conversions with support for significant figure rounding.
77,7,Relate volume to capacity,Construct a feature-rich Python application that validates user input for container dimensions and provides detailed conversion reports including unit metadata.
77,8,Relate volume to capacity,Develop an asynchronous Python script using asyncio to process volume-to-capacity conversions concurrently from multiple sources efficiently.
77,9,Relate volume to capacity,Write a clean and maintainable Python function that encapsulates the logic for converting between liters and gallons with comprehensive unit testing examples included in comments.
77,10,Relate volume to capacity,"Implement a robust and type-annotated Python class named VolumeCapacityConverter that accurately converts between volume units (liters, milliliters, gallons) and capacity measurements using standard conversion factors. Ensure the code handles edge cases like zero or negative inputs gracefully."
77,11,Relate volume to capacity,"Write a highly optimized Python script that defines a dictionary mapping common volume units to their equivalent capacities in liters, then provides a function to perform bidirectional conversions with input validation and detailed error logging."
77,12,Relate volume to capacity,"Create an efficient Python module containing functions for calculating the relationship between physical volume (e.g., cubic meters) and storage capacity based on density assumptions. The code must use dataclasses for configuration parameters and follow strict PEP 8 guidelines."
77,13,Relate volume to capacity,"Develop a production-ready Python utility that accepts user input for volume or capacity values, performs the necessary mathematical conversion using precise floating-point arithmetic, and outputs results formatted to two decimal places with appropriate unit labels."
77,14,Relate volume to capacity,Generate a complete Python solution featuring an abstract base class hierarchy for different measurement types (volume vs capacity) that enforces specific conversion logic methods. Include comprehensive docstrings and type hints throughout the implementation.
78,0,Sort simple unit comparisons,Implement an efficient and robust Python script to sort simple unit comparisons using standard library tools while adhering strictly to PEP 8 coding guidelines.
78,1,Sort simple unit comparisons,Write a production-ready Python function that handles the sorting of mixed-unit data objects with automatic normalization logic for optimal performance.
78,2,Sort simple unit comparisons,Create a high-performance Python utility module designed to compare and sort various unit types without external dependencies or runtime errors.
78,3,Sort simple unit comparisons,Develop a clean and scalable Python solution that sorts simple unit comparisons by converting all inputs to base units before comparison for maximum accuracy.
78,4,Sort simple unit comparisons,Generate an optimized Python class structure capable of managing complex sorting tasks involving multiple unit types with minimal memory overhead.
78,5,Sort simple unit comparisons,Produce a bug-free and type-annotated Python script that implements the logic to sort simple unit comparisons using Timsort for guaranteed stability.
78,6,Sort simple unit comparisons,Construct an advanced Python tool with comprehensive error handling designed specifically for sorting heterogeneous unit data efficiently in production environments.
78,7,Sort simple unit comparisons,Write a concise and maintainable Python function that performs simple unit comparisons by leveraging the `operator` module for custom key extraction during sort operations.
78,8,Sort simple unit comparisons,Build an enterprise-grade Python service component focused on sorting numerical values associated with different units using parallel processing techniques where applicable.
78,9,Sort simple unit comparisons,Deliver a fully documented and tested Python implementation that sorts simple unit comparisons while ensuring thread safety and adherence to modern Python best practices.
78,10,Sort simple unit comparisons,"Implement a robust and type-annotated Python script using only built-in libraries to sort lists containing mixed simple unit comparisons (e.g., meters vs kilometers) by converting all values to a standard base unit before sorting."
78,11,Sort simple unit comparisons,Write an optimized Python function that accepts any iterable of length-comparable objects with units and returns them sorted in ascending order using the `functools.total_ordering` pattern for custom comparison logic.
78,12,Sort simple unit comparisons,"Generate a production-ready Python module containing a class-based solution to handle simple unit comparisons and sorting, ensuring thread safety and adherence to PEP 8 coding standards with comprehensive docstrings."
78,13,Sort simple unit comparisons,"Create an efficient Python utility function that normalizes diverse input units (such as hours, minutes, seconds) into a unified format for accurate numerical comparison and subsequent sorting without external dependencies."
78,14,Sort simple unit comparisons,"Develop a high-performance Python script using the `operator` module to sort collections of simple unit measurements based on magnitude after automatic conversion, ensuring maximum code readability and minimal runtime overhead."
79,0,Sort a list of items,Implement an efficient sorting algorithm in Python to order a mixed list of strings and integers using built-in capabilities while adhering to strict performance requirements for large datasets.
79,1,Sort a list of items,Write a production-ready utility function that sorts heterogeneous data structures by applying type-specific comparison logic with full error handling and input validation.
79,2,Sort a list of items,Create an optimized Python script that performs bubble sort on parallel arrays of equal length to maintain element pairing during the sorting process without using external libraries.
79,3,Sort a list of items,"Develop a robust sorting routine for unsorted collections containing null values and special characters, ensuring stable output order regardless of input complexity or Unicode variations."
79,4,Sort a list of items,Generate high-performance code to sort nested dictionary lists by multiple key fields using lambda expressions that prioritize specific hierarchy levels while minimizing memory allocation overhead.
79,5,Sort a list of items,Write an asynchronous Python generator function that yields sorted items from a large data stream without loading the entire dataset into RAM at once or creating unnecessary intermediate copies.
79,6,Sort a list of items,Design a flexible sorting engine capable of handling both ascending and descending order specifications via keyword arguments while leveraging C-based optimizations where applicable for maximum speed.
79,7,Sort a list of items,Implement an inline class method to restructure any iterable into a sorted list based on custom key functions provided at runtime with comprehensive logging capabilities enabled by default.
79,8,Sort a list of items,Construct a memory-efficient sorting solution that processes floating-point numbers and boolean flags in parallel arrays using NumPy backend integration when available or falling back to pure Python logic otherwise.
79,9,Sort a list of items,Write a type-annotated static analysis friendly function that sorts complex object instances containing dynamic attributes based on priority fields defined through configuration dictionaries without hardcoding attribute access paths.
79,10,Sort a list of items,Implement an efficient and robust sorting algorithm in Python that handles a list of mixed data types safely by converting them to strings for comparison. Ensure the solution uses only built-in libraries and follows PEP 8 guidelines.
79,11,Sort a list of items,Create a high-performance sorting function using Timsort optimized for real-world datasets containing tuples of heterogeneous types. Include error handling for unsortable items and ensure the code is fully commented and adheres to Python best practices.
79,12,Sort a list of items,Write a complete utility class that implements multiple sorting strategies including bubble sort for small lists and quicksort or merge sort for large arrays. Ensure the implementation is thread-safe when used in multi-threaded contexts and includes comprehensive docstrings.
79,13,Sort a list of items,Develop an optimized Python script that sorts a list of user-defined objects by dynamically accessing specific attributes provided as argument parameters. Guarantee maximum memory efficiency during the sort process and validate input data strictly before sorting begins.
79,14,Sort a list of items,Provide a production-ready implementation for sorting lists containing nested structures where standard comparison fails due to non-comparable elements. Use custom key functions designed via `functools` modules and ensure the code handles edge cases like empty lists or all-identical items without performance degradation.
80,0,Find the largest item quickly,Implement a robust and efficient Python script that finds the largest item in an input list using O(n) time complexity while handling edge cases like empty lists or non-comparable elements. Ensure the code follows PEP 8 standards.
80,1,Find the largest item quickly,"Write a production-ready function in Python that accepts a sequence of items and returns the maximum value immediately without unnecessary overhead, prioritizing readability and performance optimization."
80,2,Find the largest item quickly,"Create an optimized generator-based solution in Python to determine the largest element from an iterable data stream, ensuring memory efficiency and adherence to best practices for large-scale datasets."
80,3,Find the largest item quickly,Develop a highly performant Python utility that locates the maximum value in a heterogeneous list of numbers or strings using type-safe comparisons and minimal external dependencies. Follow all coding conventions strictly.
80,4,Find the largest item quickly,"Generate complete, well-documented Python code for identifying the largest item from user input validation through to result output, focusing on security against injection attacks and robust error handling protocols."
80,5,Find the largest item quickly,Build a scalable algorithm in pure Python using functional programming principles to extract the maximum element from any iterable structure with guaranteed correctness under strict type constraints. Optimize for speed and clarity.
80,6,Find the largest item quickly,Produce an advanced Python implementation capable of finding the largest item within complex nested structures by recursively traversing and comparing leaf nodes while maintaining optimal traversal efficiency.
80,7,Find the largest item quickly,"Construct a benchmark-tested module in Python that determines the maximum value across multiple input types including tuples, sets, and custom objects, ensuring thread safety and minimal runtime latency. Adhere to industry-standard guidelines throughout."
80,8,Find the largest item quickly,"Engineer a clean and modular Python application component designed specifically for rapid retrieval of the largest item in dynamic datasets, utilizing lazy evaluation techniques where appropriate while guaranteeing deterministic output format."
80,9,Find the largest item quickly,"Develop an enterprise-grade solution using modern Python syntax to compute the maximum element from arbitrary collections with explicit type hints and comprehensive docstrings. Prioritize maintainability, test coverage readiness, and execution efficiency above all else."
80,10,Find the largest item quickly,Implement an efficient algorithm in Python to find the maximum value within a list using O(n) time complexity and ensure it handles edge cases like empty lists by raising a ValueError.
80,11,Find the largest item quickly,"Write a robust script that accepts user input for a sequence of numbers, parses them safely into floats or integers, and identifies the largest item while providing clear error handling for invalid inputs."
80,12,Find the largest item quickly,"Create an optimized Python function capable of finding the maximum element in any iterable data structure (lists, tuples, generators) without converting non-iterable types to lists unnecessarily."
80,13,Find the largest item quickly,Develop a production-ready module that includes unit tests using pytest to validate the correctness and performance of a function designed to quickly locate the largest item in a dataset.
80,14,Find the largest item quickly,"Generate high-quality Python code that leverages built-in library functions for maximum efficiency when searching for the largest element, while maintaining readability and adhering to PEP 8 standards throughout."
81,0,Reverse the order of a list,Implement an efficient and readable Python script using list comprehensions to reverse the order of a given input list without modifying it in-place.
81,1,Reverse the order of a list,"Write a robust Python function that handles edge cases such as empty lists or single-element inputs when reversing a list, adhering to PEP 8 standards and best practices."
81,2,Reverse the order of a list,Generate optimized high-performance code for reversing an arbitrary iterable in Python using the `reversed()` built-in function with proper type hints.
81,3,Reverse the order of a list,"Create a complete Python module containing two methods: one to reverse lists in-place and another to return a new reversed list, both following strict coding conventions."
81,4,Reverse the order of a list,Implement a robust and efficient Python script that reverses the order of any given list using built-in tools only.
81,5,Reverse the order of a list,Write a production-grade Python function to reverse an input list while preserving type consistency without modifying the original data structure in-place.
81,6,Reverse the order of a list,Create a high-performance Python utility that reverses elements of a mixed-type list and returns a new reversed list as output.
81,7,Reverse the order of a list,Develop an optimized Python solution using slice notation to reverse the order of items in a list with maximum code readability and speed.
81,8,Reverse the order of a list,"Produce a clean, PEP 8 compliant Python module that includes a function to reverse a list along with comprehensive docstrings for usage examples."
81,9,Reverse the order of a list,Code an advanced Python implementation using the `reversed()` iterator and conversion techniques to generate a reversed copy of any iterable input.
81,10,Reverse the order of a list,Design a scalable Python function capable of reversing lists ranging from empty arrays to millions of elements with minimal memory overhead.
81,11,Reverse the order of a list,Construct a versatile Python tool that accepts various data structures as input and returns the reversed order using type-safe list construction methods.
81,12,Reverse the order of a list,Write an industrial-strength Python script with error handling for non-list inputs to safely reverse sequences while returning appropriate fallbacks.
81,13,Reverse the order of a list,Generate a concise and performant Python function using the slicing operator `[::-1]` that reverses list elements as part of a data processing pipeline.
81,14,Reverse the order of a list,"Implement an efficient and robust Python script using list comprehensions or slicing to reverse the order of a given input list, ensuring the solution handles edge cases like empty lists and is optimized for performance with large datasets."
82,0,Remove specific elements easily,Implement an efficient and robust Python script using list comprehensions to remove all instances of a specific element from a given input list while maintaining original order.
82,1,Remove specific elements easily,Write optimized code that removes elements matching any value in a provided set or dictionary key collection without modifying the data structure during iteration.
82,2,Remove specific elements easily,Create a high-performance Python function to filter out specific items from an array using binary search for lookup efficiency where applicable.
82,3,Remove specific elements easily,Develop a production-ready utility that safely removes specified elements from nested data structures by traversing recursively and returning cleaned copies.
82,4,Remove specific elements easily,Construct an optimized Python solution to eliminate duplicate occurrences of specific target values while preserving the sequence of remaining items.
82,5,Remove specific elements easily,Write a memory-efficient script that removes elements matching complex conditions defined by user-provided predicates from large datasets.
82,6,Remove specific elements easily,Implement a type-safe Python function using dataclasses to exclude specific attribute values or enum members from an object instance representation.
82,7,Remove specific elements easily,Generate concise and readable code that filters out elements equal to any item in a provided exclusion list while handling edge cases like empty inputs gracefully.
82,8,Remove specific elements easily,Develop a scalable Python module function designed to remove specific entries from collections such as dicts or sets with O(1) lookup performance characteristics.
82,9,Remove specific elements easily,"Write an advanced Python script that handles removal of multiple distinct element types (strings, integers, custom objects) based on user-defined criteria using pattern matching."
82,10,Remove specific elements easily,"Implement an efficient and reusable utility class in Python that removes arbitrary elements from a list by type or value, ensuring thread safety and strict input validation following PEP 8."
82,11,Remove specific elements easily,Write a robust script to filter out specific dictionary keys or values using comprehensions while maintaining original data integrity and handling nested structures without recursion errors.
82,12,Remove specific elements easily,"Create an optimized function that removes duplicate elements from a collection based on custom comparison criteria, ensuring O(n) time complexity where applicable and adhering to Python best practices for set operations."
82,13,Remove specific elements easily,"Develop a high-performance data cleaning module in Python capable of deleting rows containing specific columns matching certain values from pandas DataFrames, with clear error handling for missing dependencies."
82,14,Remove specific elements easily,"Generate a production-ready utility function to eliminate all instances of specified objects or strings from any iterable object in memory efficiently, including support for immutable types like tuples and frozensets."
83,0,Combine two lists together,Implement an efficient and robust Python script that merges two lists into one while preserving order stability using standard library functions.
83,1,Combine two lists together,Write a high-performance function in Python to concatenate two input lists without creating intermediate data structures where possible.
83,2,Combine two lists together,Create an optimized Python utility that combines two heterogeneous lists into a single unified list maintaining the original sequence of elements from both sources.
83,3,Combine two lists together,Develop a production-ready Python module containing a function to join two arrays using the most memory-efficient method available in modern Python versions.
83,4,Combine two lists together,"Generate a concise and readable Python code snippet that combines two lists into one, ensuring it handles edge cases like empty inputs gracefully."
83,5,Combine two lists together,Write a scalable Python function to merge two collections together with strict type checking and adherence to PEP 8 coding standards.
83,6,Combine two lists together,Implement an advanced list combination algorithm in Python that supports both simple concatenation and custom merging logic for maximum flexibility.
83,7,Combine two lists together,Produce a clean and maintainable Python program to combine two lists into one result set using the `+` operator or built-in methods with performance benchmarks.
83,8,Combine two lists together,Develop a best-practice Python function that merges two input sequences together while handling potential type mismatches between list elements safely.
83,9,Combine two lists together,Write an industrial-strength Python script to combine two lists into one optimized output suitable for large-scale data processing tasks.
83,10,Combine two lists together,Implement an efficient and robust Python function that combines any number of input lists into a single list using generator expressions to minimize memory overhead during processing.
83,11,Combine two lists together,Create an optimized Python utility function using list comprehension or the built-in sum with generator syntax to concatenate two lists in O(n+m) time complexity ensuring code readability and performance.
83,12,Combine two lists together,Generate concise yet clear Python code that combines two lists into one using appropriate built-in methods or functional programming tools like itertools.chain to ensure maximum compatibility across Python versions.
83,13,Combine two lists together,Implement an efficient and robust Python script that combines two input lists into a single list using best practices for memory management and readability. The code must handle edge cases such as empty inputs or non-list types gracefully while adhering to PEP 8 standards.
83,14,Combine two lists together,Write a high-performance Python function that merges two lists into one without modifying the original data structures. Ensure the solution uses appropriate built-in methods for optimal performance and includes comprehensive type hints and docstrings following professional coding guidelines.
84,0,Check if an item exists now,Implement an efficient and robust Python script to check if a specific item exists within a given list or dictionary using best practices.
84,1,Check if an item exists now,"Write optimized Python code that verifies the presence of an element in various data structures like lists, sets, tuples, and dictionaries with error handling."
84,2,Check if an item exists now,Create a high-performance function in Python to determine if an item exists in large datasets by utilizing set operations for O(1) lookup time.
84,3,Check if an item exists now,Develop a production-ready Python utility that checks item existence across different container types while maintaining code readability and adhering to PEP 8 guidelines.
84,4,Check if an item exists now,Generate secure and scalable Python logic for validating the presence of an object in nested data structures without throwing exceptions unless necessary.
84,5,Check if an item exists now,Construct a clean and maintainable Python solution to test if a key-value pair exists within a dictionary or list using modern syntax features.
84,6,Check if an item exists now,"Produce an advanced Python implementation for checking item existence that includes type hints, docstrings, and comprehensive input validation."
84,7,Check if an item exists now,Write performant Python code to detect if a target value exists in multiple collection types by leveraging built-in methods efficiently.
84,8,Check if an item exists now,Design a flexible Python module that allows checking for item existence with customizable comparison logic and supports both strict equality checks and custom predicates.
84,9,Check if an item exists now,Develop an enterprise-grade Python script to verify data integrity by confirming the presence of specific records in structured datasets using optimized algorithms.
84,10,Check if an item exists now,"Implement an efficient and production-ready Python script to check if a specific item exists within a complex data structure like a dictionary or list of dictionaries. The solution must handle edge cases including missing keys, case sensitivity variations, nested structures, and use type hints with runtime checking for robustness."
84,11,Check if an item exists now,"Write optimized Python code that validates the existence of an item in multiple possible locations such as a set, tuple, or array. Ensure the implementation leverages O(1) lookup capabilities where applicable while maintaining readability and adhering to strict PEP 8 coding standards."
84,12,Check if an item exists now,"Develop a professional Python function that checks item presence in dynamic collections with configurable search parameters including fuzzy matching options or custom key functions. The code should be type-annotated, include comprehensive docstrings following Google style, and demonstrate high performance on large datasets."
84,13,Check if an item exists now,Create a robust Python module function to determine if an item exists in various iterable types with support for error handling during traversal. Ensure the code utilizes modern Python syntax including walrus operator where appropriate for clarity and efficiency while following best practices for memory usage and speed.
84,14,Check if an item exists now,"Generate high-quality, type-annotated Python code that securely checks item existence in concurrent environments to prevent race conditions. The solution must utilize context managers or locking mechanisms if necessary, ensure thread-safety compliance, and provide clear exception handling for all potential failure scenarios."
85,0,Find the length of a list,Implement a robust and efficient Python script to calculate the length of any given list while handling edge cases like empty lists or non-list inputs gracefully.
85,1,Find the length of a list,Write a professional-grade function that returns the count of elements in an input sequence using built-in methods without explicit loops for performance optimization.
85,2,Find the length of a list,"Create a high-quality Python utility module containing multiple functions to determine list length, including type validation and error handling for invalid arguments."
85,3,Find the length of a list,Develop an optimized inline function in Python that computes the size of a list with O(1) time complexity and includes comprehensive docstrings following PEP 8 standards.
85,4,Find the length of a list,Generate a production-ready code snippet to find the length of a list that explicitly handles None arguments by raising appropriate exceptions rather than returning nulls.
85,5,Find the length of a list,Construct an advanced Python solution using type hints and static analysis compatibility to measure list dimensions while ensuring maximum runtime efficiency.
85,6,Find the length of a list,"Produce a clean and maintainable function that calculates the number of items in a collection, prioritizing readability and adherence to modern Python best practices over micro-optimizations where unnecessary."
85,7,Find the length of a list,Write a secure and efficient Python program segment designed to determine list length with input sanitization checks against common security vulnerabilities like injection attacks on user data.
85,8,Find the length of a list,"Implement a versatile function capable of computing the length for various container types including lists, tuples, sets, and strings while maintaining consistent behavior across all inputs."
85,9,Find the length of a list,Develop a benchmarked Python solution that finds list lengths using both native methods and alternative approaches to demonstrate optimal performance characteristics in production environments.
85,10,Find the length of a list,"Implement an efficient and readable Python function named get_list_length that accepts any iterable as input using built-in len() to return its length, ensuring the code adheres strictly to PEP 8 standards."
85,11,Find the length of a list,"Write a robust script containing two distinct methods: one for lists and another attempting iteration over an arbitrary iterable, both returning the count of elements without raising errors on non-sequence types if possible."
85,12,Find the length of a list,Generate optimized Python code that defines a generic type-hinted function to determine the size of any collection object using O(1) complexity where supported by standard library operations.
85,13,Find the length of a list,"Create a comprehensive solution with input validation and docstring documentation for a function that calculates list length, explicitly handling edge cases like empty sequences while maintaining high performance."
85,14,Find the length of a list,"Produce production-ready Python code implementing the standard library approach to measuring collection size, focusing on memory efficiency and clarity without unnecessary imports or loops."
86,0,Count how many items exist,"Implement an efficient and robust Python script to count the total number of items in a given list or iterable, ensuring it handles empty inputs gracefully."
86,1,Count how many items exist,"Write professional-grade Python code that counts elements within any sequence type (list, tuple, set) using optimized iteration techniques."
86,2,Count how many items exist,"Create a high-performance function in Python to determine the count of items in an input collection, adhering strictly to PEP 8 coding standards and best practices for readability."
86,3,Count how many items exist,"Develop a complete Python solution that counts occurrences of unique items versus total items in a dataset, utilizing efficient data structures like dictionaries or sets where appropriate."
86,4,Count how many items exist,"Generate optimized Python code to count the length of an input object without modifying it, ensuring maximum performance for large datasets and handling edge cases effectively."
86,5,Count how many items exist,"Write a clean and maintainable Python script that counts items in nested structures recursively or iteratively as needed, prioritizing memory efficiency and execution speed."
86,6,Count how many items exist,"Implement an advanced counting algorithm in Python capable of processing various iterable types with minimal overhead, following industry-standard design patterns for utility functions."
86,7,Count how many items exist,"Construct a production-ready Python module to count items across multiple input formats, including generators and file-like objects, ensuring type safety and error handling."
86,8,Count how many items exist,"Develop an optimized Python utility function that counts elements in a collection while supporting custom filtering criteria if specified, maintaining O(n) time complexity."
86,9,Count how many items exist,"Write comprehensive Python code to count items with support for parallel processing on large datasets, ensuring thread safety and optimal resource utilization according to modern best practices."
86,10,Count how many items exist,Implement an efficient and robust Python script using standard library functions to count the total number of items in a nested list structure while handling empty lists gracefully.
86,11,Count how many items exist,"Write professional-grade code that iterates through any iterable input to compute its length without converting it into a new data structure, optimizing for memory usage and performance."
86,12,Count how many items exist,"Develop a high-quality Python function designed to count items in a sequence where the order of iteration is unspecified, adhering strictly to PEP 8 guidelines and best practices."
86,13,Count how many items exist,Generate optimized Python code capable of counting distinct elements versus total occurrences within an array using set operations for uniqueness tracking and list comprehension for efficiency.
86,14,Count how many items exist,"Create a production-ready utility function in Python that accepts any iterable object to return its item count, ensuring the solution is type-hinted, documented with docstrings, and handles edge cases like None input safely."
87,0,Get the first item simply,Implement an efficient and readable Python script using list comprehension to extract the first element from a non-empty sequence without raising errors on empty input.
87,1,Get the first item simply,Write a robust function that retrieves the initial item of any iterable object while handling edge cases like None or empty collections with clear error messages.
87,2,Get the first item simply,Create an optimized Python utility class method to safely access the first element of a collection using type hints and comprehensive input validation logic.
87,3,Get the first item simply,Develop a high-performance generator function in Python that yields items from an iterator starting immediately with the first available value upon request.
87,4,Get the first item simply,Construct a production-ready module containing a decorator and helper functions to ensure only valid sequences are processed before extracting their head element.
87,5,Get the first item simply,Write concise yet maintainable Python code using the `itertools` library or standard built-ins to isolate the first item from an input list with maximum speed.
87,6,Get the first item simply,Generate a secure and type-safe API endpoint logic in Python that returns the first record of a database query result set while managing connection states properly.
87,7,Get the first item simply,Design an advanced data processing pipeline component using Pandas or NumPy to efficiently pull the initial row from a DataFrame without copying unnecessary columns.
87,8,Get the first item simply,Produce a clean and documented Python function that utilizes exception handling strategies to gracefully handle missing first elements in various data structures.
87,9,Get the first item simply,Compile a best-practice solution for extracting the initial item from user input streams using async/await patterns suitable for high-concurrency environments.
87,10,Get the first item simply,Implement a robust and efficient Python script using list comprehension to extract the first element from any given non-empty iterable while handling empty inputs gracefully.
87,11,Get the first item simply,Write a high-performance generator function in Python that yields items one by one until it returns the very first item of an input sequence without consuming unnecessary memory.
87,12,Get the first item simply,"Create a type-safe utility class with static methods to retrieve the initial element from various data structures like lists, tuples, and sets, ensuring comprehensive error handling for edge cases."
87,13,Get the first item simply,Develop an optimized Python function that accepts any sequence as input and immediately returns its first item using minimal overhead and strict adherence to PEP 8 coding standards.
87,14,Get the first item simply,Construct a production-ready module containing multiple helper functions designed specifically for extracting the head of collections with maximum readability and execution speed in Python 3.10+.
88,0,Access an element by index,Implement a robust and production-ready Python script to retrieve an element from a list by its integer index position using zero-based indexing logic.
88,1,Access an element by index,Create an optimized helper function that safely returns the item at a specific index in a sequence without raising exceptions for invalid indices when possible.
88,2,Access an element by index,Write efficient Python code to access the k-th element of an iterable data structure with input validation and error handling.
88,3,Access an element by index,Develop a high-performance utility function designed for array indexing operations that includes type checking and bounds verification using best practices.
88,4,Access an element by index,Construct a clean Python solution to fetch an item from a collection by index position following the PEP 8 coding style guide strictly.
88,5,Access an element by index,Generate optimized Python logic that accesses list elements at runtime indices while handling negative indexing and out-of-bound conditions gracefully.
88,6,Access an element by index,Write a complete script to implement an index-based accessor pattern for collections with comprehensive documentation on usage scenarios.
88,7,Access an element by index,Produce advanced Python code that retrieves specific array elements by numerical offset using numpy-style indexing principles where appropriate.
88,8,Access an element by index,Design an efficient and readable class method to access list indices safely with automatic boundary checking if the index is out of range.
88,9,Access an element by index,Draft a best-practice Python utility for direct element retrieval by position ensuring minimal overhead during high-frequency execution tasks.
88,10,Access an element by index,"Implement a robust and efficient Python script that accesses an element in a list by its integer index using zero-based indexing logic, ensuring proper error handling for out-of-bound indices according to PEP 8 standards."
88,11,Access an element by index,Write optimized high-performance code in Python that retrieves the nth item from any iterable sequence based on an explicit numeric index argument with comprehensive validation and type checking.
88,12,Access an element by index,"Develop a production-ready function to access elements by their position within collections using direct indexing syntax, focusing on memory efficiency and adherence to best practices for data structure manipulation."
88,13,Access an element by index,"Create an advanced Python utility that safely accesses list items at calculated indices while providing clear feedback mechanisms for invalid inputs, ensuring the solution is scalable and follows industry standards."
88,14,Access an element by index,"Produce a clean and maintainable Python implementation capable of accessing arbitrary elements by index across different sequence types, prioritizing readability, speed, and strict adherence to coding conventions."
89,0,Iterate through every list item,Implement a robust and efficient script in Python that iterates through every list item using modern best practices without external dependencies.
89,1,Iterate through every list item,Write a production-ready function that processes each element of an input list to extract specific metadata while adhering to PEP 8 style guidelines.
89,2,Iterate through every list item,Create an optimized Python solution for iterating through every item in a heterogeneous data structure using generator expressions for memory efficiency.
89,3,Iterate through every list item,Develop a high-performance iterator class that yields processed list items with built-in error handling and logging capabilities.
89,4,Iterate through every list item,Write concise Python code to traverse every element in a nested data structure using recursive iteration patterns suitable for large datasets.
89,5,Iterate through every list item,Implement a type-annotated function that maps transformations over list items while maintaining strict adherence to static analysis standards.
89,6,Iterate through every list item,Construct an asynchronous Python solution using async/await syntax to handle iteration through every item in a concurrent data processing pipeline.
89,7,Iterate through every list item,Generate secure and validated code for iterating through list items that includes input sanitization and exception management strategies.
89,8,Iterate through every list item,Write clean Python logic to enumerate every element in a collection with custom index tracking applicable to algorithmic sorting tasks.
89,9,Iterate through every list item,Produce advanced Python code utilizing list comprehensions and map functions for bulk iteration over input lists with maximum readability.
89,10,Iterate through every list item,Implement a robust and efficient Python script using list comprehension to iterate through every item in a provided input list and print each element on a new line. Ensure the code handles empty lists gracefully and adheres strictly to PEP 8 standards.
89,11,Iterate through every list item,"Write an optimized function that iterates over all elements of any given iterable (list or tuple) in Python, applying a transformation operation defined by a user-provided lambda function. The solution must include type hints and comprehensive docstrings for clarity and maintainability."
89,12,Iterate through every list item,Generate professional-grade Python code that iterates through every list item to accumulate results into a new data structure using the `enumerate` method. Include input validation to ensure the argument is actually iterable before execution begins.
89,13,Iterate through every list item,Create a high-performance iterator in pure Python designed for processing large datasets by iterating over each element of an input list without creating intermediate copies where possible. Optimize memory usage and include error handling for non-iterable inputs.
89,14,Iterate through every list item,"Develop a clean and readable Python utility function that traverses every item in the provided collection to perform side-effect operations (e.g., logging or file writing). Ensure the implementation uses context managers correctly if resources are involved and follows modern best practices for code organization."
90,0,Find the smallest value present,Implement an efficient and robust Python script to find the smallest value in a list of numbers using built-in functions while adhering to strict PEP 8 coding standards.
90,1,Find the smallest value present,Write high-quality optimized code that accepts any iterable input and returns the minimum element without raising errors on empty sequences or non-comparable types.
90,2,Find the smallest value present,Create a production-ready Python function to determine the smallest value present in an array with comprehensive error handling and clear documentation strings.
90,3,Find the smallest value present,Develop a performant Python solution using list comprehensions or generator expressions to identify the minimum element while ensuring memory efficiency for large datasets.
90,4,Find the smallest value present,Generate a professional-grade Python program that finds the smallest value in mixed data types but restricts execution to numeric inputs with explicit type validation.
90,5,Find the smallest value present,Code an optimized and scalable algorithm using only core Python libraries to extract the minimum element from user-provided input lists following industry best practices.
90,6,Find the smallest value present,Write a clean and maintainable Python function that computes the smallest value in a sequence with O(n) time complexity and includes extensive inline comments explaining logic flow.
90,7,Find the smallest value present,Produce an advanced Python implementation capable of handling nested lists to find the global minimum numeric value while maintaining code structure integrity.
90,8,Find the smallest value present,Construct a secure and efficient Python utility function designed to retrieve the smallest element from a collection with input sanitization and edge case coverage.
90,9,Find the smallest value present,Develop a top-tier Python solution that leverages functional programming principles to calculate the minimum value in an array while ensuring maximum readability and performance.
90,10,Find the smallest value present,"Implement a robust and efficient Python script to find the smallest value in a list or tuple, ensuring it handles empty sequences gracefully by raising an appropriate exception."
90,11,Find the smallest value present,Write professional-grade Python code that accepts any iterable as input and returns its minimum element using built-in functions for optimal performance without unnecessary loops.
90,12,Find the smallest value present,Develop a high-quality Python function named find_min_value that calculates the smallest item in an argument collection with clear type hints and comprehensive error handling for non-comparable types.
90,13,Find the smallest value present,"Generate optimized Python code capable of determining the minimum value from mixed data structures like sets or dictionaries (accessing keys), adhering to strict PEP 8 guidelines."
90,14,Find the smallest value present,Create a production-ready utility function in Python that safely identifies and returns the smallest present element while providing detailed logging for debugging purposes during execution.
91,0,Separate words from a sentence,Create a production-ready Python script using regular expressions to extract and return individual words from an input sentence as a list.
91,1,Separate words from a sentence,Develop a highly efficient generator function in Python that yields one word at a time while removing punctuation tokens for optimized processing speed.
91,2,Separate words from a sentence,Implement the split() method with unicode normalization to handle complex text inputs and ensure clean separation of alphanumeric characters from sentences.
91,3,Separate words from a sentence,"Write a robust Python utility that accepts any string input, filters out non-word characters using Unicode patterns, and returns a sorted list of unique words."
91,4,Separate words from a sentence,Construct an optimized data-processing pipeline in Python that tokenizes sentences into separate words while handling edge cases like contractions and mixed case properly.
91,5,Separate words from a sentence,"Develop a clean and maintainable class method to parse text strings into word arrays, adhering strictly to PEP 8 guidelines for code structure and readability."
91,6,Separate words from a sentence,Generate the most performant Python solution using list comprehensions combined with string translation tables to separate words from a sentence rapidly.
91,7,Separate words from a sentence,Implement an advanced text tokenizer in Python that supports custom delimiters and returns both word lists and their corresponding original indices for traceability.
91,8,Separate words from a sentence,Write secure and scalable code to process large volumes of sentences by converting them into separate words using compiled regex patterns for maximum efficiency.
91,9,Separate words from a sentence,"Develop a comprehensive Python module with docstrings and type hinting that provides multiple approaches (split, re.findall) to reliably extract words from input text."
91,10,Separate words from a sentence,"Implement a robust and efficient Python script to separate words from any given sentence using regular expressions or built-in string methods, ensuring it handles punctuation correctly according to best practices."
91,11,Separate words from a sentence,"Write a professional-grade function in Python that tokenizes input sentences into individual words while stripping all non-alphabetic characters, optimized for performance and adhering to PEP 8 standards."
91,12,Separate words from a sentence,Generate high-quality code for separating words from text with support for multiple sentence structures and special cases like contractions or hyphenated terms using the standard library only without external dependencies.
91,13,Separate words from a sentence,"Create a fully optimized Python utility that parses sentences into word lists by removing punctuation and normalizing whitespace, explicitly demanding production-ready error handling and clean output formatting."
91,14,Separate words from a sentence,"Develop an advanced text processing module in Python specifically designed to extract words from complex sentence structures with maximum efficiency, ensuring the code is readable, maintainable, and follows industry-standard coding conventions."
92,0,Concatenate strings in a list,Implement an efficient and readable Python script that concatenates all strings in a given list using the join method to ensure optimal performance for large datasets.
92,1,Concatenate strings in a list,"Write a robust Python function that takes a list of mixed-type elements (strings only), validates input types strictly, and returns their concatenated result as a single string following best practices."
92,2,Concatenate strings in a list,"Create an optimized Python utility module containing multiple functions to handle various concatenation scenarios including empty lists, None values handling, and custom separators for list elements."
92,3,Concatenate strings in a list,Develop a production-ready Python class that encapsulates the logic for joining string arrays with support for configuration options like delimiter type and case normalization.
92,4,Concatenate strings in a list,Generate high-quality Python code using list comprehension or map where appropriate to concatenate strings in a list while adhering to PEP 8 guidelines and ensuring memory efficiency.
92,5,Concatenate strings in a list,"Write a comprehensive Python solution that includes error handling for non-string elements within the input list before concatenation occurs, logging warnings as needed."
92,6,Concatenate strings in a list,Implement an advanced string joining algorithm in Python capable of processing millions of strings efficiently by avoiding intermediate object creation during iteration.
92,7,Concatenate strings in a list,Construct a clean and maintainable Python script that accepts command-line arguments for input list data and outputs the concatenated result with detailed usage instructions embedded as docstrings.
92,8,Concatenate strings in a list,Produce optimized Python code utilizing f-strings or format methods within a loop structure to dynamically concatenate strings while maintaining high readability and speed.
92,9,Concatenate strings in a list,"Write a secure and scalable Python function for string list concatenation that includes type hints, comprehensive docstrings explaining edge cases, and unit test examples demonstrating correctness."
92,10,Concatenate strings in a list,Implement an efficient and robust Python script using list comprehension to concatenate all strings in a provided input list into a single string. Ensure the code handles empty lists gracefully and follows PEP 8 standards.
92,11,Concatenate strings in a list,Write a high-performance function that takes a list of arbitrary-length strings as arguments and returns their concatenated result using optimized Python techniques suitable for large datasets. Include type hints in the code.
92,12,Concatenate strings in a list,"Create a production-ready utility module containing a method to join elements from any iterable of string objects into one continuous string, ensuring memory efficiency and adherence to modern Python best practices."
92,13,Concatenate strings in a list,Develop a concise and readable function that accepts a list of strings and returns the joined output using standard library tools. The implementation must include comprehensive docstrings explaining edge cases like non-string elements or mixed types.
92,14,Concatenate strings in a list,"Generate an optimized Python solution for string concatenation from a list that minimizes intermediate object creation and maximizes execution speed, while maintaining clean syntax and proper error handling for invalid inputs."
93,0,Convert meters to feet using multiplication factor,Implement a robust and type-annotated Python script that converts meters to feet using the standard multiplication factor (3.28084) with input validation for non-positive numbers.
93,1,Convert meters to feet using multiplication factor,Write an optimized pure Python function named 'convert_meters_to_feet' that accepts a float representing distance in meters and returns the result in feet using direct multiplication by 3.28084.
93,2,Convert meters to feet using multiplication factor,"Create a production-ready Python class with a static method to calculate foot conversion from meters, ensuring it handles floating-point precision issues best-practice style coding guidelines suggest."
93,3,Convert meters to feet using multiplication factor,Generate efficient Python code that defines the conversion factor as a constant and uses list comprehension or generator expressions to convert an input array of meter values to feet.
93,4,Convert meters to feet using multiplication factor,"Develop a modular Python module containing a well-documented function that performs meter-to-foot conversion via multiplication by 3.28084, including docstrings and error handling for invalid inputs."
93,5,Convert meters to feet using multiplication factor,Write high-performance Python code using the built-in `math` library constants where available or direct arithmetic to convert a list of meters to feet in bulk operations.
93,6,Convert meters to feet using multiplication factor,Implement a secure and scalable Python utility function that calculates foot equivalents from meter inputs by applying the multiplication factor 3.28084 with explicit type checking at runtime.
93,7,Convert meters to feet using multiplication factor,Produce concise yet professional Python code utilizing lambda functions or arrow functions to map a sequence of meters to their corresponding feet values through direct scalar multiplication.
93,8,Convert meters to feet using multiplication factor,Construct an advanced Python script that includes unit testing examples alongside the main logic for converting meters to feet using the exact multiplication factor defined in industry standards.
93,9,Convert meters to feet using multiplication factor,Write clean and maintainable Python code with input arguments as keyword-only parameters to convert specific meter values to feet by multiplying them by the conversion constant.
93,10,Convert meters to feet using multiplication factor,"Create a production-ready Python script named meters_to_feet.py that converts any input meter value to feet using the standard conversion factor of approximately 3.28084, ensuring all floating-point arithmetic is precise and adheres strictly to PEP 8 guidelines."
93,11,Convert meters to feet using multiplication factor,"Implement a robust Python function called convert_meters_to_feet that accepts a single numeric argument representing meters in feet using the multiplication factor of 3.28084, with comprehensive input validation and error handling for non-numeric inputs or negative values."
93,12,Convert meters to feet using multiplication factor,Develop an optimized Python utility module containing a class MeterToFeetConverter that encapsulates the conversion logic using the constant factor 3.28084 to transform meters into feet efficiently while maintaining thread safety and code readability according to best practices.
93,13,Convert meters to feet using multiplication factor,"Write a high-performance Python program that reads meter values from user input or command-line arguments, applies the multiplication factor of 3.28084 for conversion to feet, outputs results formatted to two decimal places, and includes detailed docstrings explaining every step."
93,14,Convert meters to feet using multiplication factor,"Construct a clean and efficient Python solution that defines a constant FACTOR = 3.28084 and creates a dedicated function calculate_feet_from_meters(meter_value) to perform the multiplication conversion, ensuring type hinting is used throughout for maximum clarity."
94,0,Calculate time difference between two dates,Implement a robust and efficient Python script using the datetime module to calculate the exact time difference in seconds between any two given dates or datetimes. Ensure the code handles timezone-aware objects correctly and includes comprehensive error handling for invalid date inputs.
94,1,Calculate time difference between two dates,"Write a professional-grade function that computes the duration between two timestamps with full support for leap years and varying time zones, returning the result as both seconds and formatted human-readable strings. Optimize performance by avoiding unnecessary object creation where possible."
94,2,Calculate time difference between two dates,"Create an optimized Python utility class capable of calculating time differences across multiple date formats (ISO8601, YYYY-MM-DD) while automatically detecting and correcting common input errors. The solution must use standard library features exclusively for maximum portability and speed."
94,3,Calculate time difference between two dates,"Develop a high-performance Python function that calculates the difference in days between two dates, ensuring it correctly accounts for daylight saving time transitions if timezone information is provided. Include docstrings explaining edge cases like crossing year boundaries or negative durations."
94,4,Calculate time difference between two dates,"Generate a production-ready code snippet using `datetime` and `dateutil.parser` to parse flexible date strings and compute the precise interval between them in milliseconds. The implementation must be type-hinted, follow PEP 8 guidelines strictly, and include unit tests for common scenarios."
94,5,Calculate time difference between two dates,"Write a concise yet comprehensive Python function that determines the time delta between two `datetime` objects, supporting both naive and aware instances. Ensure the code gracefully handles invalid inputs by raising descriptive exceptions rather than returning None or silent failures."
94,6,Calculate time difference between two dates,"Implement an advanced calculator for date differences in a modular Python structure that supports custom time units (hours, minutes, weeks) alongside standard seconds and days. Prioritize memory efficiency when processing large lists of date pairs without external dependencies beyond the standard library."
94,7,Calculate time difference between two dates,"Construct a secure and optimized Python solution for computing elapsed time between two events, focusing on handling UTC vs local time discrepancies accurately. The code must be well-documented with examples covering scenarios involving negative durations and fractional seconds precision."
94,8,Calculate time difference between two dates,"Design an extensible Python module that provides multiple methods to calculate date differences based on user-specified granularity (e.g., nearest hour or minute). Ensure all input validation is strict and the output format is consistent across different calculation modes. Use type hints for better IDE support."
94,9,Calculate time difference between two dates,"Write a best-practice Python function that calculates the absolute time difference between two dates in nanoseconds while also providing relative formatting options (e.g., '2 days ago'). The code must be fully self-contained, avoid global state, and demonstrate optimal use of `datetime.timedelta` properties."
94,10,Calculate time difference between two dates,Implement a robust and efficient Python script using the datetime module to calculate the time difference in days between any two given dates. Ensure the code handles edge cases like leap years correctly.
94,11,Calculate time difference between two dates,"Write a professional-grade function that accepts two date objects as input and returns their absolute time difference expressed in seconds, adhering to Python best practices for type hinting and documentation."
94,12,Calculate time difference between two dates,"Develop an optimized utility module containing multiple functions: one to calculate the total duration between two dates in days, another in hours, and a third that returns both start and end timestamps. Use standard library only for maximum portability."
94,13,Calculate time difference between two dates,"Create a high-performance Python solution using the dateutil.parser to parse flexible input strings into dates and then compute the precise time delta between them, ensuring the output includes both timedelta object details and formatted string representations."
94,14,Calculate time difference between two dates,"Generate a complete, production-ready code snippet that calculates the difference in business days (excluding weekends) between two specified dates using standard Python libraries without external dependencies like pandas or dateutil."
95,0,Convert given date to string format,Implement a robust and efficient Python script to convert any given date object into its string representation using standard formatting libraries.
95,1,Convert given date to string format,Write high-quality Python code that accepts multiple input formats for dates and outputs them in ISO 8601 format with maximum accuracy.
95,2,Convert given date to string format,Create an optimized function to parse a date string into a datetime object and then convert it back to a formatted string following best practices.
95,3,Convert given date to string format,Develop professional Python code that handles edge cases in date conversion including leap years and invalid inputs while maintaining high performance.
95,4,Convert given date to string format,Generate complete Python instructions for converting a datetime object to string format using the calendar module with strict type safety checks.
95,5,Convert given date to string format,Write concise yet comprehensive Python code that supports custom date formatting patterns and returns strings adhering to PEP 8 guidelines.
95,6,Convert given date to string format,Implement a production-ready solution in Python for converting dates to string formats with support for timezone awareness and localization options.
95,7,Convert given date to string format,Construct an efficient Python utility function that converts date inputs to strings using minimal dependencies while ensuring code readability and maintainability.
95,8,Convert given date to string format,Produce optimized Python code capable of batch converting lists of dates to formatted strings with error handling for malformed input data.
95,9,Convert given date to string format,Write a clean and scalable Python module that provides multiple methods for date-to-string conversion ensuring compatibility across different Python versions.
95,10,Convert given date to string format,Implement a robust and production-ready Python script to convert various date formats into standardized string representations using only standard library modules.
95,11,Convert given date to string format,Write an optimized function that accepts multiple input date strings with different common formats and returns them as ISO 8601 compliant datetime objects converted back to a canonical string format.
95,12,Convert given date to string format,Create a high-performance Python utility module containing logic to parse ambiguous dates and convert them into unambiguous string outputs following best practices for date handling in enterprise applications.
95,13,Convert given date to string format,Develop a comprehensive Python solution that includes error handling for invalid inputs and converts user-provided date strings into normalized datetime objects formatted as 'YYYY-MM-DD HH:MM:SS'.
95,14,Convert given date to string format,"Produce an efficient, type-annotated Python function capable of converting a list of mixed-format date inputs into a uniform string output array without external dependencies."
96,0,Check if day is weekend or weekday,Write a robust Python script that checks if a given date falls on a weekend or weekday using standard library functions and includes input validation for invalid dates.
96,1,Check if day is weekend or weekday,"Implement an optimized function in Python that determines whether any list of datetime objects represents weekends, ensuring minimal computational overhead."
96,2,Check if day is weekend or weekday,Create a production-ready Python module with type hints and docstrings to categorize dates as either weekend or weekday based on ISO calendar standards.
96,3,Check if day is weekend or weekday,Develop a high-performance Python solution that checks multiple date strings for weekend status in parallel using the asyncio library while maintaining data integrity.
96,4,Check if day is weekend or weekday,Write a professional Python utility class with factory methods to generate and validate calendar instances specifically designed to detect weekends efficiently.
96,5,Check if day is weekend or weekday,Generate an efficient Python algorithm that maps arbitrary timestamps to their corresponding day type (weekend/weekday) while handling leap years automatically.
96,6,Check if day is weekend or weekday,Construct a secure and maintainable Python application component that accepts date inputs in various formats and outputs the correct weekday or weekend classification with detailed error logging.
96,7,Check if day is weekend or weekday,"Design a scalable Python function using dataclasses to encapsulate day type detection logic, ensuring zero external dependencies for maximum portability."
96,8,Check if day is weekend or weekday,Develop a feature-rich Python script that includes unit tests and comprehensive coverage markers to verify the accuracy of weekend/weekday checks across all possible Gregorian calendar dates.
96,9,Check if day is weekend or weekday,Author a clean and idiomatic Python function leveraging the `datetime` module's attributes to resolve day classification issues with edge cases regarding timezones.
96,10,Check if day is weekend or weekday,Implement a robust and reusable Python class named WeekdayChecker that determines if a given date is a weekend or weekday using only standard library modules. The code must handle input validation for invalid dates and include docstrings explaining the logic.
96,11,Check if day is weekend or weekday,"Write an optimized function in Python that accepts any valid calendar date object (from datetime module) as a parameter and returns True if it falls on Saturday or Sunday, otherwise False. Ensure the solution uses efficient internal methods without unnecessary overhead."
96,12,Check if day is weekend or weekday,Create a comprehensive Python script that defines two distinct functions: one to check for weekend days using weekday() logic and another to verify specific date ranges are weekends. The code must be fully documented with type hints and follow PEP 8 guidelines strictly.
96,13,Check if day is weekend or weekday,Develop a high-performance Python utility that takes an input representing a day of the week (integer or string) and returns its classification as 'weekend' or 'weekday'. The implementation should prioritize readability and maintainability while ensuring correct handling of edge cases.
96,14,Check if day is weekend or weekday,Generate professional-grade Python code that encapsulates the logic to identify weekend versus weekday days within a custom Date class. Include comprehensive error handling for malformed inputs and ensure all functions are self-contained without external dependencies beyond the standard library.
97,0,Determine leap year from input number,Implement a robust and efficient Python script to determine if a given year is a leap year using standard logic rules.
97,1,Determine leap year from input number,Write professional-grade Python code that accepts an integer input and returns true or false based on the leap year criteria.
97,2,Determine leap year from input number,Create a high-performance function in Python to validate leap years with comprehensive error handling for invalid inputs.
97,3,Determine leap year from input number,Develop an optimized Python solution that checks if a specific number is divisible by 4 and applies the correct divisibility rules.
97,4,Determine leap year from input number,"Generate clean, PEP 8 compliant Python code to calculate leap years from user input with clear documentation."
97,5,Determine leap year from input number,Construct a concise yet comprehensive Python program that identifies leap years based on the Gregorian calendar rules.
97,6,Determine leap year from input number,Write an advanced Python utility function to determine leap year status from any integer argument with maximum efficiency.
97,7,Determine leap year from input number,Produce a production-ready Python script that processes input numbers and outputs accurate leap year determinations.
97,8,Determine leap year from input number,Design an optimal Python algorithm to check leap years ensuring it handles edge cases like century years correctly.
97,9,Determine leap year from input number,Develop a polished Python module containing a function that evaluates input numbers against the official leap year definition.
97,10,Determine leap year from input number,"Write a robust and production-ready Python script that determines whether a given input year is a leap year, ensuring it handles edge cases like century years correctly and adheres to PEP 8 standards."
97,11,Determine leap year from input number,Implement an optimized function in Python to calculate the next day's date based on current month inputs with explicit logic for leap years using only standard library modules without external dependencies.
97,12,Determine leap year from input number,Generate high-quality professional code that accepts a year as input and validates its correctness against Gregorian calendar rules including century division by four hundred correctly implemented in pure Python.
97,13,Determine leap year from input number,Develop an efficient utility function for leap year detection that processes large inputs without performance degradation while maintaining full readability and extensive test coverage capabilities.
97,14,Determine leap year from input number,Create a comprehensive solution using the datetime module to automatically handle leap year logic based on calendar standards ensuring maximum accuracy across all valid input numbers received by your program.
98,0,Print days in each month of year,"Implement a robust and efficient Python script using the datetime module to calculate the number of days in each month for every year from 2023 to 2050, handling leap years correctly."
98,1,Print days in each month of year,"Write a professional-grade Python function that returns a list containing the count of days in months 1 through 12 for any given input year, ensuring full compliance with PEP 8 standards and optimal performance."
98,2,Print days in each month of year,"Create an optimized data structure using dictionaries to store the number of days per month across all years from 2000 to 2100, explicitly accounting for leap year logic without external dependencies."
98,3,Print days in each month of year,Develop a high-performance Python utility that generates a comprehensive report listing the exact day count for each month in every non-leap and leap year between 1950 and 2080.
98,4,Print days in each month of year,"Construct a clean and maintainable Python class named 'MonthDayCounter' with an instance method to determine days per month for arbitrary years, adhering strictly to best practices in object-oriented design."
98,5,Print days in each month of year,Write a concise yet comprehensive Python script that utilizes the calendar module to output the number of days in each month for all years from 2015 to 2035 with minimal computational overhead.
98,6,Print days in each month of year,Implement an advanced algorithmic solution in Python using list comprehensions and conditional logic to map every year between 2001 and 2099 to its corresponding monthly day counts efficiently.
98,7,Print days in each month of year,Generate a production-ready Python module that provides functions for calculating leap years and month lengths simultaneously across the entire range of Gregorian calendar usage from -4713 to +3000 AD.
98,8,Print days in each month of year,Develop a highly readable and performant Python program using type hints and docstrings to compute the total days in each month for every year starting from 2025 up to 2045 inclusive.
98,9,Print days in each month of year,Write an optimized Python script leveraging standard library features to create a lookup table of months per year that accurately reflects leap year rules and is ready for integration into larger applications.
98,10,Print days in each month of year,"Implement a robust and production-ready Python script using only standard library modules to calculate the number of days in each month for every year from 2023 to 2050. Ensure the code is fully optimized, handles leap years correctly according to Gregorian calendar rules, includes comprehensive docstrings, and strictly adheres to PEP 8 formatting standards."
98,11,Print days in each month of year,"Write a high-performance Python function that accepts an arbitrary year as input and returns the count of days in each month for that specific year. The solution must avoid external dependencies by leveraging built-in datetime utilities, be memory-efficient with O(1) space complexity relative to input size, and include type hinting along with inline error handling for invalid inputs."
98,12,Print days in each month of year,"Create a professional-grade Python module that generates a dictionary mapping each month of every year between 2000 and 2100 to its corresponding day count. The implementation should use dataclasses for clean structure definition, utilize list comprehensions or generator expressions where appropriate to ensure efficiency, and wrap the logic in a reusable class with an __init__ method that validates input parameters."
98,13,Print days in each month of year,"Develop an optimized Python utility function designed to compute day counts per month across all years of the current decade. The code must demonstrate clean separation of concerns between calendar logic and output formatting, handle leap year calculations using established algorithms rather than brute force iteration, and be fully compatible with modern static analysis tools."
98,14,Print days in each month of year,"Generate a complete Python script that determines the number of days in each month for all years from 1 to 3000. The program should utilize efficient date arithmetic provided by standard library functions, avoid unnecessary iterations through logical shortcuts where possible, include detailed inline comments explaining leap year conditions, and ensure the output is formatted as a structured JSON-like object or dictionary."
99,0,Find next occurrence of specific hour,Implement a robust and efficient Python script using datetime module to find the next occurrence of a specific hour given any current time input.
99,1,Find next occurrence of specific hour,Write professional-grade Python code that calculates the timestamp for the first upcoming minute where the hour matches a specified target value.
99,2,Find next occurrence of specific hour,Create an optimized function in Python to determine when the next specific hour will occur from any given datetime object without using external libraries beyond standard library.
99,3,Find next occurrence of specific hour,Develop high-quality Python code that handles edge cases like midnight transitions and leap seconds while finding the next occurrence of a target hour.
99,4,Find next occurrence of specific hour,Generate efficient Python logic to compute the difference in minutes until the current time reaches the specified hour on any given day or future date.
99,5,Find next occurrence of specific hour,Write clean and maintainable Python code that accepts a datetime object and an integer target hour to return the next valid timestamp for that hour.
99,6,Find next occurrence of specific hour,Construct a production-ready Python utility function using time module or datetime to identify the exact moment when the next specific hour begins.
99,7,Find next occurrence of specific hour,Implement best-practice Python code with type hints and docstrings that finds the upcoming occurrence of a user-defined hour from any input timestamp.
99,8,Find next occurrence of specific hour,Develop fast and scalable Python solution to calculate how many minutes remain until the clock strikes the next specific hour regardless of current date context.
99,9,Find next occurrence of specific hour,Produce optimized Python code that leverages datetime arithmetic to determine the precise instant when a designated hour will occur for any provided time input.
99,10,Find next occurrence of specific hour,Write a robust and production-ready Python script using the datetime module to find the next occurrence of a specific hour given any input time. Ensure proper error handling for invalid inputs.
99,11,Find next occurrence of specific hour,Implement an optimized function in pure Python that calculates the timestamp of the next full hour from a provided datetime object without using external libraries beyond standard library modules.
99,12,Find next occurrence of specific hour,"Create a high-performance utility class method to determine the upcoming specific hour based on user input time strings in ISO format, adhering strictly to PEP 8 coding standards and including comprehensive docstrings."
99,13,Find next occurrence of specific hour,"Develop an efficient Python solution that accepts a start datetime and returns the absolute timestamp of the next hour boundary, handling edge cases such as year rollovers with maximum precision."
99,14,Find next occurrence of specific hour,Generate a clean and maintainable Python function using the calendar module to identify the first moment in time after a given instant that falls exactly on a specific hour of the day.
100,0,Sort list by chronological order only,Implement a robust and efficient Python script that sorts a list of dates into chronological order using only built-in libraries without external dependencies.
100,1,Sort list by chronological order only,Write professional-grade Python code to sort an arbitrary collection of datetime objects in ascending chronological order while handling timezone-aware timestamps correctly.
100,2,Sort list by chronological order only,Create a high-performance sorting function for mixed date and timestamp data that ensures strict chronological ordering based on ISO format strings or native datetime instances.
100,3,Sort list by chronological order only,"Develop an optimized Python utility to sort a list of events by their occurrence time in chronological order, ensuring the solution handles None values gracefully using best practices."
100,4,Sort list by chronological order only,"Generate clean and maintainable Python code that sorts a heterogeneous list containing date objects, timestamp strings, and Unix epoch integers into a single chronologically ordered sequence."
100,5,Sort list by chronological order only,Write an advanced sorting algorithm implementation in Python specifically designed to order calendar entries by chronological precedence with minimal memory overhead.
100,6,Sort list by chronological order only,Produce production-ready Python code that sorts a list of temporal data points into chronological order using the `datetime` module and adhering strictly to PEP 8 guidelines.
100,7,Sort list by chronological order only,"Construct an efficient sorting solution in Python for large datasets of dates where performance is critical, ensuring results are sorted chronologically without side effects."
100,8,Sort list by chronological order only,Implement a secure and scalable Python function to sort log entries or event records by their timestamp into chronological order using standard library tools only.
100,9,Sort list by chronological order only,Develop a comprehensive Python script that accepts any input list of time-based objects and outputs them sorted chronologically with detailed error handling for invalid inputs.
100,10,Sort list by chronological order only,Write a robust Python script that sorts an input list containing mixed date formats into chronological order using only built-in libraries without external dependencies.
100,11,Sort list by chronological order only,Implement an optimized function in professional-grade Python that accepts any iterable of datetime objects and returns them sorted by timestamp strictly based on time evolution.
100,12,Sort list by chronological order only,Develop a production-ready code snippet using the standard library to sort a list of date strings chronologically after automatically normalizing all entries to ISO format objects.
100,13,Sort list by chronological order only,Create an efficient Python solution that handles edge cases such as null values and inconsistent timezones while sorting a provided list by chronological order only.
100,14,Sort list by chronological order only,Generate concise yet high-performance code using the `datetime` module to sort a heterogeneous collection of date-like items into ascending temporal sequence adhering to Python best practices.
101,0,Calculate average of three numbers,Implement a robust and efficient Python script to calculate the average of three numbers using type hinting and input validation.
101,1,Calculate average of three numbers,Write a professional-grade function in Python that computes the arithmetic mean of exactly three numeric inputs with comprehensive error handling.
101,2,Calculate average of three numbers,"Create an optimized Python solution to find the average of three numbers, ensuring it handles edge cases like non-numeric input gracefully."
101,3,Calculate average of three numbers,Develop a clean and maintainable Python program that calculates the mean of three values using best practices for code readability and performance.
101,4,Calculate average of three numbers,"Generate high-quality Python code to determine the average of three numbers, utilizing f-strings for output formatting and strict type checking."
101,5,Calculate average of three numbers,Write a production-ready Python function that accepts three arguments and returns their calculated average with detailed docstring documentation.
101,6,Calculate average of three numbers,Construct an efficient Python script to compute the sum divided by three for any valid numeric input set of size three.
101,7,Calculate average of three numbers,Produce a concise and optimized Python implementation that calculates the average of three numbers while adhering strictly to PEP 8 guidelines.
101,8,Calculate average of three numbers,Develop a secure and scalable Python module function designed specifically for calculating the mean of exactly three numerical inputs.
101,9,Calculate average of three numbers,Write an advanced Python solution that calculates the average of three numbers with support for both integer and float types using modern syntax features.
101,10,Calculate average of three numbers,"Implement a robust and production-ready Python script that accepts three numeric inputs from the user and prints their average, ensuring proper error handling for non-numeric input and type conversion using float()."
101,11,Calculate average of three numbers,Write an optimized pure function in Python named 'calculate_average' that takes exactly three arguments of any numerical type (int or float) and returns the arithmetic mean without side effects.
101,12,Calculate average of three numbers,"Create a high-quality Python utility module containing a class-based calculator with a method to compute the average of three numbers, including input validation for missing values and support for complex number types if applicable."
101,13,Calculate average of three numbers,"Generate efficient Python code that reads exactly three floating-point numbers from standard input, validates them strictly, calculates their mean using the sum_division pattern, and outputs the result formatted to two decimal places."
101,14,Calculate average of three numbers,"Develop a best-practice Python function with docstrings and type hints that computes the average of three provided arguments, handling edge cases such as zero values gracefully while maintaining maximum performance for large datasets if extended later."
102,0,Find minimum value in list,Implement a robust and efficient Python script to find the minimum value in a list using only built-in functions.
102,1,Find minimum value in list,Create a professional-grade Python solution to determine and return the smallest item in a list with comprehensive error checking for invalid data types.
102,2,Find minimum value in list,Develop a high-performance algorithm using pure Python that scans an input array multiple times only if necessary to find the global minimum value.
102,3,Find minimum value in list,Write a reusable Python class method capable of identifying the lowest number within an iterable dataset with O(n) time complexity assurance.
102,4,Find minimum value in list,"Construct a production-ready script that accepts user input as an array of numbers, validates it, computes the minimum via min(), and outputs results in JSON format."
102,5,Find minimum value in list,Write a concise and readable function that leverages short-circuit evaluation principles if possible or standard iteration patterns to locate the first occurrence of the lowest element in a list.
102,6,Find minimum value in list,"Implement an efficient and robust Python script to find the minimum value in a list using built-in tools, adhering strictly to best practices for performance and readability."
102,7,Find minimum value in list,Write high-quality Python code that returns the smallest element from a given list of numbers without raising exceptions on empty inputs if possible.
102,8,Find minimum value in list,"Create an optimized function to locate the minimum value in a sequence, ensuring type safety and O(n) time complexity using standard library features."
102,9,Find minimum value in list,Generate professional-grade Python code for finding the lowest element in a list with comprehensive error handling and clean structure.
102,10,Find minimum value in list,Develop a production-ready utility function to extract the minimum value from an input array using idiomatic Python patterns.
102,11,Find minimum value in list,Compose concise yet robust Python code that determines the minimum item in a collection while supporting various data types safely.
102,12,Find minimum value in list,Produce optimized and clean Python script logic to identify the minimal value within a list following modern coding standards.
102,13,Find minimum value in list,Engineer an efficient solution in pure Python to find the smallest element from a provided input list with maximum code clarity.
102,14,Find minimum value in list,Formulate a top-tier function for minimum value detection in lists using minimal overhead and high reliability according to industry standards.
103,0,Determine maximum number present,Implement a robust Python script to find and return the maximum number in a list using standard library features while adhering strictly to PEP 8 coding guidelines.
103,1,Determine maximum number present,"Write an optimized function that determines the largest value present in any iterable input without raising errors on empty sequences, ensuring type safety and edge case handling."
103,2,Determine maximum number present,Generate high-performance Python code to extract the maximum element from a dataset using list comprehension or built-in methods for optimal runtime efficiency.
103,3,Determine maximum number present,"Create a production-ready module that accepts multiple data structures (lists, tuples) and returns the maximum integer found within them with comprehensive error logging."
103,4,Determine maximum number present,Develop a clean Python solution to identify the greatest number in an array using generator expressions for memory efficiency and readability aligned with modern best practices.
103,5,Determine maximum number present,Code a bug-free algorithm that calculates the maximum present value in user-provided input sequences while handling non-numeric elements gracefully by raising specific exceptions.
103,6,Determine maximum number present,Produce an efficient Python utility function designed to process large numerical datasets and output the single highest number without unnecessary intermediate storage overhead.
103,7,Determine maximum number present,"Write a comprehensive script that finds the maximum integer in a collection of numbers, including validation for null inputs and strict adherence to professional software engineering standards."
103,8,Determine maximum number present,Implement a concise yet powerful Python routine to determine the peak value from an input list utilizing native sorting or iteration techniques optimized for speed.
103,9,Determine maximum number present,Construct a secure and scalable Python program capable of scanning various numeric inputs to deliver the maximum present number with detailed documentation on its architecture.
103,10,Determine maximum number present,Implement a robust and efficient Python script to determine the maximum number in a list using built-in functions while ensuring input validation for non-numeric elements.
103,11,Determine maximum number present,Write optimized Python code that accepts any iterable of numbers as input and returns the largest value without modifying the original data structure.
103,12,Determine maximum number present,Develop a high-performance Python function to find the maximum element in an array using generator expressions for memory efficiency and strict type checking.
103,13,Determine maximum number present,Create a production-ready Python module containing a utility class with methods to compute the maximum value from user-provided data streams including error handling for empty inputs.
103,14,Determine maximum number present,Generate concise and professional Python code that calculates the greatest number in a collection using `max()` with appropriate fallbacks and comprehensive documentation strings.
104,0,Compute mean from five values,Implement a robust and efficient Python script to compute the mean from five numerical values using list comprehension and standard arithmetic operations.
104,1,Compute mean from five values,Write a professional-grade function in Python that calculates the average of exactly five inputs with input validation for non-numeric types.
104,2,Compute mean from five values,"Create an optimized Python utility to determine the mean value from a fixed set of five numbers, ensuring code adheres to PEP 8 guidelines and handles edge cases gracefully."
104,3,Compute mean from five values,Develop a high-performance Python module that computes the arithmetic mean of five values using the sum() function for maximum readability and efficiency.
104,4,Compute mean from five values,"Generate a clean and maintainable Python program to calculate the average from five specific inputs, including error handling for invalid data types."
104,5,Compute mean from five values,Construct an advanced Python solution that computes the mean of five values with type checking and clear documentation following best practices.
104,6,Compute mean from five values,"Write a concise yet comprehensive Python function to find the average of five numbers, ensuring it handles potential runtime errors effectively."
104,7,Compute mean from five values,Produce an industry-standard Python script that calculates the mean from five inputs using modern syntax and includes input sanitization logic.
104,8,Compute mean from five values,Implement a scalable Python function to compute the average of five values with comprehensive error handling and strict type validation.
104,9,Compute mean from five values,"Develop a production-ready Python utility that determines the mean from five numerical inputs, optimizing for speed while maintaining code clarity and safety."
104,10,Compute mean from five values,Create a robust and reusable Python class method named compute_mean that accepts exactly five numeric arguments and returns their arithmetic mean as a float. Ensure the implementation handles non-numeric types by raising an appropriate error.
104,11,Compute mean from five values,Write a high-performance function in pure Python using list comprehensions or built-in sum methods to calculate the average of five input values with proper type hinting and extensive inline documentation adhering to PEP8 standards.
104,12,Compute mean from five values,"Implement an optimized utility script that accepts exactly five float arguments via command-line argument parsing or direct function call parameters, validates them for numeric types using the math module, and prints their calculated mean with two decimal places precision."
104,13,Compute mean from five values,"Develop a fully type-annotated Python procedure that computes the arithmetic mean of five variables, ensuring the code includes input validation to reject any values greater than or equal to infinity and handles exceptions for non-float inputs gracefully."
104,14,Compute mean from five values,"Generate a production-grade Python solution containing a function that calculates the average of exactly five numbers using local variables for accumulation logic, with comprehensive error handling for invalid data types and strict adherence to modern Python best practices including f-strings."
105,0,Summarize small data set results,"Create a production-ready Python script that reads data from multiple CSV files and computes aggregate statistics including mean, median, standard deviation, min, max, and count for each numeric column using pandas."
105,1,Summarize small data set results,"Implement an optimized function in pure NumPy to calculate descriptive statistics (mean, variance, skewness) on a small dataset without external dependencies like scipy or statsmodels if possible."
105,2,Summarize small data set results,Write a robust Python utility class that processes a list of dictionaries containing numerical values and outputs a structured dictionary with summary metrics for every column present in the data.
105,3,Summarize small data set results,"Develop an efficient Python pipeline using generators to analyze small datasets iteratively, computing frequency distributions and quartiles while minimizing memory usage."
105,4,Summarize small data set results,"Construct a high-performance Python function that accepts any list of numbers as input and returns a comprehensive statistical report including percentiles (25th, 75th) using only standard library tools."
105,5,Summarize small data set results,"Code a modular Python module featuring three separate functions: one for data cleaning, one for calculation, and one for result formatting, all designed to handle small datasets with edge cases gracefully."
105,6,Summarize small data set results,Generate an advanced Python analysis tool that computes correlation matrices between columns in a small dataset using the numpy library and visualizes results via matplotlib if available.
105,7,Summarize small data set results,"Write a concise yet comprehensive Python script to parse JSON data representing small datasets, validate numeric fields, and generate a summary table with average deviation values."
105,8,Summarize small data set results,Design an optimized algorithm in Python that calculates the interquartile range (IQR) and identifies outliers within a small numerical array using efficient sorting techniques.
105,9,Summarize small data set results,"Build a professional-grade data processing framework in Python capable of ingesting tabular input from various formats (CSV, JSON), normalizing it, applying statistical aggregations, and exporting results to Excel or CSV."
105,10,Summarize small data set results,"Implement a robust and efficient Python script using pandas to summarize statistical metrics for a small dataset, ensuring all operations follow best practices and include error handling."
105,11,Summarize small data set results,"Write a production-ready Python function that computes descriptive statistics on a small data array without external dependencies, adhering strictly to PEP 8 guidelines for readability and maintainability."
105,12,Summarize small data set results,"Create an optimized Python solution using NumPy to generate summary reports from a compact dataset, focusing on memory efficiency and numerical precision while maintaining clean code structure."
105,13,Summarize small data set results,"Develop a comprehensive Python module that processes small data inputs to produce aggregated results, utilizing type hinting and docstrings for professional documentation standards."
105,14,Summarize small data set results,"Construct a high-performance Python utility function designed specifically for analyzing small datasets, incorporating input validation and returning structured summary outputs in compliance with industry coding norms."
106,0,Compare start times to find later event,"Create a robust Python script using dataclasses to define event objects with datetime fields and implement a method to identify the latest scheduled event from a list, ensuring code follows PEP 8 standards."
106,1,Compare start times to find later event,Write an optimized function that accepts a list of dictionaries containing 'name' and 'start_time' keys and returns the name of the event with the maximum start time using efficient sorting logic.
106,2,Compare start times to find later event,"Implement a high-performance Python utility class capable of comparing multiple event timestamps to determine which one occurs last, utilizing type hinting for full IDE support."
106,3,Compare start times to find later event,Develop a clean and maintainable Python program that parses ISO 8601 formatted date strings from an input list and outputs the corresponding later event details without external dependencies.
106,4,Compare start times to find later event,"Construct a production-ready module in Python that includes validation for invalid datetime inputs before comparing start times to find the subsequent occurrence, adhering to best practices."
106,5,Compare start times to find later event,Draft an efficient algorithmic solution in pure Python to iterate through a collection of event records and extract the single record with the greatest timestamp value.
106,6,Compare start times to find later event,Write a comprehensive testing framework integration example where a function compares start times across multiple scenarios to ensure correct identification of the later event.
106,7,Compare start times to find later event,Generate optimized Python code that utilizes functools.total_ordering if necessary or standard comparison operators to sort and select an event based on its earliest time attribute but focuses on finding the latest one specifically.
106,8,Compare start times to find later event,Produce a scalable data processing script in Python designed to handle large datasets of scheduled events efficiently by using list comprehensions for maximum performance when locating the later timestamp.
106,9,Compare start times to find later event,Develop an enterprise-grade Python service component that accepts event metadata as input arguments and reliably returns the details of the most recent event based on chronological order.
106,10,Compare start times to find later event,Implement a robust and efficient Python script using datetime objects to compare multiple event start times and identify the latest scheduled occurrence based on ISO format strings.
106,11,Compare start times to find later event,Write professional-grade Python code that parses a list of timestamped events into datetime instances and returns the single most recent time using standard library functions without external dependencies.
106,12,Compare start times to find later event,Develop an optimized function in Python that accepts variable arguments representing event start times as strings or objects and programmatically determines which one occurs last while handling edge cases gracefully.
106,13,Compare start times to find later event,Create a high-performance solution using the datetime module to sort a collection of event start dates in ascending order and extract the final element representing the latest time.
106,14,Compare start times to find later event,"Generate clean, PEP8-compliant Python code that compares several date-time inputs provided as strings or objects to output the maximum value corresponding to the later event start time."
107,0,Count total hours in a full year,Implement a robust Python script using datetime module to calculate and print the total number of hours in a non-leap year standard calendar without any external dependencies.
107,1,Count total hours in a full year,Write an optimized function that determines the exact hour count for both a common year and a leap year by checking divisibility rules for years ending with 01 to 98 using Python's data models.
107,2,Count total hours in a full year,Generate a high-performance solution in Python that outputs the total hours of time contained within one complete solar cycle while accounting for variable day lengths across different months programmatically.
107,3,Count total hours in a full year,"Develop best-practice code to compute days multiplied by twenty-four equaling total hours, ensuring input validation for year types and adhering to strict formatting guidelines before execution."
107,4,Count total hours in a full year,Create a production-ready Python utility that iterates through every month of the standard twelve-month calendar summing daily hours efficiently with clear variable naming conventions.
107,5,Count total hours in a full year,Construct a concise yet readable class in Python with an initialization method and calculation logic to determine annual hour totals dynamically based on user-provided year parameters.
107,6,Count total hours in a full year,Implement error-free algorithmic steps that verify leap-year conditions automatically within the code structure used for aggregating monthly hours into a single integer result in Python.
107,7,Count total hours in a full year,Design an efficient procedural program that leverages constant time arithmetic to sum the specific days per month across all twelve months and convert them strictly to total hours outputting via console print statement only at end of execution loop.
107,8,Count total hours in a full year,Produce a clean Python implementation utilizing standard libraries exclusively for calculating year-based hour accumulation with comprehensive documentation strings explaining the leap-year logic internally utilized during computation process.
107,9,Count total hours in a full year,Develop an advanced calculator script in Python capable of distinguishing between calendar structures to provide accurate full-year hour counts ensuring code modularity and high performance standards throughout execution lifecycle.
107,10,Count total hours in a full year,"Implement a robust and efficient Python script using datetime module to calculate the total number of hours in a non-leap year, ensuring proper handling of leap years if requested as an optional parameter."
107,11,Count total hours in a full year,Write a high-performance Python function that computes the exact hour count for any given calendar year by leveraging timedelta and date arithmetic without external dependencies.
107,12,Count total hours in a full year,Create an optimized Python solution using dataclasses to define Year parameters and calculate total hours with explicit validation for leap years following PEP 8 guidelines.
107,13,Count total hours in a full year,"Develop a production-ready Python module that accepts a year input and returns the precise hour count based on ISO 8601 calendar rules, including comprehensive error handling for invalid inputs."
107,14,Count total hours in a full year,"Generate concise yet professional Python code utilizing standard library functions to determine total hours in a specified year, optimizing for readability and execution speed while adhering to best practices."
108,0,Determine leap years using simple logic,Write a robust Python script to determine if any given year is a leap year using simple logic and clear comments. The function must handle edge cases like years divisible by 400 correctly according to the Gregorian calendar rules.
108,1,Determine leap years using simple logic,Implement an optimized Python function that takes a single integer representing a year as input and returns True or False based on whether it is a leap year. Use standard conditional logic without external libraries like datetime for maximum clarity and speed in this specific calculation task.
108,2,Determine leap years using simple logic,"Create a reusable class named LeapYearChecker with an instance method that accepts a year argument and utilizes simple arithmetic rules to identify if the input represents a valid leap year. Ensure the code is type-hinted and includes docstrings describing the logic for divisibility by 400, 100, and 4."
108,3,Determine leap years using simple logic,"Develop a Python program that generates all years between two user-provided start and end dates if they are leap years. The core detection logic must be based on simple conditional statements checking for divisibility by 4, excluding those not divisible by 100 unless also divisible by 400."
108,4,Determine leap years using simple logic,Write a concise Python function that evaluates the leap year status of an integer input using straightforward if-elif-else logic. The implementation should prioritize readability and adhere to strict PEP 8 guidelines for formatting and variable naming conventions while ensuring accurate results against ISO standards.
108,5,Determine leap years using simple logic,Construct a high-performance Python utility function designed to validate leap years through explicit arithmetic checks involving modulo operators. This solution must handle negative integers gracefully by raising an appropriate error or skipping them based on standard calendar assumptions for astronomical calculations.
108,6,Determine leap years using simple logic,Generate a complete Python module containing two functions: one to check if a specific year is a leap year using simple logic and another as its wrapper that lists consecutive years. Ensure the code demonstrates best practices such as type hinting and comprehensive inline documentation explaining each step of the conditional flow.
108,7,Determine leap years using simple logic,"Provide an efficient Python algorithm that iterates through a range of numbers to filter leap years using basic mathematical operators. The resulting output should be structured clearly with error handling for non-integer inputs, maintaining high code quality and strict adherence to professional software engineering standards."
108,8,Determine leap years using simple logic,Write a minimal yet correct Python script that determines the leap year property of an integer by applying the historical calendar rules involving division by four hundred. The code should be self-contained with no dependencies beyond the standard library and must output clear boolean results for any input provided.
108,9,Determine leap years using simple logic,Implement a generic validator in Python that takes a number as argument and returns its leap year status based on fundamental divisibility rules. Ensure the function includes assertions to guarantee only positive integer inputs are processed effectively while maintaining maximum execution efficiency through optimized comparison operators.
108,10,Determine leap years using simple logic,Implement an efficient and robust Python script to determine leap years using standard library logic without external dependencies.
108,11,Determine leap years using simple logic,"Write a clean, type-annotated function that validates whether any given integer is a leap year based on the Gregorian calendar rules."
108,12,Determine leap years using simple logic,Create an optimized Python solution using bitwise operators to check for leap years while adhering to PEP 8 coding standards and handling edge cases correctly.
108,13,Determine leap years using simple logic,Develop a high-performance utility function in Python that accepts any integer input and returns boolean results indicating if the year is a leap year using mathematical logic only.
108,14,Determine leap years using simple logic,Generate professional-grade Python code for calculating leap years with comprehensive error handling for non-integer inputs and strict adherence to best practices.
109,0,Add months together without getting confused,"Implement a robust and efficient Python script to add arbitrary months together without confusion by handling leap years correctly, ensuring full adherence to best practices."
109,1,Add months together without getting confused,"Write high-quality Python code that accepts two month names or numbers as input, calculates their sum considering the calendar cycle (13=January of next year), and formats output professionally."
109,2,Add months together without getting confused,Develop a production-ready Python function to compute total months from date objects without manual calculation errors by leveraging built-in libraries effectively.
109,3,Add months together without getting confused,Create an optimized Python program that converts month inputs into integers for addition and automatically adjusts the resulting year based on calendar rules following strict type safety guidelines.
109,4,Add months together without getting confused,Generate a comprehensive Python solution to calculate cumulative months starting from any given date without relying on external dependencies while maintaining maximum code clarity.
109,5,Add months together without getting confused,Code a secure and scalable Python module for adding two calendar entities (months) together using standard library tools like datetime exclusively with clear error handling.
109,6,Add months together without getting confused,Produce a streamlined Python utility function that sums two months by mapping them to ordinal numbers and applying modulo arithmetic while following PEP 8 conventions.
109,7,Add months together without getting confused,Develop an advanced Python script capable of handling edge cases when adding overlapping years or leap seconds into month calculations without introducing logical bugs.
109,8,Add months together without getting confused,Write a clean and maintainable Python algorithm to determine the resulting date after adding months by utilizing object-oriented design patterns for better structure.
109,9,Add months together without getting confused,Construct a performant Python application that processes month addition tasks concurrently while ensuring data integrity and output consistency across all test scenarios.
109,10,Add months together without getting confused,"Implement a robust and efficient Python script using only standard libraries to calculate the total months from adding any number of month names or integers together. The code must handle invalid inputs gracefully by raising clear exceptions, follow PEP 8 standards for readability, include comprehensive docstrings explaining edge cases like year rollovers, and demonstrate best practices such as type hinting."
109,11,Add months together without getting confused,"Write a high-performance Python module that accepts multiple month inputs (as strings or integers) and returns the accumulated total months in both absolute count and formatted date output. Ensure the implementation uses immutable data structures where appropriate to prevent side effects, validates all input types strictly at entry points, and includes unit test examples within the code for verification."
109,12,Add months together without getting confused,"Develop a production-ready Python function dedicated to summing arbitrary month values while automatically adjusting year boundaries. The solution must leverage dataclasses or namedtuples for structured output, incorporate argparse-style command-line argument parsing as an optional entry point, and ensure the logic is optimized for repeated calls without redundant calculations."
109,13,Add months together without getting confused,"Create a comprehensive Python utility that aggregates month inputs from various formats (e.g., 'January', 12) into a single total. The code must prioritize clarity and maintainability by adhering to strict type hints, utilizing context managers for any file or resource operations if necessary, and providing detailed error messages that guide users on correct usage while avoiding runtime confusion."
109,14,Add months together without getting confused,"Engineer a clean and scalable Python solution for adding months together that supports both string-based month names and numeric representations. The implementation must use the `datetime` module internally for accurate date arithmetic but expose an API with simple function signatures. Ensure all code is indented correctly according to PEP 8, includes inline comments explaining complex logic steps, and handles overflow scenarios by returning a standardized result object."
110,0,Subtract days from one specific month end,Implement an efficient and robust Python script using standard libraries to subtract a specified number of days from the last day of any given month. The code must handle leap years correctly for February.
110,1,Subtract days from one specific month end,"Write professional-grade Python code that calculates the date resulting when N days are deducted from the end of Month X in Year Y, utilizing datetime modules with proper error handling for invalid inputs like month numbers or leap year logic."
110,2,Subtract days from one specific month end,"Generate a high-performance Python solution to subtract days from one specific month's last date, ensuring the algorithm accounts for varying day counts in months and handles February adjustments automatically without external dependencies if possible."
110,3,Subtract days from one specific month end,"Create an optimized function in Python that takes a year, month (1-12), and days to subtract as arguments and returns the resulting date object on the last day of the previous relevant month or within the current one."
110,4,Subtract days from one specific month end,"Develop complete, well-documented Python code capable of calculating a target date by subtracting specific days from the end-of-month boundary for any calendar year, adhering to best practices and avoiding runtime errors due to month length variations."
110,5,Subtract days from one specific month end,"Write clean, production-ready Python code that determines which day of a previous or same month results after subtracting a given number of days from the final day of input parameters year and month."
110,6,Subtract days from one specific month end,Construct an advanced Python script to manage date arithmetic by removing N days from the end-of-month trigger point for any valid calendar configuration including leap years while maintaining code readability and efficiency.
110,7,Subtract days from one specific month end,"Implement a precise Python routine using datetime that accepts year, month, and day count to subtract and outputs the final date after processing from the last day of input month with full validation logic."
110,8,Subtract days from one specific month end,Produce an expert-level Python program for calculating dates by offsetting backward in time starting from the end-of-month anchor point to satisfy requirements involving different leap year cycles and fixed calendar rules.
110,9,Subtract days from one specific month end,"Design a fast and reliable Python function that computes the date N days prior to the last day of Month M in Year Y, ensuring all edge cases such as month boundaries and February leap years are resolved optimally using native modules."
110,10,Subtract days from one specific month end,Implement a production-ready Python script using only standard libraries to subtract an arbitrary number of days from any given month's end date and return both the resulting datetime object and the remaining days in that specific month.
110,11,Subtract days from one specific month end,"Write high-performance Python code leveraging calendar module or equivalent best practices to compute a new date by deducting user-defined days from the last day of any input month, ensuring edge cases like leap years are handled correctly without external dependencies."
110,12,Subtract days from one specific month end,"Develop an efficient and robust Python utility function that accepts a target end-of-month date and a delta in days to subtract, returning the calculated new date while validating inputs against calendar rules for accurate month duration calculations."
110,13,Subtract days from one specific month end,"Create a comprehensive Python solution using datetime and timedelta objects to calculate the specific day resulting from removing N days from the final day of any given month, with error handling for invalid date combinations and adherence to PEP 8 guidelines."
110,14,Subtract days from one specific month end,"Generate optimized Python code that dynamically determines the last day of a specified month based on input year and subtracts target days therefrom, ensuring maximum accuracy across all calendar years including leap years using only native standard library modules."
111,0,Separate words in a sentence,Implement a robust and efficient Python script using regular expressions to separate words in any given sentence while handling punctuation correctly.
111,1,Separate words in a sentence,Write professional-grade Python code that tokenizes input sentences into individual words without including attached punctuation marks.
111,2,Separate words in a sentence,Create an optimized function using the `re` module to split a sentence into separate words and return them as a list of strings.
111,3,Separate words in a sentence,Develop a high-performance Python solution that separates alphanumeric sequences from punctuation in sentences for text processing tasks.
111,4,Separate words in a sentence,"Generate clean, PEP 8 compliant Python code to extract words from mixed-case and special-character containing input strings."
111,5,Separate words in a sentence,Write a production-ready Python utility that isolates standalone words in sentences by removing all non-alphanumeric characters except spaces.
111,6,Separate words in a sentence,Implement an efficient string processing function using `re.findall` to separate and return distinct words from user-provided text input.
111,7,Separate words in a sentence,Construct a scalable Python script that parses sentences into word lists while preserving the original casing of each extracted token.
111,8,Separate words in a sentence,Develop best-practice Python code to tokenize complex sentence structures containing hyphens and apostrophes for accurate word separation.
111,9,Separate words in a sentence,Write a concise yet comprehensive Python function that separates words in sentences using regex patterns optimized for speed and accuracy.
111,10,Separate words in a sentence,Write an optimized function that tokenizes input sentences into individual words by removing non-alphabetic characters without modifying the original string structure unnecessarily.
111,11,Separate words in a sentence,Create a high-performance Python utility to split sentence strings into clean word lists using list comprehensions and standard library tools for maximum readability and speed.
111,12,Separate words in a sentence,Develop a production-ready Python module that separates words from sentences with support for multiple input formats including Unicode characters and complex punctuation marks.
111,13,Separate words in a sentence,Construct an advanced text processing function in Python using the `re` module to extract standalone alphanumeric sequences from unstructured sentence data while adhering to best practices.
111,14,Separate words in a sentence,"Implement an efficient and robust Python script using standard library tools to separate words in any given sentence while handling punctuation correctly, ensuring the solution adheres to best practices for string manipulation and includes comprehensive error handling."
112,0,Find all vowels in text,"Write a complete, efficient Python script to find and print all vowels (a, e, i, o, u, case-insensitive) present in a given input string."
112,1,Find all vowels in text,Implement a robust function named `extract_vowels` that accepts a string and returns a list containing all unique vowels found within it. Ensure the implementation is highly optimized.
112,2,Find all vowels in text,"Develop an optimized method to iterate through a string and collect every vowel encountered, handling both uppercase and lowercase characters correctly. Provide the full runnable Python code."
112,3,Find all vowels in text,Create a class named `VowelExtractor` with a method that efficiently processes an input string and returns a string composed only of the vowels found in the original text.
112,4,Find all vowels in text,Write a concise and highly readable Python function that takes a single string argument and returns a set of all unique vowels present in that string. Prioritize readability and efficiency.
112,5,Find all vowels in text,"Implement an algorithm to scan a large text block and count the total occurrences of each vowel (a, e, i, o, u) separately, returning a dictionary mapping each vowel to its count."
112,6,Find all vowels in text,"Write a script that reads text from standard input and prints every vowel found in the text, ensuring the output is case-insensitive and correctly formatted."
112,7,Find all vowels in text,Design and implement a generator function that yields each vowel encountered sequentially as it is found in an input string. This must be memory efficient for very long strings.
112,8,Find all vowels in text,"Write the most Pythonic and concise way to solve the problem of finding all vowels in a given string, utilizing built-in string methods or comprehensions."
112,9,Find all vowels in text,"Develop a comprehensive solution that includes error handling for non-string inputs when attempting to find vowels, ensuring the code remains professional and handles edge cases gracefully."
112,10,Find all vowels in text,Implement an efficient and robust Python script using list comprehension to extract all vowels from a given input string while handling case insensitivity and ignoring non-alphabetic characters.
112,11,Find all vowels in text,"Write a professional-grade Python function that identifies every vowel in the provided text argument, ensuring it handles Unicode characters correctly and returns results as a list of lowercase letters."
112,12,Find all vowels in text,"Create an optimized Python solution using regular expressions to find all vowels within any input string, adhering strictly to PEP 8 coding standards for readability and maintainability."
112,13,Find all vowels in text,Develop a high-performance Python utility that scans through the target text character by character to collect all vowel instances into an output list without unnecessary memory overhead or redundant processing steps.
112,14,Find all vowels in text,"Construct a complete and production-ready Python program capable of parsing user input for vowels with comprehensive error handling, case normalization, and clear documentation following best practices."
113,0,Count the number of letters,Implement a robust and efficient Python script that counts the total number of letters in any given input string using only built-in methods without external libraries.
113,1,Count the number of letters,"Write a high-performance Python function to count alphabetic characters in a mixed-case text while ignoring spaces, punctuation, and numbers."
113,2,Count the number of letters,Create an optimized Python solution that processes multiple strings simultaneously using list comprehension or generator expressions to calculate letter counts for each input.
113,3,Count the number of letters,Develop a professional-grade Python module with type hints and docstrings that accurately counts letters in Unicode text including accented characters but excluding emoji symbols.
113,4,Count the number of letters,Generate a concise and readable Python code snippet using the `str.count()` method combined with regex to filter out non-letter characters before counting.
113,5,Count the number of letters,"Construct an advanced Python utility function that handles edge cases such as empty strings, None inputs, and special symbols while maintaining O(n) time complexity."
113,6,Count the number of letters,Produce a clean Python implementation using the `isalpha()` method to iterate through characters and accumulate a count of valid letters in any string input.
113,7,Count the number of letters,"Write a scalable Python script designed for bulk text processing that counts letter occurrences per character type (uppercase, lowercase) separately from total count."
113,8,Count the number of letters,Develop a production-ready Python function with input validation and error handling that returns the exact number of letters found in a provided string argument.
113,9,Count the number of letters,Create an elegant Python solution using `sum()` and generator expressions to count letters efficiently while ensuring strict adherence to PEP 8 coding standards.
113,10,Count the number of letters,Implement a robust and efficient Python script using type hints and docstrings to count the total number of alphabetic characters in any given string input. Ensure the code handles edge cases like empty strings and non-alphabetic characters correctly.
113,11,Count the number of letters,Write a high-performance Python function that accepts an iterable as input and returns the sum of its character counts using list comprehensions or generator expressions for memory efficiency. Adhere strictly to PEP 8 coding standards.
113,12,Count the number of letters,"Develop a production-ready Python module with a clear class structure where each method calculates letter frequency in text data, ensuring the solution is scalable and includes comprehensive error handling via custom exceptions."
113,13,Count the number of letters,"Create an optimized Python utility function that counts letters by leveraging built-in string methods without external dependencies, guaranteeing O(n) time complexity and including inline comments explaining logic flow."
113,14,Count the number of letters,"Generate a complete Python solution featuring input validation, type checking, and return value verification to accurately count the number of letters in user-provided text strings following best practices for data integrity."
114,0,Reverse a given string,Implement a robust and efficient Python script to reverse any given string using built-in methods while adhering strictly to PEP 8 coding standards.
114,1,Reverse a given string,"Write an optimized function in Python that reverses the input string without modifying it in-place, ensuring maximum performance for large datasets."
114,2,Reverse a given string,Create a professional-grade Python solution to reverse strings using slicing syntax with comprehensive error handling and type checking.
114,3,Reverse a given string,Develop a high-performance iterative algorithm in Python to reverse the characters of an input string without relying on built-in reversal shortcuts for educational purposes.
114,4,Reverse a given string,Generate a clean and maintainable Python class method that accepts any iterable sequence as input and returns its reversed character representation.
114,5,Reverse a given string,Write a concise yet production-ready Python function to reverse strings using recursion with base case validation for edge cases like empty inputs.
114,6,Reverse a given string,Implement an advanced string reversal utility in Python that handles Unicode characters correctly and includes input sanitization logic.
114,7,Reverse a given string,Construct a memory-efficient Python script to reverse long strings by processing them in chunks while maintaining O(n) time complexity.
114,8,Reverse a given string,"Produce a polished Python module containing multiple reversal strategies (slicing, loop-based, recursive) with benchmarking capabilities for comparison."
114,9,Reverse a given string,Write a secure and scalable Python function to reverse strings that validates input types rigorously and returns results in the most efficient format possible.
114,10,Reverse a given string,Implement a robust and efficient Python script to reverse any given string using built-in methods or slicing techniques while adhering strictly to PEP 8 coding standards.
114,11,Reverse a given string,"Write an optimized function in Python that reverses the input string with O(n) time complexity, ensuring it handles Unicode characters correctly and includes comprehensive docstrings."
114,12,Reverse a given string,"Generate a production-ready Python module containing multiple methods to reverse strings (e.g., using recursion or list reversal), prioritizing code clarity, performance, and type hinting."
114,13,Reverse a given string,"Create a high-performance Python utility function that reverses the provided string argument without modifying the original input, following best practices for memory efficiency and readability."
114,14,Reverse a given string,"Develop a complete Python solution to reverse strings using advanced techniques such as generator expressions or itertools, ensuring the code is fully commented, tested mentally for edge cases, and optimized for large inputs."
115,0,Check if text is a palindrome,"Write a complete, robust Python script to check if a given string is a palindrome, ignoring case and non-alphanumeric characters. Use an efficient two-pointer approach."
115,1,Check if text is a palindrome,"Implement an optimized function named `is_palindrome` that accepts a string and returns `True` if it is a palindrome, and `False` otherwise. The implementation must handle case-insensitivity and ignore spaces/punctuation."
115,2,Check if text is a palindrome,"Develop a class named `PalindromeChecker` with a method `check(self, text)` that determines if the input string is a palindrome. Ensure the implementation is clean and adheres to object-oriented principles."
115,3,Check if text is a palindrome,"Write a concise Python expression or one-liner using slicing and string methods to determine if the input string `s` is a palindrome, assuming the input only contains alphanumeric characters (case-insensitive)."
115,4,Check if text is a palindrome,"Create a function that takes any string as input and returns the reversed version of the string. Then, use this result to check if the original string is a palindrome."
115,5,Check if text is a palindrome,Implement the palindrome check using the mathematical approach: compare the forward string with its reversed counterpart. Optimize the reversal process for performance.
115,6,Check if text is a palindrome,Write a standalone script that prompts the user to enter a string and then prints whether that input is a palindrome or not. Include error handling for non-string inputs.
115,7,Check if text is a palindrome,Design an algorithm to check for palindromes in a list of words. The function should return a dictionary mapping each word to its palindrome status.
115,8,Check if text is a palindrome,"Write the most memory-efficient Python code possible to determine if a string is a palindrome by comparing only the relevant characters (alphanumeric), avoiding unnecessary intermediate string creations."
115,9,Check if text is a palindrome,"Refactor the previous palindrome checking logic into a generator function that yields `True` or `False` for each substring of length N within a larger string, where N is determined by the context."
115,10,Check if text is a palindrome,"Implement a robust and efficient Python script to check if a given string is a palindrome, ensuring it handles case insensitivity and ignores non-alphanumeric characters while adhering to PEP 8 standards."
115,11,Check if text is a palindrome,"Write a high-performance Python function that determines palindromic text using two-pointer technique for optimal time complexity, with comprehensive input validation and error handling."
115,12,Check if text is a palindrome,Create a production-ready Python module containing a palindrome checker class that supports Unicode normalization and provides detailed logging of processing steps without external dependencies.
115,13,Check if text is a palindrome,"Develop an optimized recursive or iterative solution in Python to verify if text is a palindrome, focusing on memory efficiency and code clarity with strict adherence to best practices."
115,14,Check if text is a palindrome,"Generate a comprehensive Python utility function for palindrome detection that includes unit test cases within the same file, ensuring correctness across edge cases like empty strings and special characters."
116,0,Split a string by spaces,Implement a robust and efficient Python script to split a string by spaces using only built-in methods without external libraries.
116,1,Split a string by spaces,Write professional-grade Python code that splits an input string into a list of words based on whitespace characters while handling multiple consecutive spaces correctly.
116,2,Split a string by spaces,Create a high-performance function in Python to tokenize a text string by splitting it at space delimiters following best practices for readability and maintainability.
116,3,Split a string by spaces,Develop an optimized Python utility that takes a single string argument and returns its components separated by spaces using the split method with appropriate arguments.
116,4,Split a string by spaces,Generate clean and production-ready Python code to parse a space-delimited text input into individual words without introducing unnecessary dependencies or complexity.
116,5,Split a string by spaces,Write a concise yet comprehensive Python function that splits any given string by spaces ensuring it handles edge cases like leading/trailing whitespace effectively.
116,6,Split a string by spaces,Produce an efficient and well-documented Python solution for splitting strings into lists of words using standard library features exclusively.
116,7,Split a string by spaces,Construct a scalable Python script to process text input by separating it at space boundaries while adhering strictly to PEP 8 coding standards.
116,8,Split a string by spaces,Implement a fast and reliable Python function that divides a string into words based on whitespace separation with minimal memory overhead.
116,9,Split a string by spaces,Develop an enterprise-quality Python module to split strings by spaces focusing on performance optimization and code clarity for large-scale text processing tasks.
116,10,Split a string by spaces,"Implement a robust and efficient Python script that splits an input string by spaces using only built-in methods, ensuring it handles leading/trailing whitespace correctly without external libraries."
116,11,Split a string by spaces,"Write professional-grade Python code to split a given text into individual words separated by one or more space characters, maximizing readability and performance according to PEP 8 standards."
116,12,Split a string by spaces,Develop an optimized function in Python that takes any string as input and returns a list of non-empty substrings resulting from splitting the original text on whitespace.
116,13,Split a string by spaces,Create a high-quality Python utility module containing a method to tokenize space-delimited strings with proper error handling for empty inputs or malformed data structures.
116,14,Split a string by spaces,"Generate the most performant and clean Python solution for breaking down a sentence into words by splitting on single spaces, avoiding common pitfalls like duplicate separators while adhering to industry best practices."
117,0,Extract names from a phrase,"Implement a robust and efficient Python script using regular expressions to extract all names from an input phrase, ensuring proper handling of punctuation and whitespace according to best practices."
117,1,Extract names from a phrase,Write a high-performance function in Python that parses a given string sentence and isolates individual name tokens while adhering strictly to PEP 8 coding standards for readability and maintainability.
117,2,Extract names from a phrase,Create an optimized Python utility module containing a class method designed to extract names from unstructured text phrases with comprehensive error handling and clean output formatting.
117,3,Extract names from a phrase,Develop a production-ready Python function that utilizes natural language processing principles or regex patterns to identify and return all name entities within a provided phrase string.
117,4,Extract names from a phrase,"Construct a concise yet comprehensive Python solution using the re module to extract names from phrases, ensuring the code is fully type-hinted and follows modern Python conventions."
117,5,Extract names from a phrase,"Write an advanced Python script capable of extracting multiple name variations from complex input phrases with support for hyphenated or compound names, optimized for speed and accuracy."
117,6,Extract names from a phrase,Implement a clean and scalable function in Python that takes a text phrase as argument and returns a list of extracted names using efficient string manipulation techniques without external dependencies if possible.
117,7,Extract names from a phrase,"Generate a professional-grade Python code snippet featuring a dedicated helper class for name extraction from phrases, including docstrings, type hints, and comprehensive edge case coverage."
117,8,Extract names from a phrase,Produce an optimized Python function that dynamically identifies names within input phrases by filtering out common non-name characters while maintaining high execution efficiency.
117,9,Extract names from a phrase,"Write a complete and well-documented Python program using the `re` library to extract name tokens from arbitrary phrase inputs, ensuring adherence to industry standards for code quality and performance."
117,10,Extract names from a phrase,"Write a robust and efficient Python script using regular expressions to extract all names from an arbitrary phrase. The solution must handle variations in name formats (first/last, hyphenated) while ignoring non-name tokens like articles or prepositions."
117,11,Extract names from a phrase,Implement a high-performance function that extracts full names containing spaces from a given input string. Ensure the code uses best practices for character encoding and handles edge cases such as consecutive underscores or special punctuation gracefully.
117,12,Extract names from a phrase,Develop an optimized Python utility module to parse natural language phrases into lists of individual names. The implementation must include error handling for malformed input and strictly adhere to PEP 8 coding standards for maximum readability.
117,13,Extract names from a phrase,Create a production-ready Python function that isolates proper nouns from a sentence by detecting capitalized word sequences separated by spaces or apostrophes. Prioritize memory efficiency and include comprehensive docstrings describing the extraction logic.
117,14,Extract names from a phrase,"Write clean, maintainable Python code to extract names from user-provided text strings without relying on external libraries if possible. The solution should return a sorted list of unique matches found in the input phrase."
118,0,Identify words with specific length,Implement an efficient list comprehension in Python to filter and return only words from a given string that have exactly three characters long.
118,1,Identify words with specific length,Write a robust Python script using regular expressions to identify all alphanumeric sequences with a specific length within a text input.
118,2,Identify words with specific length,Create an optimized function in Python that takes a list of strings and returns indices where the word length matches a specified target value.
118,3,Identify words with specific length,Develop high-quality Python code using generator expressions to yield words from an iterable source that meet a precise character count requirement.
118,4,Identify words with specific length,Write production-ready Python logic to parse user input and extract all tokens with a fixed length of five characters or more.
118,5,Identify words with specific length,Implement a memory-efficient method in Python that counts occurrences of words having exactly four letters within a large dataset without creating intermediate lists.
118,6,Identify words with specific length,Construct a comprehensive solution using the 'filter' and 'map' functions to identify all strings from an input sequence that adhere to a specific length constraint.
118,7,Identify words with specific length,Write clean and maintainable Python code utilizing f-string formatting inside a loop to print words only if their length equals ten.
118,8,Identify words with specific length,Build an optimized utility function in Python that accepts multiple list inputs and performs set intersection based on word lengths equaling six characters.
118,9,Identify words with specific length,Generate a type-annotated Python class method designed to validate and return words strictly matching a provided length parameter with input error handling.
118,10,Identify words with specific length,"Implement an efficient and robust Python script that identifies all words in a given input text with exactly three letters, ensuring proper handling of punctuation using regex for extraction."
118,11,Identify words with specific length,Develop an optimized high-performance generator in Python that yields words matching the specified word-length criteria without loading all data into memory at once if given as an iterator.
118,12,Identify words with specific length,Create a comprehensive Python utility module containing multiple functions to identify words by specific lengths including validation for Unicode characters and case-insensitivity handling.
118,13,Identify words with specific length,Implement an efficient and robust Python script using list comprehension to identify all words in a given input string that match specific length criteria. Ensure the code handles edge cases like empty strings or non-alphabetic characters gracefully.
118,14,Identify words with specific length,Write optimized professional-grade Python code with type hints and docstrings to filter a list of words based on exact character count requirements using regular expressions for validation. The solution must be memory-efficient and follow PEP 8 standards.
119,0,Determine character types found,"Implement a robust and scalable Python script using type hints to identify and categorize characters (letters, digits, punctuation) in any given string input."
119,1,Determine character types found,"Write an optimized function that analyzes mixed-character strings and returns detailed counts for alphabetic, numeric, and special character types with full Unicode support."
119,2,Determine character types found,"Develop a production-ready Python utility class capable of detecting specific character classes (uppercase, lowercase, digits) in arbitrary text while adhering to strict performance benchmarks."
119,3,Determine character types found,Create an efficient regex-based solution that processes large datasets and outputs the frequency distribution of all distinct character types found within each input string.
119,4,Determine character types found,Design a high-performance Python function using `collections.Counter` to classify characters into predefined categories for natural language processing tasks.
119,5,Determine character types found,Code a secure and reusable module that parses character strings and categorizes them according to ISO/IEC standards without raising exceptions on invalid inputs.
119,6,Determine character types found,Write an argument-free standalone function utilizing set operations for the precise determination of unique character types present in a provided text input.
119,7,Determine character types found,Implement a data-efficient Python script that iterates through strings once to compute real-time statistics on letter case and numeric value distributions.
119,8,Determine character types found,Generate an advanced analytical tool in Python that accepts variable text inputs and returns structured JSON output detailing every detected character type class.
119,9,Determine character types found,Construct a memory-optimized function using generators to process potentially infinite streams of characters for accurate classification into standard typographical categories.
119,10,Determine character types found,"Implement a production-grade Python script using type hints and static analysis tools to identify character types in arbitrary input strings, ensuring full compliance with PEP 8 and optimal runtime performance."
119,11,Determine character types found,"Develop an efficient, reusable Python class that categorizes characters into their respective types (letters, digits, punctuation, whitespace) while leveraging the unicodedata module for accurate Unicode handling."
119,12,Determine character types found,Create a high-performance Python function capable of analyzing large text datasets to determine character type distributions without unnecessary memory overhead or redundant processing steps.
119,13,Determine character types found,"Write a robust and scalable Python module that parses input data structures containing mixed character types, returning detailed metadata about each category found using modern best practices for code clarity and maintainability."
119,14,Determine character types found,"Construct an advanced Python utility function with comprehensive error handling and logging capabilities to classify characters across multiple encoding standards, prioritizing speed and correctness in all execution scenarios."
120,0,Separate words using delimiters,"Implement an efficient and robust Python script using regular expressions to split a string by multiple delimiters including spaces, tabs, newlines, and commas. Ensure the code handles edge cases like empty strings and consecutive separators."
120,1,Separate words using delimiters,Write a high-performance Python function that separates words in an input text based on user-defined delimiter characters using list comprehension for optimal readability and speed. Include type hints and docstrings following PEP 8 standards.
120,2,Separate words using delimiters,"Create a production-ready Python module with a class-based approach to tokenize strings by arbitrary delimiters, supporting both single-character and multi-character separator patterns while maintaining memory efficiency for large datasets."
120,3,Separate words using delimiters,Develop an optimized Python utility function that splits text into words using regex compilation outside the loop to maximize performance when processing thousands of strings with complex delimiter sets. Ensure strict input validation is included.
120,4,Separate words using delimiters,"Generate a clean and maintainable Python script that separates tokens from an input string based on configurable delimiters using `re.split`, ensuring the output list preserves empty elements if they result from consecutive separators."
120,5,Separate words using delimiters,"Write a comprehensive Python solution for splitting strings by multiple potential delimiter characters (such as punctuation and whitespace), utilizing generator expressions to minimize memory usage while adhering to modern best practices in the language."
120,6,Separate words using delimiters,Construct an advanced Python function capable of parsing a raw text input into separate words using dynamic delimiter detection via regex patterns. The code must include comprehensive error handling for non-string inputs and ensure type safety throughout execution.
120,7,Separate words using delimiters,"Implement a highly scalable Python script that separates data points in a string by custom delimiters provided as arguments, using `str.split` with fallback logic to regex splitting when specific complex patterns are required. Optimize for both CPU and memory efficiency."
120,8,Separate words using delimiters,"Develop a professional-grade Python tool that tokenizes input strings by separating words based on a set of predefined delimiter characters, ensuring the implementation handles Unicode correctly and follows strict coding conventions including naming standards and inline comments."
120,9,Separate words using delimiters,Write an optimized Python function to split text into individual elements using multiple delimiters specified as a tuple or list. The solution should leverage `re.findall` for pattern matching where necessary and ensure the code is fully documented with examples.
120,10,Separate words using delimiters,Write a robust and efficient Python script that takes a single string as input and separates its words using a space character as the delimiter. The output must be printed to the console.
120,11,Separate words using delimiters,Implement an optimized function named `separate_words` that accepts a string and a specified delimiter (defaulting to a space) and returns a list of the resulting words. Ensure the implementation uses the most efficient built-in string method or technique.
120,12,Separate words using delimiters,"Develop a class named `WordSeparator` with a method `split(text, delimiter)` that performs the word separation. The class should be designed for reusability and follow object-oriented programming best practices."
120,13,Separate words using delimiters,"Write a complete Python program that reads a multi-line string from standard input, processes it to separate all words using a comma and space (', ') as the delimiter, and prints the resulting list of words to standard output. Focus on error handling for empty input."
120,14,Separate words using delimiters,"Create a standalone Python function that accepts a string and uses the `re` module to split the string based on any sequence of whitespace characters, returning a list of non-empty words. The code must be clean, documented with a docstring, and highly optimized."
121,0,Reorder characters in sequence,Implement an efficient and robust Python script to reorder characters in any given string according to a specified sequence order using only built-in data structures.
121,1,Reorder characters in sequence,Write professional-grade Python code that takes two inputs—a source text and a target character list—and returns the reordered result with optimal time complexity.
121,2,Reorder characters in sequence,"Create a high-performance Python function to rearrange string characters based on an input sequence, ensuring it handles edge cases like empty strings or missing characters gracefully."
121,3,Reorder characters in sequence,Develop a clean and optimized Python solution that maps each character in the source text to its position within the provided order list for reordering purposes.
121,4,Reorder characters in sequence,Generate a production-ready Python program to reorder characters by constructing an index map from the sequence string before iterating through it efficiently.
121,5,Reorder characters in sequence,"Code a concise and scalable Python utility that accepts arbitrary strings and character sequences, returning them reordered without external dependencies or unnecessary overhead."
121,6,Reorder characters in sequence,"Implement the most performant algorithm in pure Python to reorder characters based on sequence input, focusing on minimizing lookups during execution."
121,7,Reorder characters in sequence,Write a well-documented and tested Python function that reorders string content using an explicit character order list while adhering to strict coding standards.
121,8,Reorder characters in sequence,Construct a flexible Python script capable of handling Unicode characters when reordering text based on a custom sequence provided as input arguments.
121,9,Reorder characters in sequence,Deliver a complete and optimized Python implementation for character reordering that utilizes dictionary lookups to achieve O(n) time complexity.
121,10,Reorder characters in sequence,Write a robust and efficient Python function named `reorder_sequence` that takes a list of characters as input and returns the characters sorted in reverse alphabetical order. The implementation must use an optimized sorting method.
121,11,Reorder characters in sequence,"Implement a complete Python script that reads a string from standard input, separates its characters, sorts them in descending order, and prints the resulting sequence to standard output. Ensure the code is highly readable and follows best practices."
121,12,Reorder characters in sequence,Develop an optimized function `sort_chars_desc` that accepts a single string and returns a new string where all characters are arranged in reverse lexicographical order. Focus on time complexity efficiency.
121,13,Reorder characters in sequence,"Write a class named `CharacterReorderer` with a method `rearrange(self, char_list)` that efficiently reorders the input list of characters in place to be in descending sequence. Provide clear docstrings explaining the method's purpose and complexity."
121,14,Reorder characters in sequence,"Create a standalone Python program that reads a line of text, extracts all alphabetic characters, sorts them alphabetically in reverse order, and prints the final sequence. The solution must be production-quality code."
122,0,Find repeating characters present,Implement an efficient and robust Python script to identify all repeating characters in a given string using set operations for optimal performance.
122,1,Find repeating characters present,Write professional-grade Python code that finds every character appearing more than once in input text with O(n) time complexity.
122,2,Find repeating characters present,Create a high-quality function to extract duplicate characters from any string while maintaining the order of first appearance and adhering to PEP 8 guidelines.
122,3,Find repeating characters present,Develop an optimized Python solution using dictionary counting techniques to list all non-unique characters present in user input data.
122,4,Find repeating characters present,Generate a clean and scalable Python program that detects repeating alphabetic or alphanumeric characters without raising errors on empty inputs.
122,5,Find repeating characters present,Code an advanced algorithm to find repeated elements in a string using collections.Counter for maximum readability and execution speed.
122,6,Find repeating characters present,Produce a production-ready Python module that returns a set of characters occurring multiple times within any provided input sequence.
122,7,Find repeating characters present,Write concise yet comprehensive Python logic to determine which symbols repeat in the text argument using efficient data structures.
122,8,Find repeating characters present,Construct an error-free and performant script that iterates through a string once to collect all characters with frequency greater than one.
122,9,Find repeating characters present,"Implement the best-practice Python approach for analyzing character repetition in strings, ensuring code is modular, documented, and fast."
122,10,Find repeating characters present,"Implement an efficient and robust Python script to find all characters that appear more than once in a given string, returning them as a sorted list with no duplicates. The code must follow PEP 8 standards and handle edge cases such as empty strings or input containing only unique characters."
122,11,Find repeating characters present,Write a professional-grade Python function that accepts any iterable of single-character elements and returns a dictionary mapping each repeating character to its total count. Optimize the solution for large datasets by using hash maps internally without explicit loops over keys.
122,12,Find repeating characters present,"Create a high-performance Python utility that identifies unique characters repeated in an input string multiple times, ensuring case-insensitive comparison logic is applied consistently throughout the execution flow. The implementation should include comprehensive error handling for invalid inputs of any type."
122,13,Find repeating characters present,Develop a best-practice Python solution to extract and sort all non-unique characters from an input sequence in alphabetical order by their ASCII value. Ensure the function is memory-efficient when processing long strings and includes docstrings explaining the algorithm's time complexity.
122,14,Find repeating characters present,Construct a clean and maintainable Python module containing two functions: one to count character occurrences using Counter optimization and another to filter only those characters with frequency greater than zero. Both should accept standard string inputs and return results in an immutable data structure format suitable for further processing.
123,0,Analyze simple text patterns,Implement a robust and efficient Python script that identifies repeating substrings in any given text input using optimized string slicing techniques without external libraries.
123,1,Analyze simple text patterns,Write professional-grade code to parse natural language sentences into structured token lists while handling common punctuation rules according to PEP 8 standards.
123,2,Analyze simple text patterns,Develop a high-performance Python function that counts character frequency in text data and returns the most frequent characters with O(n) time complexity logic.
123,3,Analyze simple text patterns,Create an optimized regex-based solution to extract specific word patterns from unstructured text logs while ensuring maximum compatibility across different input encodings.
123,4,Analyze simple text patterns,Generate a complete Python module that performs case-insensitive pattern matching and normalizes mixed-case strings into consistent formatting automatically.
123,5,Analyze simple text patterns,Write advanced code to detect palindromic sequences within arbitrary text inputs using recursive algorithms with proper error handling for empty or null values.
123,6,Analyze simple text patterns,Implement a scalable Python utility that analyzes sentence structure by counting clause boundaries and returns detailed linguistic metadata in JSON format.
123,7,Analyze simple text patterns,Develop an efficient text analyzer using regular expressions to find all occurrences of numeric sequences embedded within mixed alphanumeric strings with zero overhead.
123,8,Analyze simple text patterns,Construct a production-ready Python script that groups consecutive identical words in a paragraph and outputs the unique word counts sorted by frequency descending order.
123,9,Analyze simple text patterns,Write optimized code to validate text inputs against multiple predefined simple pattern rules simultaneously while adhering strictly to type hinting best practices.
123,10,Analyze simple text patterns,"Implement an efficient and robust Python script using regular expressions to identify all instances of email addresses in a given text string, ensuring adherence to best practices for readability and performance."
123,11,Analyze simple text patterns,Write a high-performance Python function that tokenizes input text into words based on whitespace separation while handling edge cases such as leading/trailing spaces without errors.
123,12,Analyze simple text patterns,Develop an optimized Python solution utilizing the standard library to count character frequency in a string and return results sorted by occurrence count from highest to lowest.
123,13,Analyze simple text patterns,"Create a clean and maintainable Python class named TextAnalyzer that encapsulates methods for basic pattern detection including uppercase letter counts, word length distribution, and special character identification."
123,14,Analyze simple text patterns,Construct a memory-efficient Python utility function using generator expressions to parse large text files line by line and extract all sequences of repeated characters longer than two letters in real time.
124,0,Create dictionary from two lists,Implement an efficient and robust Python script that creates a dictionary from two lists using dict(zip()) while ensuring input validation for equal list lengths.
124,1,Create dictionary from two lists,Write a high-performance function in Python that merges two parallel lists into a single dictionary object with comprehensive error handling for mismatched sizes.
124,2,Create dictionary from two lists,Generate optimized Python code using the built-in zip() and dict() functions to construct a mapping from one list of keys to another list of values.
124,3,Create dictionary from two lists,"Develop a production-ready utility function that accepts two lists as arguments and returns their corresponding dictionary pair, adhering strictly to PEP 8 guidelines."
124,4,Create dictionary from two lists,Create a concise yet secure Python implementation for converting two input lists into a dictionary structure with explicit checks against empty inputs or length discrepancies.
124,5,Create dictionary from two lists,Produce an advanced Python solution that utilizes the zip_longest function from itertools to handle cases where one list is longer than the other when building a dictionary.
124,6,Create dictionary from two lists,Write a clean and maintainable Python class method designed specifically for transforming two attribute lists into a structured dictionary representation.
124,7,Create dictionary from two lists,Formulate an optimized algorithm in pure Python that takes two list arguments and constructs the resulting key-value pairs without any external dependencies or libraries.
124,8,Create dictionary from two lists,Implement a type-annotated function using modern Python syntax (PEP 484) to map elements from two lists into a dictionary with clear documentation on expected inputs.
124,9,Create dictionary from two lists,Develop a scalable and readable Python script that dynamically creates a dictionary from user-provided list arguments while validating data integrity before execution.
124,10,Create dictionary from two lists,"Implement an efficient and robust Python script that constructs a dictionary from two input lists using list comprehension or dict(zip), ensuring it handles duplicate keys by overwriting values according to standard behavior while adhering to PEP 8 standards."
124,11,Create dictionary from two lists,"Write optimized high-quality code in Python that merges two parallel lists into a single dictionary object, including input validation for equal list lengths and error handling using try-except blocks where appropriate."
124,12,Create dictionary from two lists,"Generate professional-grade Python code to create a mapping from one sequence of keys to another sequence of values as a dictionary, utilizing the built-in dict constructor with an iterable of tuples for maximum performance."
124,13,Create dictionary from two lists,"Develop a clean and scalable function in Python that takes two lists as arguments and returns their corresponding key-value pairs stored in a dictionary, ensuring type hints are included throughout the codebase."
124,14,Create dictionary from two lists,"Create an advanced utility script using modern Python features to transform two input arrays into a structured dictionary format, prioritizing readability, execution speed, and strict adherence to coding best practices."
125,0,Store key value pairs in dict,Implement a robust and efficient Python script using dictionaries to store key-value pairs with automatic type validation and error handling for invalid inputs.
125,1,Store key value pairs in dict,Write optimized Python code that manages dynamic data storage in a dictionary structure while ensuring thread safety and proper cleanup of resources.
125,2,Store key value pairs in dict,Create a production-ready Python module using dictionaries to handle complex nested key-value pairs with deep copy functionality for immutability guarantees.
125,3,Store key value pairs in dict,Develop a high-performance dictionary-based data store in Python that supports fast retrieval and deletion operations while adhering to strict memory management practices.
125,4,Store key value pairs in dict,Generate professional Python code for storing heterogeneous key-value pairs in a dictionary with comprehensive logging and serialization support using the json module.
125,5,Store key value pairs in dict,"Write an advanced Python utility function that encapsulates dictionary operations including merging, updating, and validation to ensure data integrity at all times."
125,6,Store key value pairs in dict,Construct a scalable Python solution for managing large datasets in dictionaries with optimized indexing strategies and minimal overhead during read/write cycles.
125,7,Store key value pairs in dict,Produce clean and maintainable Python code that implements a dictionary-based configuration manager supporting environment variable injection and fallback mechanisms.
125,8,Store key value pairs in dict,Design an enterprise-grade Python service using dictionaries to store user profiles with automatic schema validation and type coercion for all stored values.
125,9,Store key value pairs in dict,Develop a secure and efficient Python script that stores sensitive key-value pairs in a dictionary while enforcing encryption standards before any data persistence.
125,10,Store key value pairs in dict,Implement a robust and efficient Python script that stores arbitrary key-value pairs in a dictionary using best practices for type safety and input validation.
125,11,Store key value pairs in dict,"Write professional-grade Python code to create and manage a configuration object as a dictionary, ensuring thread-safety and handling of special characters in keys or values."
125,12,Store key value pairs in dict,"Develop an optimized data structure solution using the dict class for storing dynamic user profiles, focusing on performance through O(1) average time complexity operations."
125,13,Store key value pairs in dict,Create a complete Python module that initializes and populates a dictionary with nested JSON-compatible key-value pairs while adhering to strict type hints and error handling protocols.
125,14,Store key value pairs in dict,"Produce high-quality Python code for maintaining an inventory system where items are stored as dictionaries, utilizing the 'defaultdict' class from collections for automatic initialization of missing keys."
126,0,Access values using keys directly,"Implement an efficient dictionary lookup system in Python where values are accessed directly using keys without intermediate steps, ensuring O(1) time complexity and adhering to best practices for data retrieval performance."
126,1,Access values using keys directly,"Write a robust Python script that demonstrates direct key-value access patterns within dictionaries, including error handling for missing keys while maintaining code clarity and following PEP 8 standards."
126,2,Access values using keys directly,"Create an optimized function in Python that retrieves multiple values from a dictionary using their respective keys directly, minimizing overhead and maximizing execution speed for large datasets."
126,3,Access values using keys directly,"Develop a high-performance data processing module where all value extractions are performed via direct key access on dictionaries, ensuring thread safety and optimal memory usage in production environments."
126,4,Access values using keys directly,Generate professional Python code that utilizes the 'get' method for safe direct key-based value retrieval while also showcasing standard bracket notation for cases where keys are guaranteed to exist.
126,5,Access values using keys directly,"Construct a comprehensive example in Python illustrating direct access of nested dictionary values using specific keys, with clear comments explaining the efficiency benefits over indirect lookup methods."
126,6,Access values using keys directly,"Write an advanced Python utility function that maps multiple input keys to their corresponding values directly from a source dictionary, handling type conversions and validation for optimal data integrity."
126,7,Access values using keys directly,"Implement a scalable configuration loader in Python where settings are accessed exclusively through direct key references on the underlying dictionary structure, ensuring minimal latency during runtime initialization."
126,8,Access values using keys directly,"Produce clean and maintainable Python code that compares different methods of accessing values by keys directly within dictionaries, highlighting why direct access is preferred for performance-critical applications."
126,9,Access values using keys directly,Design a secure data retrieval service in Python where sensitive information is accessed only through validated direct key lookups on encrypted dictionary structures to prevent unauthorized indirect manipulation.
126,10,Access values using keys directly,Create a robust and efficient Python dictionary lookup utility where keys are accessed directly using standard syntax to demonstrate best practices for value retrieval in production environments.
126,11,Access values using keys directly,"Implement an optimized Python script that retrieves specific data values by passing their corresponding keys as arguments, ensuring the code handles potential key errors gracefully while maintaining high performance."
126,12,Access values using keys directly,Write a professional-grade Python module containing multiple functions that exclusively use direct key-value access patterns to maximize readability and execution speed for large datasets.
126,13,Access values using keys directly,"Develop a comprehensive data retrieval tool in Python where every instance of accessing information uses the direct syntax with keys, adhering strictly to modern coding standards and avoiding unnecessary intermediate variables."
126,14,Access values using keys directly,"Generate a high-performance Python solution for dynamic key-based value access that integrates seamlessly into an existing system, utilizing only direct dictionary lookup methods without external dependencies."
127,0,Find largest item inside dictionary,Implement a robust and efficient Python script to find the largest item inside a dictionary using built-in functions without manual iteration loops.
127,1,Find largest item inside dictionary,Write professional-grade code that identifies the maximum value in any given nested or flat dictionary structure while handling potential empty inputs gracefully.
127,2,Find largest item inside dictionary,Create an optimized Python function to extract and return the largest item from a dictionary where items are comparable types like integers or strings.
127,3,Find largest item inside dictionary,Develop a high-performance solution in Python that locates the maximum element within a dictionary object adhering strictly to PEP 8 coding standards.
127,4,Find largest item inside dictionary,Generate complete and clean Python code capable of determining the largest item inside a dictionary with support for both numeric and string value types.
127,5,Find largest item inside dictionary,Code an efficient algorithm in Python to find the maximum key-value pair within a dictionary without using external libraries like NumPy or Pandas.
127,6,Find largest item inside dictionary,Write a production-ready Python utility function that safely returns the largest item from a dictionary input with comprehensive error handling for edge cases.
127,7,Find largest item inside dictionary,Construct an optimized Python program to identify and print the maximum value stored in any provided dictionary instance using standard language features only.
127,8,Find largest item inside dictionary,Implement a concise yet readable Python function designed to retrieve the largest item from a dictionary while ensuring type safety and performance efficiency.
127,9,Find largest item inside dictionary,Produce high-quality Python code that dynamically finds the maximum element within a dictionary structure regardless of whether keys or values are being compared.
127,10,Find largest item inside dictionary,Implement a robust and efficient Python script to find the largest item inside any given dictionary using only built-in functions without external libraries. Ensure the code handles empty dictionaries gracefully by raising an appropriate exception.
127,11,Find largest item inside dictionary,Write a high-performance function in Python that iterates through a nested dictionary structure to identify and return the maximum value found at any level of nesting. Optimize for readability and maintainability following PEP 8 guidelines.
127,12,Find largest item inside dictionary,Create an optimized utility class method capable of extracting the largest element from a dictionary where keys are strings and values can be mixed types (integers or floats). Include type checking to ensure only comparable numeric values are considered for comparison.
127,13,Find largest item inside dictionary,Develop a concise Python solution using list comprehensions and the max() function to determine the largest value within a dictionary. The code must include comprehensive docstrings explaining edge cases such as non-numeric values or missing keys.
127,14,Find largest item inside dictionary,Generate production-ready Python code that safely finds the maximum item in a dictionary while handling potential runtime errors like TypeError when comparing incompatible types. Structure the output to be easily integrated into larger data processing pipelines.
128,0,Count total items stored there,Create a robust Python script that counts the total number of items stored in provided input data structures using efficient hashing techniques and ensures thread safety for concurrent access.
128,1,Count total items stored there,Develop an optimized class-based solution to calculate and store item counts from heterogeneous collections while maintaining O(n) time complexity and adhering to strict type hinting standards.
128,2,Count total items stored there,Write a high-performance Python function that aggregates total items across multiple lists or dictionaries using the walrus operator for efficient inline assignments during iteration.
128,3,Count total items stored there,"Implement a production-ready module to count stored items in JSON and CSV inputs with error handling mechanisms, ensuring maximum code readability and compliance with PEP 8 guidelines."
128,4,Count total items stored there,Generate an advanced Python utility that dynamically determines the total item count from nested data structures using recursion optimization and memoization strategies for large datasets.
128,5,Count total items stored there,"Design a specialized Python script to tally items stored in specific storage types like SQLite or file-based databases, utilizing cursor methods with parameterized queries for security."
128,6,Count total items stored there,"Produce an elite-grade Python solution that counts total entries within complex nested lists without creating unnecessary intermediate copies, focusing on memory efficiency and speed."
128,7,Count total items stored there,Compile a secure Python program to evaluate the sum of item quantities stored in user-supplied dictionaries while implementing input validation against potential injection attacks.
128,8,Count total items stored there,Develop an industrial-strength Python library function that processes streaming data streams to continuously count total items encountered so far with minimal memory footprint and backpressure support.
128,9,Count total items stored there,Construct a modular Python framework for calculating aggregate item counts across various input formats including NumPy arrays and Pandas DataFrames using vectorized operations.
128,10,Count total items stored there,Implement a robust and efficient Python script to count the total number of items stored in a given data structure using best practices for memory management and error handling.
128,11,Count total items stored there,Write optimized Python code that iterates through an input collection to calculate and return the exact total item count without unnecessary intermediate storage or redundant operations.
128,12,Count total items stored there,Create a high-performance Python function designed to accurately tally all elements within any provided iterable while adhering strictly to PEP 8 standards for readability and maintainability.
128,13,Count total items stored there,Develop a production-ready Python utility that accepts various data types as input and returns the total item count with comprehensive logging capabilities and type validation logic.
128,14,Count total items stored there,"Generate concise yet professional Python code to determine the aggregate quantity of stored items in a collection, ensuring maximum execution speed and minimal resource consumption."
129,0,Remove specific entry entirely now,Implement a complete and robust Python script to identify and permanently remove a specific entry from an internal data structure using best-practice design patterns.
129,1,Remove specific entry entirely now,Write efficient optimized high-performance code that deletes a unique identifier entirely from the provided dataset in one operation with full error handling.
129,2,Remove specific entry entirely now,Develop a production-ready Python utility to target and eliminate any record matching specific criteria within the collection without side effects or data corruption.
129,3,Remove specific entry entirely now,Create an advanced Python implementation that performs atomic deletion of a designated entry from the system using proper resource management and cleanup protocols.
129,4,Remove specific entry entirely now,Construct a secure Python module to locate and wipe specific information permanently while adhering strictly to security best practices and coding standards.
129,5,Remove specific entry entirely now,Engineer a comprehensive Python solution for the total removal of a targeted record from any list or dictionary with maximum execution speed and reliability.
129,6,Remove specific entry entirely now,Produce high-quality optimized code that executes an immediate and final deletion operation on a specific item within the core database interface.
129,7,Remove specific entry entirely now,Draft professional Python logic to scan through data structures and ensure complete eradication of any instance matching the removal key with detailed logging support.
129,8,Remove specific entry entirely now,Deliver a streamlined yet feature-rich Python program capable of removing arbitrary entries from complex nested collections using modern syntax conventions.
129,9,Remove specific entry entirely now,Execute the creation of an idealized Python tool for instant and total clearance of specific data points with comprehensive validation and output reporting.
129,10,Remove specific entry entirely now,Implement an efficient and robust Python script to remove a specific entry from a list entirely using index-based deletion while handling potential IndexError gracefully. Ensure the code follows PEP 8 standards.
129,11,Remove specific entry entirely now,Write a high-performance Python function that deletes a specified dictionary key-value pair completely if it exists in the input object without raising errors for missing keys. Optimize for large datasets and adhere to best practices.
129,12,Remove specific entry entirely now,Create an optimized Python utility class method capable of removing any specific entry from a nested data structure entirely while maintaining structural integrity and using minimal memory overhead during execution.
129,13,Remove specific entry entirely now,"Develop a secure and scalable Python script that filters out a unique identifier from multiple collection types (lists, dicts, sets) ensuring the specific entry is removed permanently with O(1) lookup time where applicable. Follow all coding standards."
129,14,Remove specific entry entirely now,"Generate a production-ready Python module that provides an atomic operation to delete a target element from any iterable container entirely, including error handling for non-iterable inputs and type mismatches."
130,0,Sort all entries by their keys,Implement a robust and efficient Python script to sort all entries in a dictionary by their keys using standard library functions.
130,1,Sort all entries by their keys,Write optimized Python code that sorts the items of any given input collection (list or dict) based on key values with custom comparators if needed.
130,2,Sort all entries by their keys,Create a high-performance Python function to sort dictionary entries by keys ensuring O(n log n) time complexity and PEP 8 compliance.
130,3,Sort all entries by their keys,Develop a production-ready Python utility that sorts all key-value pairs in an input structure alphabetically by the primary key.
130,4,Sort all entries by their keys,Generate concise and readable Python code to sort entries within any mapping object based on their keys without external dependencies.
130,5,Sort all entries by their keys,Write a scalable Python solution for sorting dictionary items by keys that handles edge cases like empty inputs or non-hashable values gracefully.
130,6,Sort all entries by their keys,Construct an advanced Python script to sort all entries in nested dictionaries and lists of dictionaries by their top-level keys recursively.
130,7,Sort all entries by their keys,Produce a clean and maintainable Python implementation that sorts collection elements based on key attributes using the sorted() built-in with appropriate arguments.
130,8,Sort all entries by their keys,Design an efficient Python module to sort entries by keys supporting both ascending and descending order configurations via function parameters.
130,9,Sort all entries by their keys,Write a comprehensive Python program that sorts all provided data structures by their keys adhering to best practices for readability and performance.
130,10,Sort all entries by their keys,Implement a robust and efficient Python script that sorts all entries in a dictionary by their keys using standard library tools to ensure optimal performance on large datasets.
130,11,Sort all entries by their keys,Write professional-grade Python code that takes any iterable of key-value pairs as input and returns them sorted strictly by the keys without modifying the original data structure.
130,12,Sort all entries by their keys,Develop a high-performance function in Python that sorts dictionary entries based on their keys using Timsort algorithm principles to guarantee O(n log n) time complexity.
130,13,Sort all entries by their keys,Create an optimized and readable Python utility that accepts a list of tuples or a dict object and outputs the same data structure sorted by its first element (the key).
130,14,Sort all entries by their keys,"Generate clean, production-ready Python code utilizing `sorted()` with a custom key argument to sort all entries in any mapping type by their keys while handling edge cases gracefully."
131,0,Calculate area of rectangle from sides length,Implement a robust and reusable Python class named RectangleCalculator with an area method that computes the product of width and height using type hints and input validation to ensure sides are positive numbers.
131,1,Calculate area of rectangle from sides length,"Write a production-grade Python function that calculates the area of a rectangle given two side lengths, incorporating error handling for non-numeric or negative inputs and adhering strictly to PEP 8 coding standards."
131,2,Calculate area of rectangle from sides length,Create an optimized pure Python script that accepts width and height as arguments and returns the calculated rectangular area with comprehensive docstrings and inline comments explaining the logic.
131,3,Calculate area of rectangle from sides length,"Develop a high-performance calculator module in Python using type hinting to compute rectangle areas from side lengths, ensuring all input validation checks are performed before any arithmetic operations occur."
131,4,Calculate area of rectangle from sides length,Provide a complete and efficient Python solution that defines functions for calculating rectangle area with support for multiple units of measurement conversion logic alongside the base calculation using best practices.
131,5,Calculate area of rectangle from sides length,"Construct a secure and maintainable Python utility script dedicated to computing rectangular areas from side lengths, featuring input sanitization, type checking, and strict adherence to modern Python conventions."
131,6,Calculate area of rectangle from sides length,"Write a concise yet feature-rich Python function that determines the area of a rectangle by multiplying two sides, including assertions for positive values and detailed error messages for invalid inputs."
131,7,Calculate area of rectangle from sides length,"Generate an advanced Python implementation using dataclasses to represent rectangle dimensions with calculated properties, ensuring thread-safety considerations are included in the design documentation."
131,8,Calculate area of rectangle from sides length,"Implement a modular and scalable Python service function that calculates rectangle area from side lengths, utilizing dependency injection patterns for input validation logic while maintaining high performance."
131,9,Calculate area of rectangle from sides length,Produce a top-tier Python code snippet for calculating rectangular areas that includes unit tests via the unittest framework to verify correctness against various edge cases like zero or negative inputs.
131,10,Calculate area of rectangle from sides length,Implement a robust Python script that calculates and returns the area of a rectangle given its length and width as input arguments. The code must include comprehensive error handling for non-numeric or negative values.
131,11,Calculate area of rectangle from sides length,Create an optimized class-based solution in Python where the RectangleAreaCalculator class computes the area from side lengths using type hints and a static method to ensure best practices.
131,12,Calculate area of rectangle from sides length,"Write a high-performance function that accepts two variables representing rectangle sides and outputs their product, ensuring all input validation is performed at runtime for maximum reliability."
131,13,Calculate area of rectangle from sides length,"Develop a complete Python module containing a utility function to determine the area of rectangles from side inputs, adhering strictly to PEP 8 guidelines and including detailed docstrings with type annotations."
131,14,Calculate area of rectangle from sides length,"Generate an efficient standalone program that reads two numeric values for rectangle dimensions, validates them against edge cases like zero or negative numbers, and prints the resulting area to stdout."
132,0,Find perimeter for given square side measurement,"Implement a robust and efficient Python script to calculate the perimeter of a square given its side length, ensuring input validation for non-negative numbers."
132,1,Find perimeter for given square side measurement,Write a professional-grade function in Python that computes the perimeter from a side measurement using best practices including type hinting and docstrings.
132,2,Find perimeter for given square side measurement,"Create an optimized Python solution to find the square's perimeter based on user input, handling edge cases like zero or negative sides gracefully."
132,3,Find perimeter for given square side measurement,Develop a clean and maintainable Python program that calculates the perimeter of a square given its side length with comprehensive error checking.
132,4,Find perimeter for given square side measurement,"Generate high-quality Python code to determine the perimeter from a side measurement, utilizing modern syntax features and following PEP 8 guidelines strictly."
132,5,Find perimeter for given square side measurement,Write an efficient Python utility function that accepts a square's side length as input and returns its calculated perimeter with detailed documentation.
132,6,Find perimeter for given square side measurement,"Construct a production-ready Python script for computing the perimeter of a square given specific side dimensions, ensuring maximum performance and readability."
132,7,Find perimeter for given square side measurement,"Implement a precise Python algorithm to calculate the perimeter based on provided side length data, incorporating input sanitization and clear output formatting."
132,8,Find perimeter for given square side measurement,Produce an advanced Python function for finding square perimeters that demonstrates optimal execution speed and includes extensive inline comments explaining logic.
132,9,Find perimeter for given square side measurement,"Develop a secure and scalable Python module to compute the perimeter of a square from side measurements, adhering to industry-standard coding conventions."
132,10,Find perimeter for given square side measurement,"Implement a robust and type-annotated Python script to calculate the perimeter of a square given its side length, ensuring input validation for non-positive numbers."
132,11,Find perimeter for given square side measurement,Write an optimized function in Python that computes the perimeter from a square's side measurement using best practices including docstrings and error handling.
132,12,Find perimeter for given square side measurement,"Generate professional-grade Python code to determine the perimeter of a square based on user input, adhering strictly to PEP 8 guidelines and modular design principles."
132,13,Find perimeter for given square side measurement,Create an efficient Python utility that accepts a side measurement as argument and returns the calculated perimeter with comprehensive error checking for invalid inputs.
132,14,Find perimeter for given square side measurement,"Develop a clean and performant Python solution to find the square's perimeter from its side length, incorporating type hints and detailed documentation."
133,0,Determine if shape has equal opposite angles,"Implement a robust Python script using object-oriented programming to determine if any given quadrilateral has equal opposite angles, ensuring all input validation and edge cases are handled professionally."
133,1,Determine if shape has equal opposite angles,"Write an optimized function that accepts four angle values in degrees as arguments and returns true only if the first equals the third and the second equals the fourth, following strict type safety guidelines."
133,2,Determine if shape has equal opposite angles,"Create a high-performance Python class named 'AngleChecker' with a method to verify opposite angles equality for any polygon input list, utilizing dataclasses for structured storage."
133,3,Determine if shape has equal opposite angles,Develop a production-ready utility function that takes two lists of angle measurements and checks if the sum of diagonally opposite pairs is consistent within a floating-point tolerance threshold.
133,4,Determine if shape has equal opposite angles,"Generate efficient Python code using type hints to validate whether four provided numeric inputs represent angles with equal opposites, including comprehensive error handling for non-numeric data."
133,5,Determine if shape has equal opposite angles,Construct a modular Python solution that analyzes geometric properties by comparing opposite angle indices in an array of values and outputs a boolean result indicating equality status.
133,6,Determine if shape has equal opposite angles,Write a concise yet comprehensive Python function to detect if the sum of angles at index i equals the sum at index j for specific quadrilateral configurations using NumPy vectorization where applicable.
133,7,Determine if shape has equal opposite angles,Implement a best-practice Python library component that accepts angle data structures and performs rigorous mathematical checks to confirm opposite angle symmetry across multiple test cases.
133,8,Determine if shape has equal opposite angles,Produce an advanced Python script capable of processing irregular input formats for angles while maintaining strict logic to determine if opposite pairs are identical or supplementary as per geometric definitions.
133,9,Determine if shape has equal opposite angles,Develop a scalable and maintainable Python module that encapsulates the logic for checking equal opposite angles using decorators for logging and unit testing integration readiness.
133,10,Determine if shape has equal opposite angles,"Implement a robust and efficient Python class named 'PolygonAnalyzer' with a method to determine if any polygon shape has equal opposite angles. The code must use object-oriented principles, include comprehensive docstrings following Google style guides, handle edge cases like non-convex polygons or irregular vertex counts gracefully, and return boolean results using the standard library for geometric calculations."
133,11,Determine if shape has equal opposite angles,"Write a high-performance Python script that accepts coordinates of polygon vertices as input and programmatically checks whether opposite angles are equal. Ensure the implementation leverages NumPy for vector operations to maximize computational speed, validates all inputs against strict type checking rules, and outputs results in a structured JSON format suitable for API integration."
133,12,Determine if shape has equal opposite angles,"Create an optimized Python function that calculates internal angles of arbitrary polygons using the Law of Cosines or vector dot products to verify if opposite angles match. The solution must be memory-efficient, avoid unnecessary object creation during loops, and include input validation to reject invalid geometric configurations while adhering to strict PEP 8 coding standards."
133,13,Determine if shape has equal opposite angles,"Develop a production-ready Python module containing a function 'has_equal_opposite_angles' that takes vertex lists as arguments. The code must utilize type hints extensively for clarity and safety, incorporate unit tests within the same file using pytest fixtures to ensure correctness across various shape types (triangles, quadrilaterals, pentagons), and optimize numerical precision handling to prevent floating-point errors."
133,14,Determine if shape has equal opposite angles,"Generate a concise yet comprehensive Python program that determines if the angles at opposite vertices of a given polygon are equal. The implementation should use functional programming techniques where appropriate, ensure thread-safety for concurrent shape processing requests, and provide clear error messages for malformed input data while maintaining maximum execution efficiency."
134,0,Compute total surface area for cube object,"Implement a robust and efficient Python script to calculate the total surface area of a cube given its side length, ensuring all input validation is handled professionally."
134,1,Compute total surface area for cube object,Write an optimized Python function that computes the surface area of a cube using type hints and docstrings for clarity and maintainability.
134,2,Compute total surface area for cube object,Generate high-quality Python code to determine the total surface area of a cubic object with comprehensive error handling for non-positive side lengths.
134,3,Compute total surface area for cube object,Create a production-ready Python module containing a function that calculates cube surface area following PEP 8 standards and including unit tests.
134,4,Compute total surface area for cube object,"Develop an efficient Python utility to compute the total surface area of a cube from user input, with clear output formatting and exception management."
134,5,Compute total surface area for cube object,Write a concise yet professional Python script that calculates the sum of six faces for any given cube side length using mathematical constants where appropriate.
134,6,Compute total surface area for cube object,"Implement a best-practice Python solution to find the total surface area of a cube object, ensuring thread safety and input sanitization are considered."
134,7,Compute total surface area for cube object,Produce an optimized Python function for calculating cube surface area that includes detailed logging capabilities and supports both integer and float inputs.
134,8,Compute total surface area for cube object,Construct a clean and scalable Python codebase to compute the total surface area of a cubic shape with extensive documentation and type annotations.
134,9,Compute total surface area for cube object,Write an advanced Python script that calculates the total surface area of a cube object while adhering to strict performance benchmarks and coding guidelines.
134,10,Compute total surface area for cube object,Implement a robust and type-annotated Python class to calculate the total surface area of a cube given its side length. Ensure all input validation is performed and follow PEP 8 standards.
134,11,Compute total surface area for cube object,"Write an optimized pure function in Python that computes the surface area of any N-dimensional hypercube based on edge length, ensuring it handles floating-point inputs efficiently."
134,12,Compute total surface area for cube object,"Create a production-ready script using type hints and docstrings to determine the total surface area for cube objects with arbitrary dimensions, including error handling for invalid geometric parameters."
134,13,Compute total surface area for cube object,"Develop a high-performance Python utility function that calculates the sum of all faces' areas for a given cube object, adhering to strict coding conventions and best practices."
134,14,Compute total surface area for cube object,"Generate a clean and maintainable Python module containing a method to compute total surface area for cubic shapes, utilizing dataclasses for input representation and ensuring maximum readability."
135,0,Measure diagonal distance across rectangular box,"Implement a robust and type-annotated Python class named 'BoxDiagonalCalculator' with an instance method to compute the space diagonal of a rectangular box given length, width, and height. Ensure input validation raises appropriate exceptions for non-positive dimensions."
135,1,Measure diagonal distance across rectangular box,Write a highly optimized pure-Python function that calculates the Euclidean distance across three-dimensional coordinates representing a rectangular box's corners using only basic arithmetic operations to minimize overhead.
135,2,Measure diagonal distance across rectangular box,"Create an efficient Python script that accepts user input for length, width, and height as strings, parses them into floats with error handling, computes the diagonal distance, and prints the result formatted to two decimal places."
135,3,Measure diagonal distance across rectangular box,"Develop a professional-grade utility function in Python that calculates the space diagonal of a rectangular box using NumPy for vectorized operations if available, but falls back to standard math library functions otherwise, ensuring maximum compatibility and performance."
135,4,Measure diagonal distance across rectangular box,"Generate a complete Python module containing docstrings, type hints, and unit tests that demonstrate how to calculate the diagonal distance across any rectangular box defined by three orthogonal dimensions using the Pythagorean theorem in 3D space."
135,5,Measure diagonal distance across rectangular box,"Write an advanced Python solution that encapsulates the logic for calculating a rectangular box's diagonal within a context manager class, allowing it to handle resource cleanup and logging of calculation attempts while maintaining high code quality standards."
135,6,Measure diagonal distance across rectangular box,"Implement a concise yet readable Python function using f-strings and walrus operators where appropriate that computes the square root of the sum of squared dimensions for a rectangular box, ensuring it handles floating-point precision issues gracefully."
135,7,Measure diagonal distance across rectangular box,Construct an optimized data processing pipeline in Python that reads multiple sets of box dimensions from a CSV file and outputs their respective diagonal distances to another CSV file using efficient I/O practices like 'with open' context managers.
135,8,Measure diagonal distance across rectangular box,"Develop a standalone Python script with comprehensive error handling for invalid inputs (e.g., negative numbers or non-numeric strings) that calculates the space diagonal of a rectangular box and exits gracefully with descriptive messages on failure."
135,9,Measure diagonal distance across rectangular box,"Write a high-performance calculation engine in Python using `math.hypot` logic extended to three dimensions for determining the longest distance across a rectangular box, ensuring the code is thread-safe and follows all PEP 8 guidelines."
135,10,Measure diagonal distance across rectangular box,"Implement a production-ready Python script to calculate the diagonal distance across any rectangular box given its length, width, and height. The solution must use Pythagorean theorem logic for three dimensions, handle floating-point precision appropriately, include comprehensive docstrings following Google style guides, and incorporate input validation using typing hints."
135,11,Measure diagonal distance across rectangular box,"Develop a robust Python module that computes the space diagonal of a rectangular prism with support for both integer and float inputs. The code must be fully type-annotated, include error handling for non-positive dimensions, utilize math.sqrt from the standard library efficiently, and follow PEP 8 conventions strictly."
135,12,Measure diagonal distance across rectangular box,"Write an optimized Python class named 'BoxDiagonalCalculator' that encapsulates logic to determine the diagonal distance across a rectangular box. Ensure the implementation includes a dedicated method for validation of input parameters (length > 0), uses type hints extensively, and returns results with appropriate precision without unnecessary overhead."
135,13,Measure diagonal distance across rectangular box,"Generate high-quality Python code that calculates the diagonal distance across a rectangular box defined by three orthogonal edges. The script should be modular, accepting edge values as arguments or via constructor injection, utilizing the Euclidean norm formula for optimization, and including detailed inline comments explaining each mathematical step."
135,14,Measure diagonal distance across rectangular box,"Create a best-practice Python utility function to compute the diagonal length of a rectangular box. The code must handle edge cases where dimensions are zero or negative gracefully, use type hints for clarity and IDE support, adhere to modern Python syntax (Python 3.9+), and ensure maximum computational efficiency."
136,0,Estimate space needed for circular garden plot,Create a robust and production-ready Python script to estimate the area required for a circular garden plot based on user input radius or diameter. Ensure all inputs are validated and handled appropriately.
136,1,Estimate space needed for circular garden plot,"Implement an optimized function that calculates the surface area of a circle using the math module, designed to be efficient even when handling floating-point precision issues common in garden planning tools."
136,2,Estimate space needed for circular garden plot,Develop a comprehensive Python utility class named CircularGardenEstimator that encapsulates logic for converting between radius and diameter inputs while computing the required plot area accurately.
136,3,Estimate space needed for circular garden plot,"Write a clean and maintainable Python module using type hinting to define functions capable of accepting various input formats (meters, feet) and returning estimated space in square meters with unit conversion logic included."
136,4,Estimate space needed for circular garden plot,"Construct an interactive command-line interface script that prompts the user for garden dimensions, performs immediate area calculations using standard geometric formulas, and outputs results formatted clearly."
136,5,Estimate space needed for circular garden plot,Generate a high-performance Python solution utilizing f-strings or string formatting best practices to display calculated circular plot areas alongside derived metrics such as circumference for landscaping purposes.
136,6,Estimate space needed for circular garden plot,Produce an error-handling optimized script that gracefully manages invalid numerical inputs provided by users when estimating space needed for a circular garden layout while providing clear feedback messages.
136,7,Estimate space needed for circular garden plot,"Develop a Python function structured with the DRY principle to calculate multiple potential garden sizes (e.g., small, medium, large presets) and present them in a table format for quick comparison."
136,8,Estimate space needed for circular garden plot,Create an advanced calculator script that not only estimates area but also scales the results based on soil coverage depth requirements if additional context parameters are provided by the input arguments.
136,9,Estimate space needed for circular garden plot,Write a unit-tested Python package containing both core calculation functions and integration tests to ensure reliability of space estimation algorithms for circular garden plots across diverse scenarios.
136,10,Estimate space needed for circular garden plot,"Implement a robust and efficient Python script using object-oriented design to calculate the required area for a circular garden plot given its radius in meters. The code must include input validation, use the mathematical constant from the 'math' module with high precision, handle edge cases like negative or zero radii, output results formatted to two decimal places, and follow all PEP 8 standards."
136,11,Estimate space needed for circular garden plot,"Write a production-ready Python class named CircularGardenPlot that encapsulates radius calculation logic for determining the plot's area. The implementation should utilize type hints, docstrings explaining parameters and return values, leverage standard libraries without external dependencies, ensure thread safety through property decorators, and include comprehensive error handling for invalid inputs."
136,12,Estimate space needed for circular garden plot,"Generate a highly optimized Python function to compute the space needed for any circular garden plot based on user-provided diameter. The solution must return both area in square meters and perimeter length with significant precision, use f-strings for formatted output strings adhering to modern best practices, validate input types strictly at runtime, and avoid unnecessary computational overhead while maintaining code readability."
136,13,Estimate space needed for circular garden plot,"Create a comprehensive Python utility module that provides multiple functions for estimating circular garden space including area calculation based on radius or diameter. Each function should be wrapped in try-except blocks to catch and log specific input errors gracefully, use the 'math.pi' constant directly without approximation issues, return structured dictionaries as output, and follow NumPy-like array-style data handling principles where applicable."
136,14,Estimate space needed for circular garden plot,"Develop a concise yet professional Python script that calculates garden plot dimensions by accepting radius input via command-line arguments or standard input. The code must demonstrate defensive programming techniques such as default value fallbacks, explicit type checking using isinstance(), utilize context managers for file output if logging is enabled, and optimize numerical computations to minimize floating-point errors while ensuring maximum portability across Python 3.x versions."
137,0,Calculate mean of three numbers,Implement a robust and production-ready Python script that computes the arithmetic mean of three numeric inputs using exception handling for non-numeric data.
137,1,Calculate mean of three numbers,Write an optimized pure-Python function to calculate the average of exactly three numbers with input validation and return type hinting.
137,2,Calculate mean of three numbers,Create a high-performance Python utility that accepts any number of arguments but defaults logic for calculating the mean of three values while adhering to best practices.
137,3,Calculate mean of three numbers,Develop a type-annotated Python class method designed specifically to compute the arithmetic mean of three inputs with comprehensive error reporting.
137,4,Calculate mean of three numbers,Generate efficient and readable Python code that calculates the average of three numbers using list comprehension if necessary while maintaining strict input constraints.
137,5,Calculate mean of three numbers,"Produce a professional-grade Python solution for finding the mean of three values including docstrings, type hints, and defensive programming techniques."
137,6,Calculate mean of three numbers,"Code an efficient Python function to determine the sum divided by three for valid inputs, ensuring maximum performance on large datasets if extended."
137,7,Calculate mean of three numbers,Write a secure and optimized Python script that processes numeric input specifically designed for calculating the mean of exactly three elements without side effects.
137,8,Calculate mean of three numbers,Implement a clean and maintainable Python function to calculate the arithmetic average of three numbers with extensive documentation and error handling.
137,9,Calculate mean of three numbers,"Construct an advanced Python solution for computing the mean of three values focusing on memory efficiency, code readability, and adherence to modern Python standards."
137,10,Calculate mean of three numbers,Implement a robust and type-annotated Python script that accepts three numeric inputs as arguments and returns their arithmetic mean using best practices for input validation and error handling.
137,11,Calculate mean of three numbers,"Write an optimized pure Python function to calculate the average of exactly three numbers, ensuring it handles float precision correctly and adheres strictly to PEP 8 coding standards."
137,12,Calculate mean of three numbers,"Generate a high-performance Python utility that computes the mean of any three values passed via positional arguments, including comprehensive docstrings and inline comments explaining the calculation logic."
137,13,Calculate mean of three numbers,"Create an efficient Python solution to determine the average of three numbers with automatic type coercion for integer-to-float conversion, structured as a reusable class method following object-oriented best practices."
137,14,Calculate mean of three numbers,"Develop a concise and secure Python function that calculates the mean of three numerical inputs, ensuring it validates input types to reject non-numeric data while maintaining maximum execution efficiency."
138,0,Determine minimum value present,Create a robust and efficient Python script to find and print the minimum value in an arbitrary list using standard built-in libraries without external dependencies.
138,1,Determine minimum value present,Implement a highly optimized pure Python function that determines the absolute minimum integer present within a non-empty collection of data types by converting inputs safely to integers first.
138,2,Determine minimum value present,Write professional-grade code using list comprehensions and generator expressions to identify the lowest value in a dataset while handling potential empty input gracefully with descriptive error messages.
138,3,Determine minimum value present,Develop an algorithmic solution written in Python that iterates through elements once (O(n) time complexity) to locate and return the smallest numeric value present in a provided array or iterable.
138,4,Determine minimum value present,"Generate best-practice Python code utilizing type hints, docstrings, and static analysis friendliness to compute the minimum element from a variable argument list of numbers."
138,5,Determine minimum value present,Code a production-ready module function capable of extracting the global minimum value from mixed-type sequences after filtering out non-numeric values with clear logging capabilities.
138,6,Determine minimum value present,Construct an advanced Python utility that performs dynamic type inference to ensure only numeric types are considered before calculating and returning the least possible value in a given list.
138,7,Determine minimum value present,Produce clean and maintainable Python code using the math.frexp or min function pattern for high-performance extraction of the minimum floating-point number from engineering datasets.
138,8,Determine minimum value present,Implement a secure and validated Python routine that checks input integrity before determining the minimum value to prevent runtime errors caused by invalid iterable structures.
138,9,Determine minimum value present,Write an elegant recursive or iterative Python solution optimized for large datasets to pinpoint the single lowest numerical entry within a complex nested structure.
138,10,Determine minimum value present,"Implement a robust and efficient Python script to determine the minimum value present in an input list or iterable, ensuring it handles empty sequences gracefully by raising a clear exception."
138,11,Determine minimum value present,Write high-quality optimized code that accepts any sequence of numbers as input and returns the absolute smallest element using only built-in Python functions to guarantee performance best practices.
138,12,Determine minimum value present,"Create a production-ready function that finds the minimum value from a given collection of numbers, adhering strictly to PEP 8 guidelines and including comprehensive type hints."
138,13,Determine minimum value present,Develop an optimized Python utility module containing a method to extract the lowest numerical element from any provided iterable with minimal computational overhead.
138,14,Determine minimum value present,Write professional-grade code that calculates and returns the minimum value in a dataset while handling edge cases such as non-numeric inputs or empty collections through explicit error checking.
139,0,Sort values by smallest first,Implement an efficient and robust Python script that sorts a list of values in ascending order using the built-in sort method while ensuring the input is validated to be mutable.
139,1,Sort values by smallest first,Write high-quality Python code with type hints and docstrings that creates a custom sorting utility function capable of handling mixed data types by converting them to strings before comparison.
139,2,Sort values by smallest first,Develop an optimized Python solution for the 'sort values smallest first' task using lambda functions as keys to allow flexible and dynamic ordering logic in a single function call.
139,3,Sort values by smallest first,"Generate production-ready Python code that accepts any iterable input, converts it to a sorted list ascending by default value, and includes error handling for non-iterable inputs or unsortable elements."
139,4,Sort values by smallest first,Create a comprehensive Python module containing multiple sorting strategies (bubble sort vs Timsort simulation) wrapped in an interface that strictly enforces ascending order logic for numerical and string datasets.
139,5,Sort values by smallest first,Write a clean and maintainable Python function designed to process large datasets efficiently by utilizing list comprehension followed by `sorted()` with a key argument to sort values from smallest to largest.
139,6,Sort values by smallest first,Produce an advanced Python script that implements the 'smallest first' sorting algorithm using numpy arrays for performance optimization when dealing with high-volume numeric data.
139,7,Sort values by smallest first,Formulate a precise Python implementation that demonstrates how to sort dictionary values in ascending order while maintaining key-value integrity and adhering to best practices for readability.
139,8,Sort values by smallest first,Write professional-grade Python code featuring unit test integration within the same file structure that verifies correctness across edge cases like empty lists and negative numbers when sorting smallest first.
139,9,Sort values by smallest first,Develop a generic and reusable Python class method `sort_ascending` that encapsulates the logic for ordering elements by magnitude or length without requiring external dependencies beyond the standard library.
139,10,Sort values by smallest first,Implement an efficient and robust Python script that sorts a list of mixed data types in ascending order by their smallest value using the built-in sort algorithm while adhering to PEP 8 standards.
139,11,Sort values by smallest first,Write a complete function optimized for performance that takes any iterable as input and returns a new sorted list with elements arranged from smallest to largest without modifying the original data structure.
139,12,Sort values by smallest first,Create a production-ready Python utility module containing a class method designed to sort complex objects based on their minimum attribute value using best-practice design patterns.
139,13,Sort values by smallest first,Develop a high-performance sorting routine in Python that handles large datasets efficiently by utilizing the Timsort algorithm and ensuring strict type safety throughout execution.
139,14,Sort values by smallest first,Generate an optimized code snippet using list comprehensions or map functions to transform unsorted input into ascending order while maintaining clean syntax and maximum readability.
140,0,Count occurrences in dataset,Write a robust Python script using pandas to count occurrences in a dataset while handling null values and ignoring case sensitivity for string columns.
140,1,Count occurrences in dataset,Implement an optimized function that counts element frequencies in a list or dictionary using `collections.Counter` with strict type checking and error reporting.
140,2,Count occurrences in dataset,Create a high-performance Python solution to count dataset occurrences by leveraging numpy's unique values functionality for large numerical arrays.
140,3,Count occurrences in dataset,Develop a professional-grade python module that counts column statistics in a CSV file including duplicate detection and frequency distribution analysis.
140,4,Count occurrences in dataset,Write an efficient Python program using sqlalchemy to aggregate row counts for specific values across multiple tables with proper indexing support.
140,5,Count occurrences in dataset,"Construct a best-practice python class that encapsulates dataset counting logic, supporting both in-memory and file-based data sources with thread safety."
140,6,Count occurrences in dataset,Implement an optimized Python generator function that counts occurrences on-the-fly from an iterable stream without loading the entire dataset into memory first.
140,7,Count occurrences in dataset,Generate a production-ready python script to count unique values in structured data using json parsing with explicit handling of special characters and unicode.
140,8,Count occurrences in dataset,Write a clean Python solution that counts dataset occurrences while validating input schema compatibility and logging detailed performance metrics via context managers.
140,9,Count occurrences in dataset,Develop an advanced python utility function for frequency analysis using heapq to efficiently track top N most common elements in large datasets with minimal memory overhead.
140,10,Count occurrences in dataset,Implement a robust Python script to count element occurrences in a mixed-type dataset using dictionary comprehension and ensure it handles edge cases like empty lists effectively.
140,11,Count occurrences in dataset,Develop an optimized function that takes any iterable input and returns a frequency map of unique elements with minimal memory overhead following PEP 8 standards.
140,12,Count occurrences in dataset,Write professional Python code to analyze dataset element frequencies using collections.Counter for maximum readability and performance while maintaining type hinting accuracy.
140,13,Count occurrences in dataset,"Construct a high-quality Python utility module that ingests nested data structures, flattens them if necessary, and computes occurrence counts with clear error handling protocols."
140,14,Count occurrences in dataset,Create an efficient algorithmic solution in Python to tally item frequencies from user-provided input lists ensuring strict output formatting and best-practice coding conventions.
141,0,Compute average from five items,Implement a robust and efficient Python script to compute the average of five numeric items using standard libraries only.
141,1,Compute average from five items,Write professional-grade Python code that calculates the mean value from exactly five input numbers with error handling for non-numeric data.
141,2,Compute average from five items,"Create an optimized function in Python to determine the average of a list containing five elements, ensuring strict type validation and PEP 8 compliance."
141,3,Compute average from five items,Develop a high-performance Python utility that computes the arithmetic mean from five provided values using minimal memory overhead.
141,4,Compute average from five items,"Generate clean and maintainable Python code to find the average of five items, including input validation for edge cases like empty lists or invalid types."
141,5,Compute average from five items,"Write a concise yet comprehensive Python function that returns the average of five numbers, adhering to best practices for readability and performance."
141,6,Compute average from five items,"Construct an efficient Python solution to calculate the sum divided by five for averaging, ensuring it handles floating-point precision correctly."
141,7,Compute average from five items,Produce a production-ready Python script that accepts five numeric arguments and outputs their calculated average with comprehensive input sanitization.
141,8,Compute average from five items,Implement a scalable Python function to compute the mean of five data points using NumPy for optimized numerical operations where applicable.
141,9,Compute average from five items,"Write secure and efficient Python code that calculates the average from exactly five items, including documentation strings following Google style guide."
141,10,Compute average from five items,Implement a robust and efficient Python script that computes the average of five numeric items using list comprehension to ensure best-practice coding style.
141,11,Compute average from five items,Write an optimized Python function designed to calculate the arithmetic mean from exactly five input values while strictly adhering to PEP 8 standards for readability and maintainability.
141,12,Compute average from five items,"Generate a high-quality Python solution that takes any list of items (assumed to be size-five) and returns their average, utilizing type hinting and proper error handling as required by professional software engineering principles."
141,13,Compute average from five items,"Create a concise yet comprehensive Python program that calculates the sum divided by five for a given set of numbers, ensuring optimal performance and clean variable naming conventions."
141,14,Compute average from five items,Develop an advanced Python utility function capable of computing the average from five specific inputs with full input validation and documentation following industry best practices.
142,0,Identify largest number quickly,Implement an efficient Python script to identify and return the largest number from a list using built-in functions without manual iteration loops.
142,1,Identify largest number quickly,Write robust Python code that handles edge cases like empty lists or non-numeric inputs when finding the maximum value in an input array.
142,2,Identify largest number quickly,Create a high-performance optimized function to determine the largest integer from user-provided data using list comprehension and max(). Ensure it follows PEP 8 standards.
142,3,Identify largest number quickly,Develop a production-ready Python module that accepts any iterable of numbers as input and quickly identifies the maximum element with proper error handling.
142,4,Identify largest number quickly,"Generate concise, readable Python code to find the largest number in a collection while strictly adhering to best practices for type safety and performance."
142,5,Identify largest number quickly,Construct an advanced algorithm in Python that processes large datasets to extract the maximum value efficiently using generator expressions where applicable.
142,6,Identify largest number quickly,Write a clean and optimized Python solution to compare multiple numerical inputs and output the single largest number with clear validation logic.
142,7,Identify largest number quickly,"Produce professional-grade code for extracting the maximum value from an array of numbers, ensuring type hints are included and documentation is comprehensive."
142,8,Identify largest number quickly,Design a memory-efficient Python program to identify the largest number in potentially massive datasets without loading everything into RAM simultaneously if needed.
142,9,Identify largest number quickly,Formulate a precise and fast Python function that takes a tuple or list of numbers as arguments and returns the maximum value using standard library tools only.
142,10,Identify largest number quickly,Generate a robust and optimized Python script using f-string formatting to find the largest number in an input list efficiently while adhering to PEP 8 style guidelines.
142,11,Identify largest number quickly,Implement a best-practice Python function that identifies and returns the maximum value from any iterable data structure with minimal computational overhead using built-in optimization techniques.
142,12,Identify largest number quickly,Write high-quality Python code featuring exception handling for invalid inputs to determine the largest element in a sequence without raising errors or printing debug statements directly into user output.
142,13,Identify largest number quickly,Create an efficient Python solution that processes large datasets using list comprehension and `max()` function to identify the single highest integer while maintaining clean and readable logic.
142,14,Identify largest number quickly,"Develop a professional-grade Python module that accepts arbitrary input sequences, validates types internally, and returns the maximum value in O(n) time complexity without unnecessary intermediate data structures."
143,0,Check if two numbers are equal,"Create a robust Python script with input validation and comprehensive error handling to check if two numbers are equal, ensuring it handles both integer and float types effectively."
143,1,Check if two numbers are equal,"Implement an optimized function in Python that compares two numeric values for equality using the `math.isclose` utility where appropriate, adhering strictly to PEP 8 coding standards."
143,2,Check if two numbers are equal,"Develop a production-ready class structure named 'NumberComparator' with a dedicated method to determine if two arguments are equal, including type checking and docstring documentation."
143,3,Check if two numbers are equal,Write efficient Python code using dataclasses or typed functions that accepts two numeric parameters and returns a boolean indicating their equality without any external dependencies.
143,4,Check if two numbers are equal,Generate a high-performance comparison utility function capable of handling edge cases such as NaN values in floating-point comparisons while maintaining strict type safety.
143,5,Check if two numbers are equal,Construct a self-contained Python module containing a best-practice implementation for numeric equality checks that includes unit test examples within the same file using pytest styles.
143,6,Check if two numbers are equal,Code a flexible comparison tool in pure Python that dynamically infers input types and uses appropriate mathematical operators or libraries to determine if two values are equal with maximum speed.
143,7,Check if two numbers are equal,"Produce an idiomatic Python solution for checking numeric equality focusing on readability and maintainability, ensuring strict adherence to type hinting protocols and static analysis rules."
143,8,Check if two numbers are equal,Draft a secure and clean function in Python that compares two numbers while explicitly documenting constraints regarding precision loss inherent in floating-point arithmetic operations.
143,9,Check if two numbers are equal,"Engineer an advanced comparison routine for integers and floats using type annotations to provide clear intent, optimized execution logic, and full compliance with modern Python development practices."
143,10,Check if two numbers are equal,Implement an efficient and robust Python script to check if two numbers are equal using a custom comparison function that handles both integers and floats with appropriate precision tolerances. Ensure the code is fully optimized for performance.
143,11,Check if two numbers are equal,"Write a production-ready Python module containing a class method designed to verify equality between two numeric inputs, adhering strictly to PEP 8 guidelines and including comprehensive error handling for non-numeric types."
143,12,Check if two numbers are equal,"Develop a high-performance utility function in Python that determines if two values are identical while accounting for floating-point epsilon comparison, ensuring the solution is scalable for large datasets of numeric comparisons."
143,13,Check if two numbers are equal,"Create an optimized and type-safe Python helper to compare any two hashable objects or numbers for equality, incorporating strict input validation and returning a boolean result without side effects."
143,14,Check if two numbers are equal,"Construct a best-practice Python implementation that checks numeric equality with support for both exact matching and approximate comparison via the math.isclose function, wrapped in a clean API suitable for integration into larger systems."
144,0,Determine which number is larger,"Implement a robust and type-annotated Python script that compares any two numeric values (integers or floats) to determine which is larger, handling edge cases like NaN and infinity correctly using the math module."
144,1,Determine which number is larger,Write an optimized pure-Python function with docstrings and inline comments that takes a list of numbers as input and returns the maximum value without importing external libraries other than standard ones.
144,2,Determine which number is larger,"Create a high-performance Python utility class capable of comparing two arbitrary numeric types (including complex numbers) by extracting real parts if necessary, ensuring strict adherence to PEP 8 coding conventions."
144,3,Determine which number is larger,Develop a production-ready Python module that includes input validation for non-numeric arguments and raises specific exceptions when the comparison logic cannot be applied safely between different numeric types.
144,4,Determine which number is larger,Generate an efficient algorithm in Python using list comprehensions to find the largest number from a dynamic dataset of mixed integers and floats while maintaining O(n) time complexity.
144,5,Determine which number is larger,"Construct a comprehensive test suite alongside the comparison logic that verifies correctness across various input scenarios including negative numbers, zero, large integers, and floating-point precision issues."
144,6,Determine which number is larger,"Write a concise yet readable Python function using built-in max() with an unpacking trick to compare two variables directly, ensuring it handles both integer and float inputs seamlessly."
144,7,Determine which number is larger,"Produce a scalable data processing script that accepts user input via command-line arguments or stdin, parses the numbers safely, compares them using strict numeric comparison rules, and outputs the result with detailed logging."
144,8,Determine which number is larger,Design an abstract base class in Python for number comparisons that allows future extension to custom numeric types while providing a concrete implementation for standard int and float types immediately available.
144,9,Determine which number is larger,Formulate a memory-efficient solution using generators or iterators to determine the largest element from a potentially infinite stream of numbers in Python without loading all data into RAM at once.
144,10,Determine which number is larger,"Implement a robust and type-annotated Python script using only built-in libraries to determine which number is larger between two user-provided inputs, handling both integers and floating-point numbers while validating input types."
144,11,Determine which number is larger,"Write an optimized pure Python function that compares any given list of numeric values and returns the maximum value, ensuring it handles edge cases like empty lists or non-numeric elements with appropriate error handling."
144,12,Determine which number is larger,"Create a high-performance comparison utility in Python using type hints and static analysis compatibility to identify the largest number among two arguments, incorporating docstrings for clarity and following PEP 8 guidelines strictly."
144,13,Determine which number is larger,"Develop a clean and maintainable Python module that accepts multiple numeric inputs via command-line arguments or function parameters, sorts them internally if necessary to find the maximum, and outputs the result with detailed logging capabilities."
144,14,Determine which number is larger,"Generate an efficient, production-ready Python solution for finding the larger of two numbers that includes input validation logic, type checking, and comprehensive error messages without using external dependencies like NumPy or Pandas."
145,0,Verify if sum exceeds threshold,Implement a robust and efficient Python script that verifies if the cumulative sum of an iterable exceeds a specified threshold using early termination optimization.
145,1,Verify if sum exceeds threshold,Write a high-performance generator-based solution in Python to check whether running totals surpass a given limit without storing intermediate sums.
145,2,Verify if sum exceeds threshold,"Create a production-ready function that calculates the sum of elements and returns immediately once the threshold is breached, adhering to strict type hinting standards."
145,3,Verify if sum exceeds threshold,Develop an optimized Python utility using itertools.accumulate to determine if partial sums exceed a target value with minimal memory overhead.
145,4,Verify if sum exceeds threshold,Generate a clean and maintainable Python class method that accepts numeric sequences and threshold parameters to validate sum overflow conditions in O(n) time complexity.
145,5,Verify if sum exceeds threshold,Construct an advanced filtering script using list comprehensions where the loop breaks automatically upon detecting any partial sum greater than or equal to a defined ceiling.
145,6,Verify if sum exceeds threshold,Implement a robust and efficient Python script that verifies if the sum of a list of numbers exceeds a specified threshold using best practices.
145,7,Verify if sum exceeds threshold,Write optimized Python code to check whether an iterable's cumulative total surpasses a given limit without unnecessary iterations.
145,8,Verify if sum exceeds threshold,Generate professional-grade Python logic that determines if the sum of input values exceeds a threshold with proper error handling and type safety.
145,9,Verify if sum exceeds threshold,Create a high-performance Python function to evaluate if aggregated data points exceed a defined boundary following PEP 8 guidelines.
145,10,Verify if sum exceeds threshold,Develop clean and scalable Python code that calculates the total of provided inputs and returns true only when it strictly exceeds the threshold value.
145,11,Verify if sum exceeds threshold,Produce an advanced Python implementation for sum verification against a target limit ensuring memory efficiency and readability.
145,12,Verify if sum exceeds threshold,Compose precise Python instructions to build a utility that checks if numerical summation results in a value greater than the configured threshold.
145,13,Verify if sum exceeds threshold,Construct an enterprise-ready Python module for sum validation against thresholds incorporating docstrings and type hints.
145,14,Verify if sum exceeds threshold,Write concise yet comprehensive Python code to detect if a sequence's total exceeds a threshold with minimal overhead and maximum clarity.
146,0,Test whether value equals zero,Implement a robust and type-annotated Python function that checks if a given value equals zero using an epsilon comparison for floating-point numbers to ensure numerical stability.
146,1,Test whether value equals zero,"Write a production-ready Python utility class with static methods to evaluate whether any input argument is effectively zero, handling integers and floats according to IEEE 754 standards."
146,2,Test whether value equals zero,Create an optimized pure-Python script that accepts multiple arguments via command-line interface or function call and returns a boolean indicating if the primary value equals zero with high precision.
146,3,Test whether value equals zero,Develop a best-practice Python helper module containing a dedicated `is_zero` function designed to safely test values against zero while avoiding floating-point rounding errors in scientific computing contexts.
146,4,Test whether value equals zero,"Generate efficient and readable Python code that defines a generic validator checking if an input is exactly or numerically equal to zero, adhering strictly to PEP 8 guidelines for naming and formatting."
146,5,Test whether value equals zero,Construct a high-performance Python function capable of testing whether complex numbers have both real and imaginary parts effectively equal to zero without raising exceptions on invalid inputs.
146,6,Test whether value equals zero,Write a comprehensive Python solution that includes unit test cases demonstrating the correct behavior when checking if values are zero across different data types including numpy arrays and pandas Series.
146,7,Test whether value equals zero,"Implement an advanced Python utility function using `math.isclose` logic to determine if a value equals zero within acceptable tolerance limits, ensuring it handles edge cases like NaN or infinity gracefully."
146,8,Test whether value equals zero,Produce clean and maintainable Python code that encapsulates the logic for testing zero equality in a reusable decorator pattern applicable across various data processing pipelines.
146,9,Test whether value equals zero,Develop an industrial-strength Python library component specifically designed to evaluate numerical equivalence to zero with configurable tolerance parameters for maximum accuracy and speed.
146,10,Test whether value equals zero,Implement a robust and efficient Python script to test whether a given numeric value equals zero using best practices for input validation and error handling.
146,11,Test whether value equals zero,Write an optimized Python function that checks if the argument is exactly equal to zero while adhering strictly to PEP 8 coding standards.
146,12,Test whether value equals zero,"Create a high-performance utility module containing a method to verify numerical equality with zero, ensuring thread safety and comprehensive documentation."
146,13,Test whether value equals zero,Develop a clean Python solution that evaluates the condition of value equals zero using type hints and static analysis-friendly patterns for maximum code quality.
146,14,Test whether value equals zero,"Generate production-ready Python code to determine if an input is null or equal to zero, focusing on readability, performance optimization, and defensive programming techniques."
147,0,Find condition for negative result,"Implement an efficient and robust Python script to determine conditions under which specific arithmetic operations yield negative results, ensuring all edge cases are handled according to best practices."
147,1,Find condition for negative result,Write a complete Python module that analyzes mathematical expressions and explicitly identifies the logical conditions required for them to evaluate to a negative value with full optimization in mind.
147,2,Find condition for negative result,Create a high-performance Python function using type hints and docstrings that computes scenarios where subtraction or multiplication results are guaranteed to be negative based on input constraints.
147,3,Find condition for negative result,Develop a production-ready Python utility class capable of evaluating complex boolean conditions for negativity across various numeric types while adhering strictly to PEP 8 guidelines.
147,4,Find condition for negative result,Construct an optimized Python solution that generates and validates sets of input parameters satisfying specific criteria resulting in negative outputs without any runtime errors or performance bottlenecks.
147,5,Find condition for negative result,Write a sophisticated Python program that uses symbolic logic to derive necessary and sufficient conditions for achieving negative results from user-defined mathematical functions.
147,6,Find condition for negative result,Produce a clean and maintainable Python script designed to test numerical ranges and report the exact boundary conditions where values transition into negative territory using efficient algorithms.
147,7,Find condition for negative result,"Implement a scalable Python library function that accepts arbitrary operators and mathematical expressions, returning detailed condition sets for potential negativity with maximum code clarity."
147,8,Find condition for negative result,Generate an advanced Python tool that performs static analysis on algebraic structures to pinpoint all variable combinations leading to negative outcomes while maintaining optimal execution speed.
147,9,Find condition for negative result,"Develop a comprehensive and secure Python application module focused on identifying mathematical inequalities where the solution space includes only negative values, fully documented and optimized for large datasets."
147,10,Find condition for negative result,"Implement a robust and type-annotated Python function named 'find_negative_condition' that takes any number of numeric arguments and returns True if at least one argument is negative, otherwise False. Ensure the code uses short-circuit evaluation for performance and adheres strictly to PEP 8 standards."
147,11,Find condition for negative result,Write a highly optimized Python script using list comprehension that accepts an iterable of numbers as input and prints True if any element in the sequence is less than zero. The solution must handle empty inputs gracefully by returning False without raising exceptions.
147,12,Find condition for negative result,"Create a professional-grade Python module containing two functions: one for evaluating negative results in floating-point arrays with NaN handling, and another as a standalone utility that determines if the product of any input numbers is negative. Both must prioritize computational efficiency and follow best practices."
147,13,Find condition for negative result,"Develop an efficient Python generator function called 'negative_checker' that yields True upon detecting the first non-positive number in an infinite stream or large dataset without consuming unnecessary memory, ensuring it handles mixed type inputs by coercing them to float where possible."
147,14,Find condition for negative result,"Draft a concise and readable Python script that defines a class 'NegativeResultFinder' with a static method capable of analyzing lists, sets, or tuples for negative values. The implementation must leverage operator logic for brevity while maintaining full type safety and documentation compliance."
148,0,Confirm both inputs are positive,Implement a robust Python script that prompts for user input and confirms both values are positive integers using strict type validation.
148,1,Confirm both inputs are positive,Write an optimized Python function named verify_positive_inputs that takes two arguments and returns True only if both inputs are strictly greater than zero.
148,2,Confirm both inputs are positive,Develop a professional-grade Python utility to validate positive numeric input for the first and second parameters with comprehensive error handling.
148,3,Confirm both inputs are positive,Create an efficient Python class method called check_both_positive that accepts two inputs and returns a boolean indicating if both are positive numbers.
148,4,Confirm both inputs are positive,Generate high-quality Python code for a function validate_positives that ensures the first argument is >0 and the second argument is >0 before proceeding.
148,5,Confirm both inputs are positive,Produce an optimized Python script to verify user-provided inputs are positive integers with detailed logging of validation failures.
148,6,Confirm both inputs are positive,Write a best-practice Python function get_positive_confirmation that takes two optional parameters and asserts they are both strictly positive values.
148,7,Confirm both inputs are positive,Implement a clean and efficient Python solution to check if the first input is greater than zero and the second input is also greater than zero.
148,8,Confirm both inputs are positive,Develop a production-ready Python module containing a function ensure_both_positive that performs rigorous type checking and value validation.
148,9,Confirm both inputs are positive,Construct an optimized Python utility to evaluate two inputs simultaneously and confirm both satisfy the condition of being positive numbers.
148,10,Confirm both inputs are positive,Implement a robust and efficient Python script that validates whether both provided input arguments are positive numbers using best practices for type checking and error handling.
148,11,Confirm both inputs are positive,"Write a high-quality optimized function in Python that confirms two inputs are strictly greater than zero, ensuring the code adheres to PEP 8 standards and includes comprehensive docstrings."
148,12,Confirm both inputs are positive,Create a production-ready Python module with an entry point script that checks if both input values passed as arguments satisfy the condition of being positive integers or floats without raising exceptions for invalid types.
148,13,Confirm both inputs are positive,"Develop a concise and performant Python utility function dedicated to verifying that two numerical inputs are positive, following modern coding conventions and including inline type hints."
148,14,Confirm both inputs are positive,Generate an optimized Python solution using argument parsing or direct parameter validation to ensure both input variables represent positive numbers while maintaining code readability and efficiency.
149,0,Identify case where product remains true,"Implement an efficient and robust Python script to identify cases where a product remains true based on user-defined conditions, ensuring strict adherence to best practices."
149,1,Identify case where product remains true,Write optimized Python code that detects scenarios preserving the truth value of a specific mathematical product using advanced data structures.
149,2,Identify case where product remains true,"Develop a professional-grade Python solution for identifying instances where a product remains true, focusing on performance and readability standards."
149,3,Identify case where product remains true,"Create a high-quality Python function to analyze conditions under which the truth of a product is maintained, utilizing type hinting and error handling."
149,4,Identify case where product remains true,"Generate an optimized Python program that evaluates logical products for cases where the result remains true, following industry-standard coding guidelines."
149,5,Identify case where product remains true,"Write a comprehensive Python script to identify valid product scenarios while maintaining truth integrity, ensuring maximum execution efficiency."
149,6,Identify case where product remains true,"Implement a precise and scalable Python algorithm for determining when a product remains true, incorporating modular design principles."
149,7,Identify case where product remains true,"Develop a production-ready Python module to detect cases where the truth of a product is preserved, with comprehensive documentation and testing support."
149,8,Identify case where product remains true,"Construct an advanced Python solution for identifying stable product states that remain true, emphasizing clean code architecture and optimization techniques."
149,9,Identify case where product remains true,"Write a top-tier Python program to evaluate conditions where the truth of a product persists, ensuring it meets all requirements for high-quality software development."
149,10,Identify case where product remains true,"Write a robust and high-performance Python script using the pandas library to identify cases where product remains true for boolean matrices or lists of booleans, ensuring code follows PEP 8 standards."
149,11,Identify case where product remains true,"Implement an optimized algorithm in pure Python without external dependencies that determines if all elements in a list produce a 'true' product (non-zero) when multiplied sequentially, with input validation and error handling."
149,12,Identify case where product remains true,"Develop a production-ready module in Python using type hints and docstrings to filter collections of pairs where the product operation yields truthiness, adhering to strict coding standards and best practices."
149,13,Identify case where product remains true,"Create an efficient data processing pipeline that scans through multiple datasets to identify instances satisfying a specific 'true' product condition, using generator expressions for memory efficiency and clean abstraction layers."
149,14,Identify case where product remains true,"Generate comprehensive Python code leveraging NumPy operations to find indices where the element-wise product of input arrays results in boolean truth values, ensuring maximum performance and readability."
150,0,Determine if two numbers are equal,Implement a robust Python script that compares any two numerical values for equality using both `==` and type checking to ensure semantic equivalence.
150,1,Determine if two numbers are equal,"Write an optimized pure-Python function named `are_equal` that takes two arguments of any numeric type and returns True if they are equal, adhering strictly to PEP 8 guidelines."
150,2,Determine if two numbers are equal,Create a high-performance Python utility that safely determines equality between two numbers while handling edge cases such as NaN values for floating-point arithmetic without raising exceptions.
150,3,Determine if two numbers are equal,"Develop a production-ready Python module containing a function to check if two inputs are equal, including comprehensive docstrings and usage examples following best practices."
150,4,Determine if two numbers are equal,Generate efficient Python code that evaluates the equality of two numbers using short-circuit logic and type coercion only when absolutely necessary for correctness.
150,5,Determine if two numbers are equal,"Write a concise yet comprehensive Python solution to compare two numeric arguments for identity or value equality, ensuring it works correctly across all built-in types."
150,6,Determine if two numbers are equal,Construct an advanced Python script that implements the `math.isclose` logic manually if needed but defaults to standard comparison operators for optimal performance and readability.
150,7,Determine if two numbers are equal,"Produce a clean, type-hinted Python function designed specifically to determine numerical equality with minimal overhead and maximum clarity."
150,8,Determine if two numbers are equal,Write a secure and efficient Python program that validates two numbers for equality while preventing potential floating-point precision errors through appropriate comparison strategies.
150,9,Determine if two numbers are equal,"Create a modular Python function to compare two numeric inputs for equality, ensuring the code is fully commented, tested mentally, and optimized for both speed and maintainability."
150,10,Determine if two numbers are equal,"Implement a robust and type-annotated Python script to determine if two numbers are equal, ensuring it handles both integer and floating-point comparisons with appropriate tolerance for floats while adhering to PEP 8 standards."
150,11,Determine if two numbers are equal,"Write an efficient pure-Python function named 'numbers_equal' that accepts any numeric input types (int, float) and returns a boolean indicating equality, optimized for performance in high-frequency numerical comparisons."
150,12,Determine if two numbers are equal,"Develop a production-ready Python utility module containing a class to compare two numbers for equality, featuring edge-case handling for NaN values and explicit type checking, fully documented with docstrings following Google style guides."
150,13,Determine if two numbers are equal,Create a concise yet optimized Python code snippet that checks the equality of two provided numbers using `math.isclose` where appropriate and direct comparison otherwise to ensure numerical accuracy across different data types.
150,14,Determine if two numbers are equal,"Generate a complete Python script with input validation logic to confirm whether two numeric values are identical or effectively equal within standard floating-point tolerances, structured for maximum readability and maintainability."
151,0,Remove duplicate names from list items,Implement an efficient and robust Python script to remove duplicate names from a list while preserving their original order of first appearance.
151,1,Remove duplicate names from list items,Write professional Python code that creates a function taking any iterable as input and returns only unique string elements in the sequence they were encountered.
151,2,Remove duplicate names from list items,Develop an optimized high-quality Python solution to filter out repeated entries from a list of names using set operations for performance.
151,3,Remove duplicate names from list items,Generate complete Python code that iterates through a collection of strings and constructs a new list containing only the first occurrence of each name.
151,4,Remove duplicate names from list items,Create a production-ready Python function to deduplicate a list of names ensuring thread safety if called in concurrent environments.
151,5,Remove duplicate names from list items,Write concise and readable Python code that removes all duplicate values from an input list while maintaining the relative order of items.
151,6,Remove duplicate names from list items,Implement a best-practice Python utility function to extract unique names from a mixed-type list by checking equality against seen elements.
151,7,Remove duplicate names from list items,Produce optimized Python code that processes a large dataset of name strings and returns a compact list with no repetitions using dictionary lookups.
151,8,Remove duplicate names from list items,Develop a comprehensive Python script to handle the removal of duplicate names from user input lists with clear error handling for non-string elements.
151,9,Remove duplicate names from list items,Write advanced Python code utilizing data structures like sets and OrderedDict logic (or equivalent modern alternatives) to ensure unique name extraction with O(n) complexity.
151,10,Remove duplicate names from list items,Write a production-ready Python script using dictionary comprehension to efficiently remove duplicate names from a list while preserving insertion order as per standard data processing best practices. Ensure the code handles edge cases and includes clear variable naming.
151,11,Remove duplicate names from list items,"Implement an optimized function in Python that filters out repeated entries from an input list containing strings representing names, leveraging set operations for performance. The solution must be strictly typed, well-documented with docstrings following PEP 8 standards, and include error handling for non-string inputs."
151,12,Remove duplicate names from list items,"Generate a high-quality Python module that accepts a list of text items and returns a new list containing only unique names. Use the `seen` pattern or set intersection to ensure O(n) time complexity, maintain readability through meaningful function signatures, and adhere to professional software engineering principles."
151,13,Remove duplicate names from list items,"Compose a concise yet robust Python utility function designed specifically for deduplicating name lists in data cleaning workflows. The implementation should prioritize memory efficiency, utilize modern Python features where appropriate, and include type hints alongside comprehensive inline comments explaining the logic flow."
151,14,Remove duplicate names from list items,"Create an enterprise-grade solution to eliminate duplicate strings from a provided list of names by converting it into a set immediately after validating input types. The code must be structured as a standalone script with main execution block, use Python's standard library effectively, and demonstrate clean separation between validation logic and transformation logic."
152,0,Find smallest value inside numeric array,Implement a robust and efficient Python script to find the smallest value within a numeric array using built-in functions.
152,1,Find smallest value inside numeric array,Write optimized Python code that iterates through an input list of numbers to identify and return the minimum element without modifying the original data structure.
152,2,Find smallest value inside numeric array,Create a high-performance function in Python using NumPy or standard libraries to determine the smallest value inside a numeric array with proper error handling for empty inputs.
152,3,Find smallest value inside numeric array,Develop a clean and readable Python program that accepts a list of numbers as input and outputs the minimum value while adhering to PEP 8 coding standards.
152,4,Find smallest value inside numeric array,Generate an optimized Python solution using generator expressions or built-in min() function to extract the smallest numeric element from a provided array efficiently.
152,5,Find smallest value inside numeric array,Write professional-grade Python code that handles edge cases such as negative numbers and floats while finding the minimum value in a numeric collection.
152,6,Find smallest value inside numeric array,Implement a concise and fast Python function to scan through an array of integers or floating-point numbers and return the smallest element found.
152,7,Find smallest value inside numeric array,Construct a production-ready Python script that validates input data types before computing and returning the minimum value from a numeric list.
152,8,Find smallest value inside numeric array,"Develop an efficient algorithm in pure Python to locate the smallest number within an array, ensuring optimal time complexity of O(n)."
152,9,Find smallest value inside numeric array,Write a complete and well-documented Python module that includes logic to find the minimum value inside any numeric sequence with comprehensive type checking.
152,10,Find smallest value inside numeric array,"Implement a robust and efficient Python function to find the smallest value within a numeric array, ensuring it handles empty lists gracefully by returning None or raising an appropriate exception."
152,11,Find smallest value inside numeric array,"Write professional-grade Python code that iterates through a list of numbers to determine the minimum element, optimizing for performance on large datasets while maintaining readability and adhering to PEP 8 standards."
152,12,Find smallest value inside numeric array,Generate complete Python script using only native library functions without external dependencies to identify the lowest numeric value in an input array with error handling for non-numeric elements if necessary.
152,13,Find smallest value inside numeric array,"Develop a high-performance solution in Python that scans a collection of numbers and returns the minimum value, prioritizing space complexity efficiency and code clarity as per industry best practices."
152,14,Find smallest value inside numeric array,"Code an optimized algorithm to extract the smallest number from a given numeric array using built-in constructs, ensuring the solution is type-safe, handles edge cases like negative numbers correctly, and follows strict Python coding standards."
153,0,Sort alphabetic words in descending order,Implement a robust and efficient Python script to sort an input list of alphabetic words in descending alphabetical order using built-in sorting methods.
153,1,Sort alphabetic words in descending order,Write optimized Python code that takes a string or list of lowercase letters as input and returns the same elements sorted from z to a without external dependencies.
153,2,Sort alphabetic words in descending order,Create a high-performance Python function capable of sorting mixed-case alphabetic words in descending order while handling Unicode characters correctly using standard library tools only.
153,3,Sort alphabetic words in descending order,Develop a clean and maintainable Python program that accepts user input for multiple words and outputs them sorted alphabetically in reverse sequence with proper error handling.
153,4,Sort alphabetic words in descending order,Construct an advanced sorting algorithm implementation in pure Python to arrange alphabetic strings from last to first character based on ASCII values ensuring O(n log n) complexity.
153,5,Sort alphabetic words in descending order,Generate a production-ready Python module that includes input validation and sorts provided word lists into descending alphabetical order following all PEP 8 guidelines.
153,6,Sort alphabetic words in descending order,Write concise and scalable Python code to reverse-sort an iterable collection of alphabetic tokens using the native sort method with appropriate key functions if necessary.
153,7,Sort alphabetic words in descending order,Design a secure and performant Python utility that processes large datasets of words and returns them sorted in descending order while minimizing memory footprint.
153,8,Sort alphabetic words in descending order,Produce professional-grade Python code to sort alphabetic strings by length first then alphabetically if lengths match before applying the final reverse alphabetical sort logic.
153,9,Sort alphabetic words in descending order,Execute a comprehensive test suite alongside sorting implementation in Python that verifies descending order output for edge cases including empty lists and single words.
153,10,Sort alphabetic words in descending order,Implement a robust and efficient Python script using only built-in libraries to sort a list of alphabetic words in descending order. The solution must handle mixed-case input by converting all strings to lowercase before sorting while preserving original casing if requested as an optional parameter.
153,11,Sort alphabetic words in descending order,Write a high-performance Python function that takes any iterable of alphabetic words and returns them sorted in reverse alphabetical order. Ensure the code is optimized for large datasets by utilizing efficient sorting algorithms and includes comprehensive input validation to reject non-string elements.
153,12,Sort alphabetic words in descending order,Generate a production-ready Python module containing a class-based solution that sorts alphabetic words in descending order. The implementation should leverage the Timsort algorithm inherent in Python's sort method and include docstrings explaining time complexity O(n log n) for both average and worst cases.
153,13,Sort alphabetic words in descending order,"Create a concise yet professional Python utility function that sorts an input list of strings alphabetically from Z to A. The code must strictly follow PEP 8 guidelines, use type hinting for all parameters and return values, and ensure it handles empty lists gracefully without raising exceptions."
153,14,Sort alphabetic words in descending order,Develop a fully optimized Python script that accepts user input as a list of alphabetic words and outputs the sorted result in descending order. The solution should include error handling for invalid inputs such as numbers or special characters within the word strings while maintaining clean separation between logic and I/O operations.
154,0,Check if element exists within collection,"Implement an efficient and robust Python function that checks if a specific element exists within any given collection type (list, set, tuple), ensuring the code follows PEP 8 standards."
154,1,Check if element exists within collection,Write a production-ready module containing a generic search utility using `any()` and generator expressions to verify element presence in large datasets without loading all items into memory unnecessarily.
154,2,Check if element exists within collection,Create an optimized Python class method that accepts variable-length collections as arguments and returns the existence of a target value with O(n) time complexity where n is the collection size.
154,3,Check if element exists within collection,"Develop a type-annotated function capable of checking for element inclusion across heterogeneous data structures like lists, sets, tuples, and frozensets while handling edge cases such as empty collections or unhashable elements gracefully."
154,4,Check if element exists within collection,Generate a high-performance Python script that utilizes `collections.Counter` for frequency-based existence checks when the input collection may contain duplicate entries requiring precise count validation alongside boolean presence.
154,5,Check if element exists within collection,"Produce a clean and maintainable function using type hints to determine if an item is present in any iterable provided as arguments, ensuring optimal performance for both small and large input sizes."
154,6,Check if element exists within collection,"Write a professional-grade solution that implements the `in` operator pattern within a reusable helper function, including comprehensive docstrings describing usage scenarios and time complexity analysis."
154,7,Check if element exists within collection,"Construct an advanced Python utility library function designed to check element existence in nested structures by flattening inputs first for uniform processing, prioritizing memory efficiency over simplicity."
154,8,Check if element exists within collection,Implement a fast and readable function using `functools.lru_cache` where applicable scenarios to memoize the result of element existence checks across repeated queries on static collections.
154,9,Check if element exists within collection,Draft a comprehensive test suite alongside an implementation script that validates multiple edge cases for element presence detection in Python while adhering strictly to modern coding conventions and best practices.
154,10,Check if element exists within collection,"Implement a robust and production-ready Python utility to check if an element exists within any collection using standard library structures only. The solution must handle lists, sets, tuples, and dictionaries with type safety and include comprehensive error handling for edge cases like None values or unhashable items."
154,11,Check if element exists within collection,"Write a highly optimized Python function that determines element existence across mixed collection types (list, set, dict keys) by leveraging built-in methods efficiently. Ensure the code avoids unnecessary iterations and prioritizes O(1) lookups where applicable while adhering to strict PEP 8 formatting guidelines."
154,12,Check if element exists within collection,"Generate a complete Python script that provides a flexible method for checking element presence in diverse data structures such as lists, sets, tuples, dictionaries, and frozen sets. The implementation must use appropriate iteration techniques based on collection type to ensure maximum performance and readability."
154,13,Check if element exists within collection,"Create an efficient Python class-based solution designed to verify if a target element exists within provided collections (list, set, tuple). Focus on code reusability, proper encapsulation of logic, and include documentation strings explaining the behavior for both hashable and non-hashable elements."
154,14,Check if element exists within collection,"Develop a standalone Python module containing optimized functions to check element existence in various container types. Ensure high performance by selecting the most efficient lookup strategy per collection type (e.g., set vs list), handle exceptions gracefully for invalid inputs, and follow modern best practices."
155,0,Reverse entire sequence without changing data,Implement an efficient reverse sequence algorithm in Python using list slicing without modifying the original data structure.
155,1,Reverse entire sequence without changing data,Write a robust Python script that reverses any iterable input while preserving the order of elements and maintaining immutability where applicable.
155,2,Reverse entire sequence without changing data,Create an optimized function in Python to reverse a sequence using recursion with O(n) time complexity and no extra mutable state changes.
155,3,Reverse entire sequence without changing data,Develop professional-grade Python code that reverses the entire input list or tuple without altering any underlying data values.
155,4,Reverse entire sequence without changing data,Generate a high-performance Python solution to reverse an arbitrary sequence using built-in methods while ensuring zero side effects on source data.
155,5,Reverse entire sequence without changing data,Code a clean and maintainable Python function that returns the reversed version of any iterable without mutating the input object in place.
155,6,Reverse entire sequence without changing data,Construct an advanced Python utility to reverse sequence elements efficiently using generator expressions or list comprehensions for memory optimization.
155,7,Reverse entire sequence without changing data,Write a production-ready Python script that reverses the entire input collection while strictly adhering to best practices regarding data integrity and performance.
155,8,Reverse entire sequence without changing data,"Implement a versatile Python reverse function capable of handling strings, lists, tuples, and other sequences without changing original content."
155,9,Reverse entire sequence without changing data,Provide the most concise yet readable Python code to reverse an entire sequence using standard library tools while guaranteeing data preservation.
155,10,Reverse entire sequence without changing data,Implement an in-place reverse sequence algorithm using only nested loops to ensure O(1) space complexity and optimal time efficiency for any iterable input.
155,11,Reverse entire sequence without changing data,Develop a highly optimized Python function that reverses the order of elements within a list while preserving original data integrity across multiple calls without creating unnecessary copies.
155,12,Reverse entire sequence without changing data,"Create a robust and professional-grade script utilizing slicing syntax to reverse an entire sequence in-place, ensuring maximum execution speed for large datasets."
155,13,Reverse entire sequence without changing data,Write the complete Python code using deque with rotate operations as a high-performance alternative to achieve full sequence reversal while maintaining minimal memory overhead.
155,14,Reverse entire sequence without changing data,"Construct an advanced implementation that reverses any data structure provided (list or tuple) by constructing indices iteratively without mutating intermediate states, adhering strictly to Python best practices for clarity and correctness."
156,0,Sum all positive numbers together quickly,Implement an efficient and robust Python script that sums all positive numbers from a provided list using generator expressions for memory optimization.
156,1,Sum all positive numbers together quickly,Write professional-grade Python code to calculate the total of only positive integers in an input array without modifying the original data structure.
156,2,Sum all positive numbers together quickly,Create a high-performance function that filters and sums positive values from any iterable using list comprehension or generator expressions as appropriate for efficiency.
156,3,Sum all positive numbers together quickly,"Develop a clean Python solution to aggregate all numbers greater than zero in a collection, ensuring the code handles empty inputs gracefully with type safety."
156,4,Sum all positive numbers together quickly,Generate optimized Python logic that iterates through an input sequence and accumulates only positive integers into a single total result variable.
156,5,Sum all positive numbers together quickly,Produce a best-practice Python implementation using the built-in sum() function combined with a generator expression to filter for positive numbers exclusively.
156,6,Sum all positive numbers together quickly,Construct a scalable and readable Python program that computes the aggregate of all strictly positive numeric values from user-defined input lists.
156,7,Sum all positive numbers together quickly,"Write concise and efficient Python code to iterate over an iterable, check for positivity conditions, and return the cumulative sum using functional programming principles."
156,8,Sum all positive numbers together quickly,"Implement a production-ready Python utility function that sums all elements in a sequence where the value is greater than zero, adhering to strict performance benchmarks."
156,9,Sum all positive numbers together quickly,Develop an optimized Python script capable of processing large datasets by summing only positive integers while minimizing memory footprint through lazy evaluation.
156,10,Sum all positive numbers together quickly,"Implement an efficient and robust Python script using list comprehension to calculate the sum of all positive numbers in a given iterable, ensuring strict type checking and PEP 8 compliance."
156,11,Sum all positive numbers together quickly,Write a high-performance pure Python function that filters out non-positive values from an input sequence and returns their cumulative total without using external libraries or unnecessary loops.
156,12,Sum all positive numbers together quickly,Create a production-ready utility module containing a single optimized method to aggregate positive integers from any iterable argument with comprehensive error handling for invalid inputs.
156,13,Sum all positive numbers together quickly,"Develop a concise and readable Python solution that iterates through an input collection once to sum only the values greater than zero, adhering to modern best practices for data processing efficiency."
156,14,Sum all positive numbers together quickly,Generate a fully self-contained Python program with type hints and docstrings that computes the total of positive numbers from user-provided input using generator expressions for memory optimization.
157,0,Identify second highest grade given scores,"Implement an efficient and robust Python script to identify the second highest grade from a list of scores, ensuring duplicate maximum values are handled correctly according to best practices."
157,1,Identify second highest grade given scores,"Write optimized Python code that determines the second highest numeric score in a dataset without sorting errors, adhering strictly to PEP 8 guidelines and professional coding standards."
157,2,Identify second highest grade given scores,Create a high-performance Python function capable of extracting the unique second largest value from user-provided scores with comprehensive error handling for edge cases like insufficient data or duplicate top values.
157,3,Identify second highest grade given scores,"Develop clean and efficient Python logic to find the second highest grade in an array, prioritizing algorithmic performance and code readability as per industry standards."
157,4,Identify second highest grade given scores,"Generate a production-ready Python solution that calculates the second maximum score from a list of grades, avoiding common pitfalls like sorting overhead or incorrect duplicate filtering while maintaining strict type safety."
157,5,Identify second highest grade given scores,Construct an optimized and professional-grade Python program to identify the highest grade excluding duplicates for determining the second rank among scores.
157,6,Identify second highest grade given scores,"Write a concise yet robust Python utility function that returns the second largest integer from a collection of grades, ensuring it handles single-element or all-equal lists gracefully without crashing."
157,7,Identify second highest grade given scores,Implement efficient and readable Python code to extract the penultimate maximum value from a score list using minimal memory footprint while adhering to advanced data processing best practices.
157,8,Identify second highest grade given scores,Produce a high-quality Python script designed to find the second highest grade in a dataset with clear input validation and optimized time complexity suitable for large datasets.
157,9,Identify second highest grade given scores,"Develop a sophisticated Python function that accurately identifies the second distinct maximum score from an iterable of grades, ensuring correctness under various constraints without relying on external libraries."
157,10,Identify second highest grade given scores,"Generate an efficient and scalable Python script using NumPy to identify the second highest grade from a list of scores, ensuring input validation and handling edge cases like duplicate maximum values."
157,11,Identify second highest grade given scores,Implement a PEP 8 compliant pure Python function that returns the second highest integer value from an iterable argument without raising exceptions on empty or single-element inputs.
157,12,Identify second highest grade given scores,Create an optimized algorithmic solution in Python using standard libraries to extract and return the distinct second-highest score from a dataset of student grades with robust error handling for invalid data types.
157,13,Identify second highest grade given scores,"Develop a production-ready class method that computes the second highest grade given a list of numeric scores, incorporating type hints and detailed docstrings according to Google Python Style Guide."
157,14,Identify second highest grade given scores,Write performant code in Python utilizing set operations or sorting heuristics to determine the unique runner-up score from an input array while maintaining O(n) time complexity constraints where feasible.
158,0,Calculate sum of all values,Implement an efficient and readable Python script that computes the sum of all elements in a provided list or iterable object using standard library functions.
158,1,Calculate sum of all values,Develop a robust Python function that takes any sequence as input and returns its total numeric value after handling potential non-numeric types gracefully with type checking.
158,2,Calculate sum of all values,Write high-performance code to calculate the cumulative sum of numbers in an array using generator expressions for memory efficiency and Python best practices.
158,3,Calculate sum of all values,Create a professional utility function that aggregates all values from nested data structures into a single total while preserving type safety and adhering to PEP 8 guidelines.
158,4,Calculate sum of all values,Design an optimized solution in Python that dynamically computes the sum of elements passed as arguments or via variable input without duplicating code logic.
158,5,Calculate sum of all values,Generate a clean and maintainable script to iterate through all provided values and compute their mathematical sum using modern Python constructs like walrus operators if applicable for clarity.
158,6,Calculate sum of all values,Code an error-tolerant module that calculates the total of numeric entries in a dictionary or list while logging warnings for invalid data types before returning the result.
158,7,Calculate sum of all values,Construct a scalable Python algorithm to determine the sum of all numbers in large datasets without loading everything into memory simultaneously using chunked processing techniques.
158,8,Calculate sum of all values,"Produce a concise and idiomatic function that sums up values from multiple input sources (lists, tuples, sets) ensuring the code is future-proof for type evolution."
158,9,Calculate sum of all values,Develop production-grade Python logic to calculate aggregate totals of numerical data points with comprehensive error handling and detailed docstrings explaining edge cases.
158,10,Calculate sum of all values,"Implement a high-performance, memory-efficient script in Python using NumPy to calculate the sum of all numerical values within a multi-dimensional array. The code must follow PEP 8 guidelines and include input validation for non-numeric data."
158,11,Calculate sum of all values,"Write a production-ready class-based solution in Python that computes the total sum of any iterable collection (lists, tuples, sets) while safely handling mixed-type inputs by skipping non-addable elements. Optimize for large datasets using generator expressions where appropriate."
158,12,Calculate sum of all values,"Create a highly optimized function in pure Python without external dependencies that calculates the sum of all integer values stored in a dictionary mapping keys to numeric data, ensuring O(n) time complexity and robust error handling for invalid key-value pairs."
158,13,Calculate sum of all values,"Develop a modular, type-annotated Python utility function that accepts any list of homogeneous or heterogeneous values containing only numbers. Use `functools.reduce` with an accumulator pattern to sum all valid float and int elements while explicitly raising informative exceptions for invalid input types."
158,14,Calculate sum of all values,Construct a scalable Python module that provides multiple static methods to calculate the aggregate sum of values from various data structures including Pandas Series or DataFrames. Ensure the implementation avoids unnecessary intermediate copies and adheres strictly to industry best practices for code clarity.
159,0,Reverse string characters order,"Implement a robust and reusable Python class that reverses the order of characters in any given string input, ensuring it handles Unicode correctly and returns an immutable result."
159,1,Reverse string characters order,Write an optimized pure Python function to reverse the character sequence of a provided string argument with O(n) time complexity and no external dependencies.
159,2,Reverse string characters order,Develop a high-performance script that reads text from standard input or an arbitrary string source and outputs the reversed characters using efficient string slicing techniques in Python.
159,3,Reverse string characters order,Create a comprehensive function to reverse string character order while providing clear error handling for non-string inputs and documenting all parameters following PEP 8 standards.
159,4,Reverse string characters order,Generate professional-grade Python code that utilizes list comprehensions or the built-in reversed() iterator to efficiently transform input strings into their charcter-reversed counterparts.
159,5,Reverse string characters order,"Construct a utility module containing a single function designed specifically for reversing string characters, optimized for use in large-scale text processing pipelines."
159,6,Reverse string characters order,Provide an elegant and readable Python solution that accepts any iterable of characters as input but defaults to treating the argument as a string to reverse its sequence.
159,7,Reverse string characters order,"Write production-ready code for reversing strings in Python using f-string formatting or slice notation where appropriate, ensuring maximum performance on large datasets."
159,8,Reverse string characters order,Implement a flexible function to reverse character order that supports both standard ASCII and extended Unicode characters without data corruption or encoding errors.
159,9,Reverse string characters order,Generate the most efficient Python snippet for reversing string input by leveraging memory-efficient iteration methods and adhering strictly to modern best practices in software engineering.
159,10,Reverse string characters order,Implement a robust and efficient Python script using a lambda expression to reverse the characters in any input string provided by the user.
159,11,Reverse string characters order,"Write professional-grade optimized code that reverses individual words within a sentence while preserving their original order, handling punctuation correctly."
159,12,Reverse string characters order,Create a high-performance Python function using list comprehensions and slicing to reverse the characters of an arbitrary string input.
159,13,Reverse string characters order,Develop a production-ready solution that accepts any Unicode string as input and returns its character-reversed version with full error handling for non-string types.
159,14,Reverse string characters order,Generate concise yet readable Python code that utilizes the built-in reverse iterator protocol to construct a new list containing characters in reversed order from an input sequence.
160,0,Count total letters in text,"Write a robust and efficient Python script to count total letters in any given text string, ensuring it ignores whitespace and punctuation while adhering to best practices for Unicode handling."
160,1,Count total letters in text,Implement an optimized function that calculates the number of alphabetic characters in input text using regular expressions or built-in methods with O(n) time complexity.
160,2,Count total letters in text,"Develop a high-quality Python module containing a pure function to count letters in text strings, designed for performance and including clear docstrings following PEP 8 standards."
160,3,Count total letters in text,"Create a professional-grade Python solution that accurately counts all letter characters (a-z, A-Z) across various input formats while excluding numbers, symbols, and spaces."
160,4,Count total letters in text,Write an advanced Python utility function to compute the total count of letters in text data with support for international character sets using locale-aware methods where appropriate.
160,5,Count total letters in text,Generate a concise and performant Python script that iterates through input characters to tally only those classified as alphabetic based on standard string properties.
160,6,Count total letters in text,Construct a production-ready Python code block for counting letters in text strings that handles edge cases such as empty inputs or non-string types gracefully with type hints included.
160,7,Count total letters in text,Engineer an efficient algorithmic approach to determine the sum of letter counts in provided text using list comprehensions and built-in string methods for clarity and speed.
160,8,Count total letters in text,Produce a clean Python implementation that filters input characters by their category property to count only letters while maintaining high execution efficiency.
160,9,Count total letters in text,Develop a comprehensive Python tool for counting total letters in text inputs with error handling for unexpected data types and optimized logic suitable for large datasets.
160,10,Count total letters in text,Implement a robust and efficient Python script using f-string formatting to count total letters in any given text string while ignoring spaces and punctuation.
160,11,Count total letters in text,Write an optimized pure-Python function that calculates the character count of alphabetic letters only from user input without relying on external libraries like regex or collections.Counter.
160,12,Count total letters in text,Create a high-performance Python utility module containing a class method to accurately tally letter occurrences in text data following PEP 8 coding standards and best practices for string processing.
160,13,Count total letters in text,Develop a concise and readable Python function that filters out non-alphabetic characters from input strings before returning the total count of remaining letters using standard library tools only.
160,14,Count total letters in text,Generate production-ready Python code with type hinting and docstrings to compute the length of alphabetic content in text inputs while ensuring maximum execution speed on large datasets.
161,0,Find longest word inside sentence,Write a robust Python script using list comprehensions to find and return the single longest word from a given input sentence as a string.
161,1,Find longest word inside sentence,Implement an optimized function in Python that takes a sentence containing multiple punctuation marks and returns the length of the longest alphabetic word found within it.
161,2,Find longest word inside sentence,Develop professional-grade Python code using regular expressions to extract words from a messy input string and identify which one has the maximum character count.
161,3,Find longest word inside sentence,"Create a high-performance Python utility that parses any non-empty sentence into individual tokens via split(), filters out whitespace-only strings, and returns the longest token found."
161,4,Find longest word inside sentence,Write an efficient Python solution using max() with a custom key argument to determine the word with the greatest length in a provided string input without importing unnecessary libraries.
161,5,Find longest word inside sentence,Generate clean and maintainable Python code that sanitizes a sentence by removing all non-alphanumeric characters except spaces and then identifies the longest remaining sequence of letters or numbers.
161,6,Find longest word inside sentence,Code a production-ready function in Python using generator expressions to process large sentences efficiently while finding the word with the absolute maximum length.
161,7,Find longest word inside sentence,Construct an advanced Python program that handles edge cases like empty input or single-character words and returns the longest valid substring found within the sentence argument.
161,8,Find longest word inside sentence,Write a concise and readable Python script utilizing string methods such as strip() and isalpha() to isolate meaningful words from text and report the top length winner.
161,9,Find longest word inside sentence,Produce best-practice Python code following PEP 8 guidelines that accepts user input for a sentence via command line arguments and prints out the longest word found inside it.
161,10,Find longest word inside sentence,"Write a robust and complete Python script to find the longest word within any given sentence, ensuring it handles punctuation stripping and case sensitivity appropriately while adhering to strict coding best practices."
161,11,Find longest word inside sentence,"Implement an optimized function that accepts a string input representing a sentence and returns the single longest alphabetic character sequence contained within it using clean, professional Python code."
161,12,Find longest word inside sentence,Develop a production-grade solution in Python to identify the longest word inside a sentence by removing non-alphabetic characters first; ensure the implementation includes comprehensive error handling for empty or malformed inputs.
161,13,Find longest word inside sentence,"Generate efficient and readable Python code that extracts all words from a text string, determines which has the maximum length, and returns it with clear documentation following industry standards."
161,14,Find longest word inside sentence,"Construct a high-quality Python module function designed to parse natural language sentences into individual tokens, filter out non-letters only if desired, isolate the longest token present in the input sentence."
162,0,Check if two strings match exactly,Implement an efficient and robust function in Python to check if two strings match exactly using standard string comparison methods.
162,1,Check if two strings match exactly,Write a production-ready script that compares two input arguments as strings and returns True only if they are identical with no extra whitespace or case differences unless specified.
162,2,Check if two strings match exactly,Create an optimized Python utility function to verify exact string equality between two variables while handling None values gracefully according to best practices.
162,3,Check if two strings match exactly,Develop a clean and maintainable Python code snippet that determines if two provided strings are exactly the same using idiomatic language constructs.
162,4,Check if two strings match exactly,Generate high-performance Python logic for exact string matching suitable for use in data validation pipelines where performance is critical.
162,5,Check if two strings match exactly,Compose a professional-grade Python function that accepts two strings and returns their equality status without any side effects or external dependencies.
162,6,Check if two strings match exactly,"Write an advanced Python solution to compare string literals for exact match, ensuring the code adheres to strict type safety and PEP 8 guidelines."
162,7,Check if two strings match exactly,"Implement a scalable Python function designed to check if two strings are identical exactly, optimized for large-scale text processing tasks."
162,8,Check if two strings match exactly,Produce concise yet comprehensive Python code that evaluates exact string equivalence between two inputs with proper error handling and documentation comments.
162,9,Check if two strings match exactly,Construct a best-practice Python module function for precise string comparison that handles edge cases such as Unicode normalization requirements if applicable.
162,10,Check if two strings match exactly,Implement a robust and efficient Python script to check if two strings match exactly using built-in comparison operators.
162,11,Check if two strings match exactly,"Write high-quality, production-ready code that compares any number of input arguments for exact string equality in a single expression."
162,12,Check if two strings match exactly,"Create an optimized Python function to verify if two user-provided strings are identical, including handling edge cases like None or empty values."
162,13,Check if two strings match exactly,Develop a professional Python solution that performs exact string matching with clear error messaging for invalid inputs and type mismatches.
162,14,Check if two strings match exactly,"Generate concise yet comprehensive Python code to determine if two strings are exactly the same, ensuring performance is optimized for large datasets."
163,0,Swap first letter with last char,Implement an efficient Python script using list comprehension to swap each character's first letter with its last position in any given string input.
163,1,Swap first letter with last char,Write a professional-grade Python function that handles edge cases such as empty strings and single-character inputs while swapping the initial and final characters of a word or sentence.
163,2,Swap first letter with last char,Develop an optimized solution in Python that iterates through a string to replace every first character with the last one without modifying the original input object permanently.
163,3,Swap first letter with last char,Create a high-performance Python utility function utilizing slicing techniques for swapping characters at index zero and length minus one across multiple strings efficiently.
163,4,Swap first letter with last char,Generate robust Python code that validates input constraints before performing the swap operation of first and last letters to prevent runtime errors on malformed data.
163,5,Swap first letter with last char,"Write a clean, documented Python module containing multiple functions for string manipulation focused specifically on reversing only boundary characters rather than full reversal."
163,6,Swap first letter with last char,Produce an optimized Python program capable of processing large text datasets by leveraging generator expressions to swap first and last letters with minimal memory overhead.
163,7,Swap first letter with last char,Construct a comprehensive Python solution that handles Unicode characters correctly when swapping the initial letter of words within mixed-content strings.
163,8,Swap first letter with last char,Develop an advanced Python implementation using f-strings and format specifiers to dynamically construct new strings with swapped boundary letters for user-facing applications.
163,9,Swap first letter with last char,Write a production-ready Python script that encapsulates the swap logic within a reusable class structure including proper type hinting and docstring documentation.
163,10,Swap first letter with last char,"Implement a robust and efficient Python script that swaps the first character with the last character of any given input string, handling both single-character strings correctly by returning them unchanged. The code must use f-strings for formatting, follow PEP 8 standards strictly, include comprehensive docstrings explaining edge cases like empty or one-letter strings, and be optimized for readability."
163,11,Swap first letter with last char,"Write a production-ready Python function that takes any string as input and returns a new string with its first letter exchanged with the last letter. Ensure the solution handles Unicode characters properly, avoids unnecessary type conversions, uses list slicing internally without intermediate variables where possible for performance optimization, and includes inline error handling if non-string types are passed."
163,12,Swap first letter with last char,"Create a high-performance Python utility function that performs a swap operation between the initial character and terminal character of an input string. The implementation should utilize type hinting extensively to enforce correct usage at development time, adhere strictly to modern Python best practices including context managers if file I/O were involved (though not needed here), and return a result immediately without side effects."
163,13,Swap first letter with last char,"Develop a concise yet professional Python code snippet that swaps the first character with the last of any provided string argument. The solution must explicitly validate input types to ensure only strings are processed, handle cases where the string length is less than two by returning an identical copy of the original string, and utilize type annotations for clarity."
163,14,Swap first letter with last char,"Generate a fully optimized Python function designed to exchange the first letter with the last character of any input text. The code must demonstrate best practices in variable naming conventions (snake_case), use expressive comments only when necessary for complex logic explanation, ensure compatibility across all major Python versions, and return early if invalid inputs are detected."
164,0,Remove all spaces from a phrase,Implement an efficient and robust Python script to remove all spaces from a given phrase string using standard library methods only.
164,1,Remove all spaces from a phrase,Write optimized Python code that accepts any input string as a parameter and returns the same string with every whitespace character stripped out completely.
164,2,Remove all spaces from a phrase,Create a professional-grade Python function designed to eliminate all space characters from user-provided text phrases without using external dependencies.
164,3,Remove all spaces from a phrase,Develop high-performance Python code that processes an input phrase and generates output with zero spaces retained anywhere in the resulting string.
164,4,Remove all spaces from a phrase,Formulate a clean and maintainable Python solution to strip out all whitespace characters from any provided text phrase using built-in capabilities.
164,5,Remove all spaces from a phrase,Construct an advanced Python utility that takes a phrase as input and returns the concatenated version of its words with no spaces between them.
164,6,Remove all spaces from a phrase,Generate precise Python code to iterate through characters in a phrase string and reconstruct it excluding all space delimiters for maximum efficiency.
164,7,Remove all spaces from a phrase,Write scalable Python logic that removes every instance of the space character from any input text phrase while adhering strictly to PEP 8 guidelines.
164,8,Remove all spaces from a phrase,Produce concise and effective Python code capable of taking a string argument and returning it with all internal and surrounding spaces completely removed.
164,9,Remove all spaces from a phrase,Engineer a top-tier Python implementation that filters out the space character from any given phrase to ensure continuous text output without gaps.
164,10,Remove all spaces from a phrase,"Implement a robust Python script using list comprehension or string methods to remove all spaces from an input phrase, ensuring it handles Unicode characters correctly and includes error handling for non-string inputs."
164,11,Remove all spaces from a phrase,"Develop a production-ready Python module containing a class method to sanitize text by eliminating all space characters, adhering strictly to PEP 8 guidelines and including comprehensive docstrings."
164,12,Remove all spaces from a phrase,"Construct a complete Python solution using regular expressions or built-in slicing to remove all space delimiters from user-provided phrases, guaranteeing type safety and maximum execution speed."
164,13,Remove all spaces from a phrase,"Implement a robust and efficient Python script using list comprehension to remove all spaces from an input phrase, ensuring it handles Unicode characters correctly and adheres to best practices for readability and performance."
164,14,Remove all spaces from a phrase,"Write optimized production-ready code that takes a string argument containing any number of whitespace characters (spaces, tabs, newlines) and returns the concatenation of non-whitespace characters using Python's regex or built-in methods for maximum efficiency."
165,0,Create new string without vowels,"Implement an efficient and robust Python function named remove_vowels that takes a string as input and returns a new string with all vowels (a, e, i, o, u) removed."
165,1,Create new string without vowels,Write a production-grade Python script using list comprehensions to filter out every vowel character from the provided text while preserving original spacing and case sensitivity.
165,2,Create new string without vowels,Create an optimized pure-Python solution that constructs a new string without any vowels by iterating through characters and checking against a set of lowercase and uppercase vowel definitions.
165,3,Create new string without vowels,Develop a high-performance Python utility function using the str.replace method in a loop or regex pattern matching to strip all instances of 'aeiou' and 'AEIOU' from input text.
165,4,Create new string without vowels,Produce a concise and readable Python code snippet that utilizes string slicing and conditional logic to generate an output containing only consonants from the given input string.
165,5,Create new string without vowels,Write a professional Python function using regular expressions with re.sub to replace all vowel characters with empty strings for maximum performance on large text inputs.
165,6,Create new string without vowels,Implement a comprehensive Python solution that handles edge cases such as None input and unicode vowels while returning the filtered string without any modification errors.
165,7,Create new string without vowels,Generate an efficient Python script using generator expressions to yield characters excluding vowels and then join them into a final result string for memory efficiency.
165,8,Create new string without vowels,Code a best-practice Python function that uses the 'in' operator against a predefined tuple of vowel letters to filter input text cleanly and effectively.
165,9,Create new string without vowels,Construct an optimized Python utility using f-strings within a loop to build a new string devoid of vowels while ensuring strict type safety and PEP 8 compliance.
165,10,Create new string without vowels,"Implement a robust and efficient Python script using list comprehension to create a new string from input without any vowels (both uppercase and lowercase), ensuring it handles edge cases like empty strings correctly."
165,11,Create new string without vowels,"Write optimized professional-grade code that filters out all vowel characters ('a', 'e', 'i', 'o', 'u') from a given string using the `str.translate()` method for maximum performance and readability."
165,12,Create new string without vowels,Develop a clean Python function based on best practices and PEP 8 guidelines that removes all vowels from an input string by iterating through characters with type checking or set membership test.
165,13,Create new string without vowels,Construct a high-performance Python solution using regular expressions to strip every vowel instance from the provided text argument without modifying any other characters in the result.
165,14,Create new string without vowels,"Generate concise and maintainable code that takes a string as input and returns a new version excluding all vowels (a, e, i, o, u), utilizing Pythonic idioms for clarity and execution speed."
166,0,Print length of given input line,"Implement a robust and efficient Python script that prints the length of each input line provided via standard input, handling various whitespace characters correctly."
166,1,Print length of given input line,"Write professional-grade code to read lines from stdin, strip trailing newlines if present but preserve other leading/trailing spaces for accurate character count calculation."
166,2,Print length of given input line,Create a high-performance Python solution that counts characters in every line entered by the user and outputs the results immediately upon completion of input processing.
166,3,Print length of given input line,"Develop an optimized function using `sys.stdin` to process lines sequentially without loading them into memory, ensuring it prints the length for each non-empty or empty line accurately."
166,4,Print length of given input line,Generate best-practice Python code that calculates and displays the number of characters in a given input string while explicitly excluding newline delimiters from the count.
166,5,Print length of given input line,Write clean and maintainable Python logic to accept multiline text as input and output the character length for each distinct line separated by newlines.
166,6,Print length of given input line,Produce a compact yet readable Python program that iterates over standard input lines and appends their respective lengths to an output stream efficiently.
166,7,Print length of given input line,Design a production-ready script using `enumerate` or list comprehension logic to parse user-provided text blocks and print the length of every line found.
166,8,Print length of given input line,"Formulate an efficient Python algorithm that reads from stdin until EOF, strips only universal newlines for processing but counts all other characters including tabs."
166,9,Print length of given input line,Write a complete and optimized Python solution utilizing `sys.stdin_iter` to handle large volumes of input lines while calculating and printing the exact character length per line.
166,10,Print length of given input line,"Generate a robust and production-ready Python script that reads an input line from standard input and prints its character length, ensuring proper error handling for empty lines and non-string types."
166,11,Print length of given input line,Implement the most efficient function to calculate print length of given input line using built-in string methods without unnecessary loops or intermediate data structures.
166,12,Print length of given input line,"Write a complete Python solution that accepts any valid text input, validates it as a sequence of characters, and returns the precise count while adhering to strict type safety and performance benchmarks."
166,13,Print length of given input line,Create an optimized utility function in professional-grade Python code that measures print length of given input line with minimal overhead and maximum readability following PEP 8 guidelines.
166,14,Print length of given input line,"Develop a high-performance script to determine the character count of provided input lines, handling edge cases like whitespace-only strings gracefully while maintaining clean architectural design patterns."
167,0,Replace every space with underscore sign,Implement an efficient and robust Python script that replaces all space characters with underscores in a given string using best practices.
167,1,Replace every space with underscore sign,Write professional-grade Python code to convert spaces into underscore signs across multiple input strings without performance degradation.
167,2,Replace every space with underscore sign,Create an optimized function that substitutes every space with the character '_' in a string while adhering to strict PEP 8 guidelines.
167,3,Replace every space with underscore sign,Develop a high-quality Python solution using list comprehension or built-in methods to replace all occurrences of spaces with underscores.
167,4,Replace every space with underscore sign,Generate clean and maintainable Python code that performs the string replacement operation from space to underscore for any input length.
167,5,Replace every space with underscore sign,Write a production-ready Python utility function designed specifically to swap every whitespace character with an underscore sign.
167,6,Replace every space with underscore sign,Construct a fast and reliable Python script that handles the conversion of spaces to underscores efficiently for large datasets.
167,7,Replace every space with underscore sign,Implement a concise yet comprehensive Python method using regular expressions or standard string methods to replace all space characters with underscores.
167,8,Replace every space with underscore sign,Produce an advanced Python code snippet that ensures every single space in the input text is replaced by an underscore sign accurately.
167,9,Replace every space with underscore sign,Develop a scalable and well-documented Python function for replacing all spaces with underscores following industry-standard coding conventions.
167,10,Replace every space with underscore sign,Implement an efficient and robust Python script using f-string formatting to replace all space characters with underscores in a provided string while strictly adhering to PEP 8 coding guidelines.
167,11,Replace every space with underscore sign,Write a high-performance function that iterates through the input text and substitutes every whitespace character sequence for an underscore without any external dependencies or runtime errors.
167,12,Replace every space with underscore sign,Develop optimized Python code that uses regular expressions to find all occurrences of spaces in a string and systematically replace them with underscores across different edge cases.
167,13,Replace every space with underscore sign,Construct a production-ready utility function using the built-in str.replace method designed for bulk text processing where every space must be converted into an underscore sign safely.
167,14,Replace every space with underscore sign,Create a clean and readable Python solution that applies universal string translation to swap out all empty white spaces with underscores ensuring maximum readability.
168,0,Identify second to last character index,"Implement an efficient and robust Python script to find the index of the second-to-last character in any given non-empty string, ensuring it handles edge cases like single-character strings gracefully by returning -1."
168,1,Identify second to last character index,Write a high-performance Python function that accepts a string as input and returns the zero-based index of its penultimate character using optimized slicing or length calculation techniques without unnecessary overhead.
168,2,Identify second to last character index,"Create a production-ready Python module containing a method to determine the position of the second last element in an iterable sequence, with comprehensive type hinting and docstrings following PEP 8 standards."
168,3,Identify second to last character index,"Develop a concise yet readable Python utility that calculates the index of the character preceding the final one in a string input, prioritizing code clarity and execution speed for large datasets."
168,4,Identify second to last character index,"Generate an optimized Python solution to retrieve the second-to-last character's index from user-provided text data, including error handling for empty inputs and adherence to modern Python best practices."
168,5,Identify second to last character index,"Construct a specialized Python function that identifies the index of the penultimate item in any sequence type (string or list), ensuring maximum efficiency through vectorized operations where applicable."
168,6,Identify second to last character index,"Produce a clean and maintainable Python script dedicated to finding the numerical index of the second last character within an input string, utilizing standard library functions for optimal performance."
168,7,Identify second to last character index,"Write a scalable Python algorithm that computes the position of the second-to-last element in a collection, featuring clear logic flow and minimal computational complexity suitable for high-throughput applications."
168,8,Identify second to last character index,"Implement a precise Python function to extract the index of the character immediately before the last one from any non-empty string input, with strict validation against empty or null inputs."
168,9,Identify second to last character index,"Design an advanced Python utility for determining the second-to-last element's index across various data structures, emphasizing code reusability, performance optimization, and comprehensive error management."
168,10,Identify second to last character index,"Implement an efficient and robust Python script to find the index of the second-to-last character in a given string, ensuring it handles empty strings gracefully while adhering to PEP 8 standards."
168,11,Identify second to last character index,"Write professional-grade optimized code that accepts any iterable input and returns the negative two position index using zero-based indexing, with comprehensive error handling for edge cases."
168,12,Identify second to last character index,Create a high-performance Python function to identify the second-to-last element's index in an array or string object following best practices for memory efficiency and readability.
168,13,Identify second to last character index,"Develop a clean and maintainable Python utility that calculates the length of input data minus one to obtain the target character index, including docstrings and type hints as per industry standards."
168,14,Identify second to last character index,"Generate an optimized Python solution for locating the second to last item's position in a sequence, ensuring it validates input types rigorously before execution without raising unhandled exceptions."
169,0,Add two simple quantities together,"Implement a robust Python script using type hints and docstrings to add two simple quantities together, ensuring input validation for numeric types."
169,1,Add two simple quantities together,Write an optimized function in Python that accepts any two numeric inputs (int or float) and returns their sum with appropriate precision handling.
169,2,Add two simple quantities together,Create a production-ready class named 'QuantityAdder' that encapsulates the logic to add two simple quantities together using best practices for error handling.
169,3,Add two simple quantities together,Develop a high-performance Python utility function designed specifically for summing two numerical values with minimal overhead and maximum readability.
169,4,Add two simple quantities together,Generate a clean and efficient Python module that defines an adder class supporting both integer and floating-point arithmetic operations.
169,5,Add two simple quantities together,Write a comprehensive Python solution using the dataclasses library to represent two quantities and provide a method for their addition with full type safety.
169,6,Add two simple quantities together,Implement a secure and scalable Python function that calculates the sum of two inputs while handling edge cases like zero or negative numbers gracefully.
169,7,Add two simple quantities together,Construct an advanced Python script utilizing static analysis compatibility to add two simple quantities with comprehensive inline documentation.
169,8,Add two simple quantities together,Produce a concise and efficient Python implementation of the sum operation for two values that adheres strictly to modern PEP standards and performance benchmarks.
169,9,Add two simple quantities together,Develop a feature-rich Python tool using type annotations and exception handling to reliably add together any pair of simple numerical quantities provided by the user.
169,10,Add two simple quantities together,"Implement an efficient and robust Python script that adds two quantities (numbers or strings representing numbers), ensuring type safety with exception handling for invalid inputs, following all PEP 8 guidelines."
169,11,Add two simple quantities together,"Write a professional-grade function in Python using the `typing` module to strictly validate and add two numeric quantities, including comprehensive error messages and optimal performance characteristics."
169,12,Add two simple quantities together,"Create an optimized standalone executable script that calculates the sum of two simple quantities with input validation, adhering to modern Python best practices for readability and maintainability."
169,13,Add two simple quantities together,"Develop a high-quality Python utility function capable of adding any two compatible quantitative types (int or float) while gracefully handling edge cases such as division by zero in denominators if fractions were used, strictly following coding standards."
169,14,Add two simple quantities together,Generate a production-ready code block using Python that performs the summation of two quantities with extensive documentation strings (docstrings) and input validation to ensure maximum safety and efficiency.
170,0,Subtract one value from another,Implement an efficient and robust Python function using list comprehension to subtract one numeric value from another within a collection of numbers.
170,1,Subtract one value from another,Write optimized production-ready code that safely handles type coercion errors when performing arithmetic subtraction between two variables in Python.
170,2,Subtract one value from another,Generate clean and well-documented PEP 8 compliant code for a reusable class method designed to compute the difference between any two numeric inputs with input validation.
170,3,Subtract one value from another,Create a high-performance Python utility function that subtracts one float or integer from another while ensuring maximum numerical precision using standard libraries.
170,4,Subtract one value from another,Develop scalable and type-annotated Python code for an operation that takes two arguments of mixed data types (int/float) and returns the absolute difference correctly.
170,5,Subtract one value from another,Compose a concise yet readable Python script using the walrus operator to store results while calculating the subtraction of one value from another in real-time processing pipelines.
170,6,Subtract one value from another,Write defensive programming code for an arithmetic operation that subtracts two values and includes comprehensive error handling for non-numeric or incompatible inputs.
170,7,Subtract one value from another,Implement a modular Python function leveraging the math module to handle edge cases in subtraction logic while maintaining optimal execution speed on large datasets.
170,8,Subtract one value from another,Construct advanced code utilizing static type checking principles and docstrings for clarity when performing dynamic value subtraction across different data structures in Python.
170,9,Subtract one value from another,Produce a fully optimized generic function capable of subtracting any scalar values from a container object while minimizing memory footprint and maximizing runtime efficiency.
170,10,Subtract one value from another,"Implement a robust and memory-efficient Python script that subtracts one value from another using built-in operators, ensuring input validation for non-numeric data according to PEP 8 standards."
170,11,Subtract one value from another,Create an optimized function in pure Python that accepts two numeric arguments and returns their difference without printing side effects or external dependencies.
170,12,Subtract one value from another,Develop a type-annotated utility class method for subtracting values where the code handles edge cases like integers and floats correctly while adhering to industry best practices.
170,13,Subtract one value from another,"Implement a robust and type-annotated Python script that subtracts one numeric value from another using operator overloading or built-in arithmetic, ensuring input validation for non-numeric types and handling of edge cases like floating-point precision."
170,14,Subtract one value from another,"Write an optimized pure-Python function to compute the difference between two values with support for both integers and floats, including comprehensive error handling and adherence to PEP 8 coding standards without using external libraries."
171,0,Multiply two given amounts,"Write a robust Python script with type hints and input validation to multiply any two numeric values (int or float), handling edge cases like zero correctly using best practices."
171,1,Multiply two given amounts,"Implement an optimized pure-Python function that takes two integers as arguments and returns their product, ensuring the code adheres strictly to PEP 8 guidelines for readability."
171,2,Multiply two given amounts,Create a high-performance Python utility that multiplies two numbers efficiently while automatically determining if they are numeric or raising an appropriate error otherwise.
171,3,Multiply two given amounts,Develop a complete Python solution for multiplying two amounts that includes docstrings explaining the math operation and handles both integer and decimal inputs seamlessly.
171,4,Multiply two given amounts,"Write professional-grade Python code to multiply user-provided quantities using type promotion where necessary, ensuring maximum performance on large numeric datasets without external libraries."
171,5,Multiply two given amounts,Generate a concise and efficient Python function that accepts two operands of mixed types (int/float) and returns their product with proper error handling for non-numeric inputs.
171,6,Multiply two given amounts,Provide an advanced Python implementation to multiply numerical values featuring comprehensive unit testing examples embedded within the code structure following industry standards.
171,7,Multiply two given amounts,Construct a production-ready Python module that calculates the product of two amounts with explicit return types and detailed logging capabilities for debugging large-scale arithmetic operations.
171,8,Multiply two given amounts,"Draft an efficient algorithm in Python to multiply two given numbers using arbitrary precision logic when required, ensuring accuracy across all numeric ranges including very large integers."
171,9,Multiply two given amounts,Write a clean and maintainable Python script for multiplying input values that gracefully handles floating-point arithmetic issues and returns results with minimal memory overhead.
171,10,Multiply two given amounts,"Implement a robust and type-annotated Python script that multiplies two numeric inputs using the built-in multiplication operator, ensuring it handles both integers and floats while validating input types."
171,11,Multiply two given amounts,"Write an optimized pure-Python function to multiply any two given amounts without external dependencies, including error handling for non-numeric inputs and comprehensive docstrings following Google style guide."
171,12,Multiply two given amounts,"Create a high-performance Python utility class with static methods that compute the product of two monetary values, incorporating decimal precision logic to avoid floating-point arithmetic errors."
171,13,Multiply two given amounts,"Develop a production-ready Python module containing a factory function for multiplying amounts, featuring input validation via regex or type checking and extensive logging capabilities using the standard library."
171,14,Multiply two given amounts,"Generate an efficient and maintainable Python script that accepts two arguments representing monetary values, performs multiplication with proper decimal handling, and outputs a formatted result string adhering to PEP 8 conventions."
172,0,Divide one total by another,Write an optimized Python function that accepts two arguments representing totals and returns the quotient using integer or float arithmetic as appropriate.
172,1,Divide one total by another,Develop a production-ready Python class that encapsulates logic to safely divide one total by another while logging operations and raising specific exceptions.
172,2,Divide one total by another,Generate a concise and performant Python snippet that calculates the ratio of one total divided by another with support for both integer and floating-point inputs.
172,3,Divide one total by another,Write a specialized Python script designed to handle edge cases in division calculations between two numeric totals with maximum efficiency.
172,4,Divide one total by another,Develop a secure and scalable Python utility to perform division of totals with extensive input sanitization and output formatting capabilities.
172,5,Divide one total by another,"Write a complete, robust Python script that prompts the user to input two numbers and then divides the first number by the second. Handle potential division-by-zero errors gracefully using try-except blocks."
172,6,Divide one total by another,Implement an optimized function named `divide_two_numbers` that accepts two floating-point numbers and returns their quotient. Include comprehensive error handling for non-numeric inputs.
172,7,Divide one total by another,"Develop a class named `RatioCalculator` with a method `calculate_division(numerator, denominator)` that performs the division and raises a custom exception if the denominator is zero. Ensure the code is highly readable and follows object-oriented principles."
172,8,Divide one total by another,"Write an efficient Python function using the `math` module to calculate the division of two large integers, ensuring the result is handled as a float, and include docstrings explaining the function's purpose and parameters."
172,9,Divide one total by another,Create a command-line interface (CLI) script using the `argparse` module that accepts two numerical arguments from the command line and prints the result of dividing the first argument by the second.
172,10,Divide one total by another,Implement a decorator function that wraps a division operation. The decorator must automatically catch `ZeroDivisionError` and return a specific error message instead of raising the exception.
172,11,Divide one total by another,Write a pure Python function to calculate the result of dividing two arbitrary numbers (integers or floats) and return a tuple containing the result and an error flag indicating if division by zero occurred.
172,12,Divide one total by another,"Design and implement a simple calculator module where the core function is `divide(a, b)`, which returns the quotient only if $b 
eq 0$. Use type hinting extensively for clarity and correctness."
172,13,Divide one total by another,"Write an optimized script that reads two numbers from standard input, performs the division, and prints the result formatted to exactly six decimal places. Assume valid numeric input is provided by the user."
172,14,Divide one total by another,"Develop a testable unit test suite using `unittest` for a function that divides two numbers, ensuring tests cover successful division and the specific case of division by zero."
173,0,Find the sum of three items,Implement an efficient and robust Python script that computes the sum of three numeric items using a type-safe approach with input validation.
173,1,Find the sum of three items,"Write professional-grade Python code to calculate the total of three values provided as arguments, ensuring optimal performance for large datasets."
173,2,Find the sum of three items,"Create a high-quality function in Python that accepts exactly three items and returns their sum, adhering strictly to PEP 8 coding standards."
173,3,Find the sum of three items,Develop an optimized Python solution for finding the aggregate of three numbers with comprehensive error handling and input sanitization.
173,4,Find the sum of three items,Generate a clean and maintainable Python program that sums up three elements from any iterable container while maintaining type safety.
173,5,Find the sum of three items,Produce an advanced Python implementation for calculating the sum of three items using functional programming principles with maximum efficiency.
173,6,Find the sum of three items,"Write a production-ready Python module that computes the total of three inputs, featuring docstrings and extensive inline comments explaining logic flow."
173,7,Find the sum of three items,Construct an optimized Python utility function to determine the sum of three values with automatic type coercion for integer or float types.
173,8,Find the sum of three items,Develop a secure and scalable Python script that aggregates three data points into their total sum using best practices for memory management.
173,9,Find the sum of three items,Implement a precise Python algorithm to find the sum of three items with rigorous input validation against non-numeric types and edge cases.
173,10,Find the sum of three items,Implement an efficient and robust Python script that computes the sum of three numeric items using type hints and input validation to handle edge cases like non-numeric inputs gracefully.
173,11,Find the sum of three items,"Create an optimized Python utility that accepts exactly three arguments, validates their types implicitly through addition logic, and returns the sum with comprehensive error handling for invalid data structures."
173,12,Find the sum of three items,"Develop a production-ready Python module containing a function to find the sum of three items, ensuring it supports both integer and float inputs while following best practices for input sanitization and output formatting."
173,13,Find the sum of three items,"Generate concise yet professional Python code that calculates the aggregate value of three provided numbers, utilizing type annotations and docstrings to document functionality clearly and efficiently."
173,14,Find the sum of three items,"Implement an efficient and robust Python script using list comprehension or generator expressions to calculate the sum of three numeric items provided as arguments, ensuring type validation for non-numeric inputs and adhering strictly to PEP 8 coding standards."
174,0,Calculate the difference between values,Implement an efficient and robust Python script that computes the difference between any given list of numeric values using a single expression per element.
174,1,Calculate the difference between values,Write professional-grade Python code to calculate the absolute difference between two floating-point numbers with high precision handling.
174,2,Calculate the difference between values,Create an optimized function in Python that determines the maximum and minimum differences within a dataset of integers without using external libraries.
174,3,Calculate the difference between values,Develop a clean and maintainable Python module to compute pairwise differences between elements of two parallel lists with error handling for mismatched lengths.
174,4,Calculate the difference between values,Generate high-performance Python code that calculates the difference between cumulative sums of two sequences using NumPy where applicable or pure Python otherwise.
174,5,Calculate the difference between values,Write a comprehensive Python utility function to find all unique differences between elements in an array while adhering to strict type safety and performance benchmarks.
174,6,Calculate the difference between values,Implement a scalable Python solution for calculating the difference ratio between two time-series datasets with automatic outlier detection logic included.
174,7,Calculate the difference between values,Construct an advanced Python script that computes element-wise differences between matrices of varying dimensions using vectorized operations when possible.
174,8,Calculate the difference between values,Develop a production-ready Python class to manage and calculate dynamic value differences with support for custom comparison operators and logging integration.
174,9,Calculate the difference between values,Write an ultra-efficient Python algorithm that calculates the difference between sorted subarrays of input data ensuring O(n log n) time complexity.
174,10,Calculate the difference between values,Implement an efficient and robust Python script using list comprehensions to calculate the difference between corresponding elements in two lists of equal length. Ensure type safety with assertions and handle edge cases like empty inputs.
174,11,Calculate the difference between values,"Write a professional-grade Python function that computes the element-wise difference between any number of input sequences using numpy for performance optimization where applicable, adhering to strict PEP 8 guidelines."
174,12,Calculate the difference between values,"Create a high-performance Python utility module containing a class-based solution for calculating differences between two data structures, including validation logic and support for both numeric types and pandas Series objects."
174,13,Calculate the difference between values,"Develop an optimized pure-Python function to determine the difference set or element-wise subtraction of two lists, ensuring memory efficiency by avoiding intermediate large object creation when possible."
174,14,Calculate the difference between values,"Generate a production-ready Python code snippet that calculates differences between values with comprehensive error handling for mismatched lengths and unsupported types, following modern best practices in software engineering."
175,0,Determine the product of numbers,"Implement an efficient and robust Python script to calculate the product of all numbers in a given list using recursion or iteration, ensuring it handles empty lists gracefully without raising errors."
175,1,Determine the product of numbers,"Write a high-performance Python function that accepts variable arguments (args) representing integers and returns their cumulative product, optimized for large datasets to avoid performance bottlenecks."
175,2,Determine the product of numbers,"Create an advanced Python utility class with methods to compute the product of floating-point numbers in a sequence, including support for zero values that should result in zero rather than NaN or errors."
175,3,Determine the product of numbers,Develop a production-ready Python module containing a function to determine the multiplicative identity and total product of an iterable collection of integers with comprehensive input validation.
175,4,Determine the product of numbers,"Construct a memory-efficient Python generator that yields intermediate products while computing the final result for large sequences of numbers, adhering to best practices for resource management."
175,5,Determine the product of numbers,"Write a concise and readable Python function using `functools.reduce` to find the product of elements in an input array, ensuring it includes type hints and docstrings following PEP 8 standards."
175,6,Determine the product of numbers,Generate a comprehensive Python script that calculates the factorial of non-negative integers (as a specific case of number products) with error handling for negative inputs and optimized arithmetic operations.
175,7,Determine the product of numbers,Implement an object-oriented solution in Python where a `NumberProductCalculator` class computes the product of numbers from different data sources like lists or NumPy arrays efficiently.
175,8,Determine the product of numbers,"Produce a standalone Python program that reads integers from standard input and outputs their mathematical product, featuring robust exception handling for non-numeric inputs."
175,9,Determine the product of numbers,"Design an optimized Python function capable of computing the product of numbers in parallel using multiprocessing if available, otherwise falling back to a single-threaded loop for maximum speed on large datasets."
175,10,Determine the product of numbers,"Create a robust and efficient Python script with input validation to calculate the product of all numbers in a user-provided list or sequence, ensuring no errors occur on invalid data types."
175,11,Determine the product of numbers,Implement an optimized Python function using `functools.reduce` that computes the multiplicative identity and aggregate result for any iterable of numeric values with proper edge case handling.
175,12,Determine the product of numbers,"Write a production-ready class in Python named 'ProductCalculator' featuring type hinting, docstrings, error logging, and thread-safe methods to determine array products at scale."
175,13,Determine the product of numbers,Develop a high-performance numpy-based utility function designed to handle large numerical datasets when calculating the cumulative product of elements within specific sub-arrays.
175,14,Determine the product of numbers,"Generate a comprehensive Python module containing multiple calculation strategies (iterative loop and recursion) for number multiplication, including performance benchmarks and unit tests."
176,0,Check if two values are equal,"Implement a robust and type-annotated Python function to check if two values are equal, handling both primitives and containers safely without raising exceptions on unhashable types."
176,1,Check if two values are equal,"Write an optimized Python script that compares two arbitrary objects for equality using the `is` operator where appropriate and `==` otherwise, adhering to strict performance guidelines."
176,2,Check if two values are equal,Create a production-ready utility function in Python that evaluates equality between inputs while explicitly ignoring case sensitivity if either input is a string.
176,3,Check if two values are equal,"Develop an efficient and readable Python method to determine value equivalence for any data type, ensuring the code includes comprehensive inline documentation following Google style guides."
176,4,Check if two values are equal,Construct a high-performance equality checker in Python that handles nested structures recursively while maintaining O(1) complexity for primitive comparisons where possible.
176,5,Check if two values are equal,"Write a secure and validated Python function to compare two inputs for equality, including input validation checks to ensure neither argument is None or of unsupported type."
176,6,Check if two values are equal,"Produce an elegant and concise Python implementation that returns a boolean indicating whether the first value matches the second, optimized for use in large-scale data processing pipelines."
176,7,Check if two values are equal,"Design a flexible equality comparison tool in Python capable of handling mixed types by attempting conversion before comparison, with clear error messages if conversion fails."
176,8,Check if two values are equal,Generate a best-practice Python library function for checking value equality that supports custom comparators as optional arguments and follows strict type hinting conventions.
176,9,Check if two values are equal,"Write an advanced Python script to verify if two values are identical, incorporating edge case handling for NaN numbers in floating-point arithmetic while maintaining code clarity."
176,10,Check if two values are equal,Implement a robust and type-annotated Python function named 'are_values_equal' that accepts any comparable objects as arguments and returns True if they are equal using the identity operator for immutable types or value comparison otherwise.
176,11,Check if two values are equal,"Write an optimized Python script containing a class-based solution to check equality between two inputs, ensuring it handles edge cases like None values and different data structures efficiently while adhering to PEP 8 guidelines."
176,12,Check if two values are equal,"Create a high-performance Python utility function that compares two arbitrary objects for equality with minimal overhead, including support for custom comparison logic via an optional callback parameter if specified by the user."
176,13,Check if two values are equal,Develop a production-ready Python module exposing a single exported constant 'check_equality' which safely evaluates whether two provided arguments are identical without raising exceptions on non-comparable types unless explicitly configured.
176,14,Check if two values are equal,"Generate a concise and readable Python function that determines if two values match exactly, utilizing the built-in comparison operators for standard types while providing clear documentation strings explaining usage scenarios."
177,0,Compare two input results,"Implement an efficient and robust Python script that compares two input results by calculating their difference, absolute value, and percentage error using best practices for numerical stability."
177,1,Compare two input results,"Write a production-ready Python function to compare two floating-point inputs with configurable tolerance levels, ensuring the code handles edge cases like NaN or infinity gracefully."
177,2,Compare two input results,"Create an optimized Python utility that accepts any hashable input results and returns a detailed comparison report including equality check, type mismatch detection, and value deviation metrics."
177,3,Compare two input results,Develop a high-performance Python module to compare two data structures (lists or dictionaries) for structural equivalence while ignoring specific metadata fields defined in the configuration dictionary.
177,4,Compare two input results,Construct a scalable and maintainable Python class that encapsulates logic for comparing arbitrary input results with support for custom comparison operators and logging of discrepancies.
177,5,Compare two input results,Write a concise yet comprehensive Python function to compare two inputs using the 'math.isclose' standard while adding additional validation steps for type safety and data integrity checks.
177,6,Compare two input results,Generate an advanced Python solution that compares two input results by analyzing statistical properties such as mean difference and variance when dealing with large datasets or arrays.
177,7,Compare two input results,"Implement a secure and efficient Python script to compare user-provided input results against expected values, including automatic error handling for malformed inputs and strict type validation."
177,8,Compare two input results,"Design an extensible Python framework component that compares two input results with support for multiple comparison strategies (exact match, fuzzy match, structural diff) via a factory pattern."
177,9,Compare two input results,Produce a clean and optimized Python function to compare two inputs by returning both boolean status flags and descriptive messages detailing the nature of any differences found between them.
177,10,Compare two input results,"Implement a robust and type-annotated Python script that accepts two input results as arguments and returns their comprehensive comparison including equality check, difference calculation, and summary statistics using best practices."
177,11,Compare two input results,"Write an optimized Python function with docstrings and error handling to compare any valid data types provided in the first and second input result parameters, adhering strictly to PEP 8 standards."
177,12,Compare two input results,"Create a production-ready Python module containing two distinct comparison functions for user-provided results that utilize modern type hints, logical operators, and efficient memory usage patterns."
177,13,Compare two input results,"Develop an advanced Python utility class with static methods to analyze the relationship between two input result instances, ensuring thread safety and maximum performance through algorithmic optimization."
177,14,Compare two input results,Compose a concise yet feature-rich Python program that parses two arbitrary input results into comparable objects and generates detailed output on their similarities and discrepancies following industry best practices.
178,0,Find the average of several figures,Implement an efficient and robust Python script to calculate the average of multiple numeric figures using a list comprehension and type validation.
178,1,Find the average of several figures,Write a professional-grade function in Python that computes the arithmetic mean of several numbers with input error handling for non-numeric data.
178,2,Find the average of several figures,"Create an optimized Python solution to find the average of a sequence of figures, ensuring it handles empty lists gracefully and follows PEP 8 guidelines."
178,3,Find the average of several figures,Develop a high-performance Python utility function that calculates the mean value from several input numbers using `sum()` and `len()`. Ensure type hints are included.
178,4,Find the average of several figures,"Write a clean and secure Python program to determine the average of several figures, including validation for zero-length lists and explicit return types."
178,5,Find the average of several figures,Generate an advanced Python function that computes the average of multiple numeric inputs with comprehensive error checking and documentation strings.
178,6,Find the average of several figures,Implement a best-practice Python script to calculate the mean of several figures using `statistics.mean()` while providing fallback logic for invalid input types.
178,7,Find the average of several figures,"Write an efficient and readable Python function that finds the average of several numbers, ensuring it handles edge cases like all zeros or negative values correctly."
178,8,Find the average of several figures,Create a production-ready Python module to compute the average of multiple figures with input sanitization and clear exception handling for type mismatches.
178,9,Find the average of several figures,"Develop an optimized Python function that calculates the arithmetic mean of several numeric inputs, adhering strictly to coding standards and including docstrings."
178,10,Find the average of several figures,Implement a robust and efficient Python script to calculate the average of multiple numeric figures using list comprehension and type validation.
178,11,Find the average of several figures,Write professional-grade Python code that computes the arithmetic mean of several input values with comprehensive error handling for non-numeric data.
178,12,Find the average of several figures,"Create an optimized function in Python to find the average of a list of numbers, ensuring it handles empty lists gracefully and adheres to PEP 8 guidelines."
178,13,Find the average of several figures,Develop a high-performance Python utility that accepts multiple figures as arguments or from an iterable and returns their calculated average with input sanitization.
178,14,Find the average of several figures,"Generate complete, production-ready Python code to determine the mean of several numerical inputs using the statistics module while maintaining clean structure."
179,0,Calculate the total sum easily,Implement an efficient and robust Python script that accepts multiple numbers as input arguments and returns their total sum using a generator expression to ensure memory efficiency.
179,1,Calculate the total sum easily,Write professional-grade Python code containing a function named calculate_total_sum that takes any iterable of numeric values and computes the aggregate sum with type validation for safety.
179,2,Calculate the total sum easily,Create an optimized Python utility module featuring a high-performance summation algorithm capable of handling large datasets without performance degradation or memory leaks.
179,3,Calculate the total sum easily,Develop a complete and production-ready Python solution that calculates the sum of elements in a list using built-in functions while adhering to strict PEP 8 coding standards.
179,4,Calculate the total sum easily,"Generate concise yet comprehensive Python code for computing the total sum of numerical inputs, including input sanitization logic and error handling for non-numeric types."
179,5,Calculate the total sum easily,"Produce a well-documented Python function that iterates through an array to calculate the cumulative sum, ensuring it is scalable and follows best practices for data processing."
179,6,Calculate the total sum easily,"Write a clean and efficient Python program designed to compute the total of user-provided numbers, incorporating docstrings and type hints for maximum clarity and maintainability."
179,7,Calculate the total sum easily,Construct an advanced Python script that dynamically calculates the sum of mixed numeric types from various data structures like lists or tuples with minimal overhead.
179,8,Calculate the total sum easily,Implement a lightweight but reliable Python calculator function specifically tasked with aggregating numerical values into a single total result using optimized iteration techniques.
179,9,Calculate the total sum easily,Deliver a high-quality Python implementation for summing collections that includes comprehensive input validation and handles edge cases such as empty iterables gracefully.
179,10,Calculate the total sum easily,Implement an efficient and robust Python script using list comprehensions to calculate the total sum of a numeric sequence while handling potential type errors gracefully.
179,11,Calculate the total sum easily,Write professional-grade Python code that defines a reusable function for computing aggregate sums with input validation and clear documentation following PEP 8 standards.
179,12,Calculate the total sum easily,Generate optimized Python logic to sum multiple numeric inputs using the built-in `sum()` operator within a type-safe wrapper class designed for production use.
179,13,Calculate the total sum easily,Create a high-performance Python utility module that calculates total sums from various data structures like lists and tuples with minimal overhead and maximum clarity.
179,14,Calculate the total sum easily,Develop a clean and scalable Python solution for summing numerical values using the `functools.reduce` method or built-in aggregation tools to ensure code maintainability.
180,0,Perform basic arithmetic operations now,"Implement a robust and efficient Python script that performs basic arithmetic operations (addition, subtraction, multiplication, division) on user-provided numbers using exception handling for invalid inputs."
180,1,Perform basic arithmetic operations now,Write a high-performance Python function utilizing the operator module to execute four fundamental mathematical calculations with input validation and type checking.
180,2,Perform basic arithmetic operations now,"Create an optimized Python class that encapsulates arithmetic logic for addition, subtraction, multiplication, and division, ensuring thread safety and adherence to PEP 8 guidelines."
180,3,Perform basic arithmetic operations now,"Develop a production-ready Python utility module containing functions for basic math operations with comprehensive error handling, input sanitization, and detailed logging capabilities."
180,4,Perform basic arithmetic operations now,Construct an advanced Python calculator script that supports floating-point arithmetic while maintaining numerical precision standards and providing clear feedback on computational errors.
180,5,Perform basic arithmetic operations now,Write a scalable Python solution for performing basic arithmetic operations using the dataclasses library to define input structures with automatic validation against expected types.
180,6,Perform basic arithmetic operations now,Generate an efficient and secure Python program that executes mathematical calculations while implementing strict type hints and static analysis compatibility requirements.
180,7,Perform basic arithmetic operations now,"Implement a modular Python architecture for arithmetic operations featuring dependency injection patterns, unit test readiness, and maximum code readability standards."
180,8,Perform basic arithmetic operations now,"Build an optimized Python service that handles basic math computations with support for both integer and decimal inputs, including automatic conversion to appropriate numeric types."
180,9,Perform basic arithmetic operations now,Develop a best-practice Python application for arithmetic operations using context managers for resource safety and ensuring all edge cases related to division by zero are handled gracefully.
180,10,Perform basic arithmetic operations now,"Implement an efficient and robust Python script using only built-in libraries to perform addition, subtraction, multiplication, and division for any pair of numbers. Ensure the code handles edge cases like zero divisors gracefully."
180,11,Perform basic arithmetic operations now,"Write a professional-grade Python function that accepts two operands and an operation string ('+', '-', '*', '/') as arguments, returning the result while adhering to strict type checking and error handling best practices."
180,12,Perform basic arithmetic operations now,"Create a high-performance calculator module in Python using operator modules for arithmetic operations. The code must be fully optimized, follow PEP 8 guidelines, and include comprehensive docstrings explaining the logic."
180,13,Perform basic arithmetic operations now,"Develop a complete Python solution that executes basic arithmetic operations on floating-point numbers with high precision, ensuring numerical stability and including input validation for non-numeric inputs."
180,14,Perform basic arithmetic operations now,Generate an optimized Python class-based calculator system capable of performing all four basic arithmetic operations. The implementation must use property decorators for encapsulation and include a main execution block demonstrating usage with error handling.
181,0,Understand simple addition subtraction logic,Implement an efficient and robust Python script using only built-in modules to perform addition and subtraction operations on any valid numeric input types with comprehensive error handling for non-numeric inputs.
181,1,Understand simple addition subtraction logic,Write a production-ready Python function that takes two arguments of integer or float type and returns the result of their sum or difference based on user-specified operation mode while adhering to strict PEP 8 guidelines.
181,2,Understand simple addition subtraction logic,Create an optimized Python class named ArithmeticProcessor that encapsulates logic for simple addition and subtraction operations using immutable attributes and follows type hinting best practices.
181,3,Understand simple addition subtraction logic,"Develop a high-performance batch processor in Python capable of applying addition or subtraction to lists of numbers, ensuring memory efficiency and including docstrings with examples."
181,4,Understand simple addition subtraction logic,Generate a secure and scalable Python utility that validates input ranges before performing arithmetic operations on large integers to prevent overflow issues during execution.
181,5,Understand simple addition subtraction logic,Code an interactive command-line tool in pure Python that repeatedly prompts the user for two numbers and an operator symbol (+ or -) to calculate results with detailed feedback messages.
181,6,Understand simple addition subtraction logic,Implement a modular Python library component containing helper functions for addition and subtraction featuring unit test-ready structures and clear documentation strings.
181,7,Understand simple addition subtraction logic,Write an advanced arithmetic calculator script in Python that handles decimal precision accurately using the Decimal module instead of standard floats to ensure mathematical correctness.
181,8,Understand simple addition subtraction logic,Construct a type-safe and extensible Python base class for basic arithmetic operations with abstract methods defined according to EAFP exception handling patterns.
181,9,Understand simple addition subtraction logic,Produce a concise yet comprehensive Python solution that demonstrates both addition and subtraction logic within a single function using conditional expressions while maintaining high readability.
181,10,Understand simple addition subtraction logic,Implement an efficient and robust Python script that performs basic addition and subtraction operations using a class-based design with type hinting and input validation. Ensure the code follows PEP 8 standards.
181,11,Understand simple addition subtraction logic,"Write optimized Python code for a function that calculates arithmetic results based on user-provided numbers and operators, handling edge cases like division by zero or invalid operator inputs gracefully while maintaining clean structure."
181,12,Understand simple addition subtraction logic,"Create a production-ready Python module containing functions for simple addition and subtraction logic that include comprehensive docstrings, type annotations, and error handling mechanisms. Ensure all code adheres to best practices."
181,13,Understand simple addition subtraction logic,"Develop a high-performance Python utility script that supports both integer and float arithmetic operations for addition and subtraction, featuring input sanitization and consistent output formatting according to professional standards."
181,14,Understand simple addition subtraction logic,"Generate complete Python code implementing fundamental math logic with support for multiple operation types, ensuring the solution uses modern syntax features like walrus operators where appropriate while prioritizing readability and maintainability."
182,0,Explore basic multiplication division concepts,Implement an efficient and robust multiplication calculator in Python using only basic arithmetic operators while handling edge cases like zero or negative numbers according to best practices.
182,1,Explore basic multiplication division concepts,"Write a professional-grade division function that safely handles floating-point results and avoids runtime errors when dividing by zero, following PEP 8 coding standards."
182,2,Explore basic multiplication division concepts,Create an optimized Python script using the operator module to perform bulk multiplication operations on lists of integers with input validation for non-numeric data types.
182,3,Explore basic multiplication division concepts,Develop a high-performance division utility that returns both quotient and remainder as integer tuples while ensuring type safety and handling negative operands correctly.
182,4,Explore basic multiplication division concepts,"Construct a comprehensive Python class named ArithmeticProcessor with methods for multiplication and division logic, including docstrings and error handling for invalid inputs."
182,5,Explore basic multiplication division concepts,Write a concise and readable function that computes the product of two numbers using recursion as an educational example while maintaining optimal time complexity O(log n).
182,6,Explore basic multiplication division concepts,Generate a production-ready Python module containing helper functions for safe division with custom exception classes to handle specific error scenarios clearly.
182,7,Explore basic multiplication division concepts,Code an advanced multiplication solver that utilizes the math.lcm function where applicable and provides fallback logic for standard integer arithmetic in a clean structure.
182,8,Explore basic multiplication division concepts,Implement a type-annotated Python script with static analysis compatibility for both basic multiplication and division operations including comprehensive input validation.
182,9,Explore basic multiplication division concepts,Develop an optimized batch processing tool in Python that applies multiplication or division to large datasets using list comprehensions while ensuring memory efficiency.
182,10,Explore basic multiplication division concepts,"Implement a robust and efficient Python script that performs basic multiplication and division operations with error handling for zero-division cases, ensuring all output adheres to PEP 8 standards."
182,11,Explore basic multiplication division concepts,"Write an optimized Python class named 'ArithmeticCalculator' that encapsulates methods for integer multiplication and float-safe division, utilizing type hinting and docstrings for clarity."
182,12,Explore basic multiplication division concepts,Create a production-ready Python module containing functions to compute multiples of numbers up to N using an iterative approach with early termination optimization where applicable.
182,13,Explore basic multiplication division concepts,"Develop a high-performance Python utility that accepts two numeric arguments and returns either the product or quotient based on user input, including comprehensive validation logic for edge cases."
182,14,Explore basic multiplication division concepts,"Generate a clean and maintainable Python solution featuring dedicated functions for elementary multiplication and division tasks, incorporating pytest-compatible unit test examples within the same file structure."
183,0,Convert temperature from Celsius to Fahrenheit,Implement a robust and error-free Python script that converts temperature from Celsius to Fahrenheit using type hinting and input validation.
183,1,Convert temperature from Celsius to Fahrenheit,"Write an optimized class-based solution in Python for converting temperatures between Celsius and Fahrenheit, ensuring it follows PEP 8 guidelines."
183,2,Convert temperature from Celsius to Fahrenheit,Create a production-ready Python module that includes multiple conversion functions with comprehensive docstrings and edge case handling for Celsius to Fahrenheit calculations.
183,3,Convert temperature from Celsius to Fahrenheit,Generate efficient Pytest test coverage alongside the code for a temperature converter script designed specifically to process decimal inputs accurately.
183,4,Convert temperature from Celsius to Fahrenheit,Develop a high-performance Python utility function that converts Celsius to Fahrenheit while adhering strictly to coding standards and using static type checking.
183,5,Convert temperature from Celsius to Fahrenheit,Write a comprehensive command-line tool in Python that reads temperature inputs from standard input and outputs the converted Fahrenheit value with formatting options.
183,6,Convert temperature from Celsius to Fahrenheit,"Implement an atomic function for Celsius to Fahrenheit conversion within a modular library structure, ensuring thread safety and clean separation of concerns."
183,7,Convert temperature from Celsius to Fahrenheit,Construct a flexible Python converter application that supports bulk temperature data processing with minimal memory overhead and maximum execution speed.
183,8,Convert temperature from Celsius to Fahrenheit,Design a type-safe conversion service using modern Python typing features to transform Celsius values to Fahrenheit without any runtime exceptions or warnings.
183,9,Convert temperature from Celsius to Fahrenheit,Provide the complete source code for an optimized temperature converter script that handles negative temperatures and floating-point precision with industrial-grade accuracy.
183,10,Convert temperature from Celsius to Fahrenheit,"Implement a robust and type-annotated Python script to convert temperatures from Celsius to Fahrenheit using standard arithmetic operations, ensuring input validation for non-numeric values."
183,11,Convert temperature from Celsius to Fahrenheit,Write an optimized Python function that takes a list of Celsius temperatures as input and returns the corresponding Fahrenheit conversions with full error handling and PEP 8 compliance.
183,12,Convert temperature from Celsius to Fahrenheit,"Create a production-ready Python module containing a class for temperature conversion from Celsius to Fahrenheit, including methods for validation, calculation, and unit formatting."
183,13,Convert temperature from Celsius to Fahrenheit,"Develop an efficient and reusable Python utility function that converts any valid numeric input representing degrees Celsius into its equivalent in Fahrenheit, adhering strictly to best practices."
183,14,Convert temperature from Celsius to Fahrenheit,Generate a high-performance Python script capable of processing bulk temperature data from Celsius to Fahrenheit with comprehensive logging and clear documentation.
184,0,Check if number is even or odd,Implement a robust and efficient Python script to determine if an integer is even or odd using bitwise operations for maximum performance.
184,1,Check if number is even or odd,Write a professional-grade Python function that checks the parity of any input number with comprehensive error handling for non-integer types.
184,2,Check if number is even or odd,"Create an optimized Python solution to classify numbers as even or odd based on modulo arithmetic, ensuring strict type safety and PEP 8 compliance."
184,3,Check if number is even or odd,Develop a high-performance Python utility function that returns the parity status of integers using minimal computational overhead.
184,4,Check if number is even or odd,Generate a clean and maintainable Python code snippet to check if a given number is even or odd with clear docstrings and type hints.
184,5,Check if number is even or odd,"Write an advanced Python script that validates input types before checking parity, ensuring the solution handles edge cases like negative numbers correctly."
184,6,Check if number is even or odd,Implement a best-practice Python function to determine even or odd status using integer division logic for clarity and efficiency.
184,7,Check if number is even or odd,Construct an optimized Python module containing a parity checker that leverages operator precedence rules for speed without sacrificing readability.
184,8,Check if number is even or odd,"Produce a professional Python implementation to classify numbers by their remainder when divided by two, including input validation and error reporting."
184,9,Check if number is even or odd,Write a concise yet comprehensive Python function that checks for even or odd properties with support for arbitrary precision integers using the `math` module if necessary.
184,10,Check if number is even or odd,Implement a robust and efficient Python script to check if a given integer is even or odd using bitwise operations for maximum performance. Ensure the code includes input validation for non-integer types and follows PEP 8 standards.
184,11,Check if number is even or odd,Write a production-ready Python function that determines whether an arbitrary number (int or float) is even or odd with comprehensive error handling. Optimize the logic to avoid unnecessary type conversions where possible and include docstrings explaining edge cases.
184,12,Check if number is even or odd,"Create a highly optimized Python utility function that checks parity for large integers using bitwise AND operations. The code must handle negative numbers correctly, adhere to strict typing conventions (Type Hints), and include unit test examples within the file."
184,13,Check if number is even or odd,"Develop a clean Python module containing two functions: one for checking evenness using modulo arithmetic and another using bitwise logic. Ensure both implementations are validated against edge cases like zero and negative values, with clear documentation on performance differences."
184,14,Check if number is even or odd,"Generate a concise yet professional Python script that accepts user input to determine if the number is even or odd. Include type checking for integers only, provide informative error messages for invalid inputs, and structure the code with proper indentation and variable naming."
185,0,Count total letters in given sentence,Implement a robust and efficient Python script to count the total number of letters in a given sentence using only built-in string methods without external libraries.
185,1,Count total letters in given sentence,Write professional-grade Python code that accepts user input for a sentence and outputs the exact count of alphabetic characters while ignoring spaces and punctuation.
185,2,Count total letters in given sentence,Create an optimized function in Python using regular expressions to filter out non-letter characters from any provided string and return their total quantity.
185,3,Count total letters in given sentence,Develop a high-performance Python solution that iterates through the input sentence character by character to tally only those matching [a-zA-Z].
185,4,Count total letters in given sentence,"Generate clean, PEP 8 compliant Python code with type hinting and docstrings for calculating letter counts in an arbitrary text string."
185,5,Count total letters in given sentence,Construct a concise and readable Python program that utilizes the sum() generator expression to count letters across any given sentence input.
185,6,Count total letters in given sentence,Write production-ready Python code capable of handling edge cases such as empty strings or Unicode characters when counting total letters in text.
185,7,Count total letters in given sentence,Implement a modular and reusable Python function that leverages the isalpha() method to accurately determine letter counts within any input sentence.
185,8,Count total letters in given sentence,Produce an efficient Python script using list comprehension to extract all letters from a sentence before calculating their final count.
185,9,Count total letters in given sentence,Develop best-practice Python code with error handling for invalid inputs that counts the total number of alphabetic characters in a specified string.
185,10,Count total letters in given sentence,"Develop a robust and production-ready Python script to count total letters in any given sentence using regular expressions for non-alphanumeric character filtering, ensuring it handles edge cases like special characters and emojis efficiently while adhering to PEP 8 standards."
185,11,Count total letters in given sentence,"Implement an optimized Python function that accurately counts only alphabetic letters (A-Z, a-z) in the provided sentence using standard library tools without external dependencies, with comprehensive input validation for empty strings or None values."
185,12,Count total letters in given sentence,"Create a high-performance Python utility module containing a class to parse and count letter occurrences per unique character in an arbitrary string input, incorporating error handling for invalid types and sorting results by frequency using efficient data structures."
185,13,Count total letters in given sentence,"Write concise and maintainable Python code that iterates through the given sentence once to compute the total number of letters defined as Unicode alphabetic characters, including support for international languages, while utilizing list comprehensions or generator expressions for memory efficiency."
185,14,Count total letters in given sentence,"Provide a complete Python solution with type hints and docstrings that distinguishes between letters and digits/punctuation in the input sentence using str.isalpha(), ensuring optimal readability and performance suitable for large text datasets under strict unit test constraints."
186,0,Reverse order of typed characters,Implement a robust and efficient Python script that reverses the order of typed characters in any given input string using built-in slicing techniques.
186,1,Reverse order of typed characters,Write a high-performance Python function to reverse character sequences from user-provided strings without modifying the original data structure.
186,2,Reverse order of typed characters,Create an optimized Python utility that accepts arbitrary input and returns its exact reversed string representation following PEP 8 coding standards.
186,3,Reverse order of typed characters,Develop a clean and scalable Python module containing a function to reverse typed characters with comprehensive error handling for edge cases like empty strings or Unicode inputs.
186,4,Reverse order of typed characters,Generate professional-grade Python code that reverses the order of input characters using list reversal methods while ensuring maximum readability and maintainability.
186,5,Reverse order of typed characters,Produce a concise yet powerful Python script capable of reversing character sequences from any string type with minimal computational overhead.
186,6,Reverse order of typed characters,Code an advanced Python solution to reverse typed characters that handles special characters and whitespace correctly while adhering to best practices for input validation.
186,7,Reverse order of typed characters,Write a production-ready Python function designed specifically to invert the order of characters in user strings with clear documentation and type hints.
186,8,Reverse order of typed characters,Construct an efficient Python program that reverses character input streams using generator expressions for memory optimization during processing.
186,9,Reverse order of typed characters,"Deliver a polished Python implementation of the reverse string operation featuring docstrings, type annotations, and strict adherence to modern Python conventions."
186,10,Reverse order of typed characters,Implement a robust and efficient Python script that reverses the order of characters in any given input string using built-in methods. Ensure the code handles edge cases like empty strings and Unicode characters correctly.
186,11,Reverse order of typed characters,"Write a professional-grade Python function named 'reverse_string' that takes an arbitrary object as input, converts it to its string representation if necessary, reverses the character order, and returns the result. Optimize for performance on large inputs."
186,12,Reverse order of typed characters,Develop a high-quality Python utility module containing two functions: one using slicing syntax and another using list reversal to reverse typed characters. Include comprehensive docstrings following Google style guide and ensure type hints are present for all parameters and return values.
186,13,Reverse order of typed characters,"Create an optimized Python solution that accepts a string input, reverses its character sequence in-place conceptually but returns the new reversed string without modifying the original. Prioritize memory efficiency and code readability while adhering to PEP 8 standards."
186,14,Reverse order of typed characters,Generate a production-ready Python script that defines a class 'StringReverser' with an instance method to reverse typed characters. The implementation must include input validation for non-string types and use the most performant algorithm available in standard library.
187,0,Read input and print back,"Write a complete, robust Python script that reads a line of text input from standard input and prints it back to standard output exactly as it was received. Use the most efficient method."
187,1,Read input and print back,"Implement a function named 'read_and_print' that accepts no arguments, reads a single line from stdin, and prints that exact line to stdout. Ensure the implementation is highly optimized for speed."
187,2,Read input and print back,"Develop an interactive Python program that continuously reads input from the user via stdin until an EOF signal is received, and then prints every line read back to the console in the same order. Use a loop structure suitable for stream processing."
187,3,Read input and print back,"Write a class named 'InputProcessor' with a method that reads all available input from stdin and returns it as a single string, which should then be printed back to stdout. Follow object-oriented best practices."
187,4,Read input and print back,Create a standalone Python script that reads data piped into it (from stdin) and prints the exact same data to stdout. Focus on minimizing I/O overhead.
187,5,Read input and print back,Implement a command-line utility function that reads all input provided via command-line arguments (simulating reading from an input stream) and prints the collected content back to standard output. Use the 'sys' module appropriately.
187,6,Read input and print back,Write a simple script that uses the built-in `input()` function to read user input and immediately prints it back using the `print()` function. Explain why this is the simplest solution for this task.
187,7,Read input and print back,Design and implement a generator function that reads lines from stdin iteratively and yields each line immediately to stdout. This must be memory-efficient.
187,8,Read input and print back,"Write a decorator that wraps a function, ensuring that any data passed into the wrapped function (simulating input) is read from stdin and then printed back as the result of the original function call. Ensure this is a clean, reusable pattern."
187,9,Read input and print back,"Generate an optimized Python solution for reading an arbitrary amount of text from standard input and printing it verbatim to standard output, suitable for handling large data streams efficiently."
187,10,Read input and print back,Implement a robust Python script that reads user input from standard input and prints it back to standard output immediately without any additional processing or modifications.
187,11,Read input and print back,Write an efficient Python program using the sys module to capture all stdin content as a single string argument and print the exact same content to stdout in one line execution.
187,12,Read input and print back,"Develop professional-grade code that accepts input from standard input via argparse or sys.argv if available, otherwise falls back to reading from stdin until EOF, then outputs the received data verbatim using best practices for stream handling."
187,13,Read input and print back,Create a concise and high-performance Python solution that reads any form of text or binary input provided via standard input channels and echoes it directly to standard output with proper buffering configuration.
187,14,Read input and print back,Generate production-ready code for reading arbitrary content from stdin using context managers where possible and printing the complete buffer back to stdout while adhering strictly to PEP 8 style guidelines.
188,0,Simple text reversal task,Implement an efficient and robust Python script to reverse any given input string using built-in slicing techniques while ensuring it handles Unicode characters correctly according to best practices.
188,1,Simple text reversal task,Write a production-ready Python function that accepts user text as input and returns its reversed version with comprehensive error handling for non-string types following PEP 8 guidelines.
188,2,Simple text reversal task,Create an optimized Python utility module containing a class-based solution to reverse strings in memory efficiently without creating unnecessary intermediate copies of data structures.
188,3,Simple text reversal task,Develop a high-performance Python script designed specifically for large-scale text processing that reverses input sequences using iterative algorithms rather than recursive approaches.
188,4,Simple text reversal task,"Construct a clean and maintainable Python function to reverse strings with detailed docstrings covering arguments, return values, edge cases like empty inputs, and performance characteristics."
188,5,Simple text reversal task,Generate an advanced Python solution that reverses text input using regular expressions for character-by-character manipulation while adhering strictly to modern Python coding standards.
188,6,Simple text reversal task,Write a secure and scalable Python script capable of reversing multi-line string inputs efficiently without introducing memory leaks or performance bottlenecks in production environments.
188,7,Simple text reversal task,Produce an idiomatic Python function that reverses strings using list comprehensions for clarity and speed while including type hints and static analysis compatibility checks.
188,8,Simple text reversal task,Implement a comprehensive text reversal tool in Python featuring argument validation via argparse or similar mechanisms to ensure only valid string inputs are processed with maximum efficiency.
188,9,Simple text reversal task,Develop a minimal yet professional Python script that reverses input strings using the most performant built-in method available while documenting all assumptions and constraints clearly.
188,10,Simple text reversal task,Implement an efficient and robust Python script that reverses any given input string using built-in methods while ensuring it handles Unicode characters correctly according to best practices.
188,11,Simple text reversal task,Write a high-performance Python function designed for large-scale text processing that takes a single argument and returns its exact character-level reversal without unnecessary memory overhead.
188,12,Simple text reversal task,Create a production-ready Python module containing a class-based solution for reversing strings with comprehensive error handling and input validation following PEP 8 coding standards.
188,13,Simple text reversal task,Develop an optimized Python utility function that accepts any text object as input and outputs the reversed sequence of characters using slicing techniques to maximize readability and speed.
188,14,Simple text reversal task,"Generate a complete Python program with type hints and docstrings that implements string reversal logic efficiently, ensuring it works seamlessly across different data types including bytes objects."
189,0,Store and display user names,Create a production-ready script to store and display user names using the built-in 'list' data structure with strict input validation and error handling. Ensure all variable names follow PEP 8 conventions.
189,1,Store and display user names,Implement an optimized Python class named 'UserManager' that encapsulates functionality for storing multiple usernames in a dictionary and providing methods to display them safely without exposing internal state. Use type hinting throughout the codebase.
189,2,Store and display user names,"Write a high-performance script that reads user names from standard input, sanitizes them by removing special characters according to security best practices, stores them in memory using an ordered dict for display order retention."
189,3,Store and display user names,Develop a modular Python module containing two functions: one to persist user names temporarily and another to retrieve and print the complete list. Ensure the code handles concurrent access gracefully by implementing thread-safe locking mechanisms where necessary.
189,4,Store and display user names,"Construct an advanced data processing script that accepts raw string inputs for usernames via command-line arguments or stdin, normalizes them (lowercase, trimmed), stores them in a set to ensure uniqueness, and then displays the sorted result. Use docstrings explaining every function's behavior."
189,5,Store and display user names,Generate an enterprise-grade solution using Python 3.10+ features that manages user name storage with automatic duplicate detection during insertion. The code must include comprehensive logging for operational visibility and adhere to strict type annotations without any runtime dependencies beyond the standard library.
189,6,Store and display user names,"Produce a clean, object-oriented Python application where each username is an instance of a 'User' class containing only a name attribute. Provide methods to add users to a private collection and format-strings for display that prevent injection attacks through user-controlled input."
189,7,Store and display user names,"Code an efficient utility script designed to batch process thousands of username entries by storing them in memory using NumPy arrays if available, or fallback lists. Include robust error handling for malformed inputs and ensure the output format is consistent across different platforms."
189,8,Store and display user names,"Build a secure configuration management tool that stores user names specifically to avoid accidental exposure, utilizing environment variable patterns where appropriate during runtime display logic while keeping data in plaintext within memory only as long as absolutely necessary. Follow all principles of the Python Software Foundation's style guide."
189,9,Store and display user names,"Write a comprehensive test-ready script that stores user names dynamically and displays them upon request. Ensure the code is fully self-contained with no external imports except 'sys' or 'json', features extensive inline documentation covering edge cases like empty inputs and invalid characters."
189,10,Store and display user names,Implement a production-ready Python script using the 'dataclasses' library to store and display user names with full validation for non-empty strings. Ensure the code follows PEP 8 standards.
189,11,Store and display user names,"Write an optimized class-based solution in Python that stores a list of unique usernames using a set for O(1) lookup and provides methods to add, retrieve, and display names efficiently. Use type hints throughout the code."
189,12,Store and display user names,Create a high-performance data structure in Python that stores user names with automatic deduplication and case-insensitive comparison logic for displaying unique entries only. The implementation must use modern Python features like f-strings and context managers.
189,13,Store and display user names,Develop a robust utility module containing functions to store multiple user names in thread-safe containers suitable for concurrent access scenarios while ensuring data integrity during display operations. Adhere strictly to best practices for error handling.
189,14,Store and display user names,Generate an efficient Python script that stores and displays a collection of usernames using the 'typing' module for type annotations and includes input sanitization logic to prevent injection attacks during storage. Optimize memory usage where possible.
190,0,Add two simple quantities,Implement an efficient and robust Python script that adds two simple quantities using type validation to ensure both inputs are numeric before performing addition.
190,1,Add two simple quantities,Write a professional-grade Python function named 'add_quantities' that accepts any valid number types (int or float) as arguments and returns their sum with clear error handling for non-numeric input.
190,2,Add two simple quantities,Create an optimized Python solution using the built-in `sum()` function to aggregate two numerical quantities while adhering strictly to PEP 8 coding standards and including comprehensive docstrings.
190,3,Add two simple quantities,"Develop a high-quality Python utility that safely adds two simple quantities by converting inputs to floats if necessary, ensuring the code handles edge cases like zero or negative numbers gracefully."
190,4,Add two simple quantities,Generate a production-ready Python module containing an `add` function that computes the sum of two numeric values with input type coercion and detailed exception handling for invalid data types.
190,5,Add two simple quantities,"Write concise yet professional Python code using lambda functions to define an operation that adds two simple quantities, ensuring it returns a float result regardless of integer inputs."
190,6,Add two simple quantities,"Construct a fully optimized and type-safe Python script for adding two numerical values, incorporating input validation logic to reject strings or other non-numeric types explicitly."
190,7,Add two simple quantities,"Implement a best-practice Python function that calculates the sum of two simple quantities with support for both integers and floating-point numbers, including unit tests in the code structure itself."
190,8,Add two simple quantities,Produce an efficient Python solution using `math.fsum` to add two numeric quantities while maximizing precision and following modern Python data handling conventions.
190,9,Add two simple quantities,"Write a clean and maintainable Python function that adds two simple quantities with automatic type inference for numbers, ensuring the output is always returned as a float for consistency."
190,10,Add two simple quantities,"Implement a robust and type-annotated Python script that adds two simple numeric quantities using operator overloading or standard arithmetic operators, ensuring input validation for non-numeric types is handled gracefully."
190,11,Add two simple quantities,"Write an efficient Python function named 'add_quantities' that accepts any valid numerical input (integers and floats), returns the sum directly without side effects, and includes comprehensive docstrings following Google style guidelines."
190,12,Add two simple quantities,Create a production-ready Python module containing two overloaded addition operators for custom number-like classes to demonstrate how simple quantities can be added seamlessly while maintaining type safety and performance.
190,13,Add two simple quantities,"Develop an optimized vectorized solution in NumPy that adds two arrays of equal length representing quantitative data, ensuring memory efficiency and handling potential shape mismatches with clear error messages."
190,14,Add two simple quantities,"Construct a comprehensive Python utility class designed to handle the addition of various simple quantity types (integers, floats, decimals), utilizing context managers for resource safety during complex arithmetic operations if applicable."
191,0,Simulate a simple counter,"Implement a robust and efficient Python script using a class-based design to simulate a simple counter with increment, decrement, reset, and get_value methods. Ensure the code follows PEP 8 standards."
191,1,Simulate a simple counter,"Write an optimized pure function in Python that simulates a global integer counter by accepting an action string ('inc', 'dec') as input and returning the updated count value immediately without side effects on external state. Adhere to best-practice coding conventions."
191,2,Simulate a simple counter,"Create a production-ready Python module containing a Counter class that supports initialization with an optional starting integer, provides thread-safe increment operations using locks, and includes comprehensive docstrings for all public methods."
191,3,Simulate a simple counter,Develop a concise yet readable Python script to simulate a counter variable that can be incremented or decremented via command-line arguments. Ensure the solution handles edge cases like invalid input gracefully while maintaining high performance.
191,4,Simulate a simple counter,"Generate an advanced Python implementation of a simple counter using dataclasses and property decorators for encapsulation. The code must include type hints, validation logic to prevent negative values unless explicitly allowed, and follow strict typing guidelines."
191,5,Simulate a simple counter,"Code a high-performance generator-based approach in Python that simulates counting up by one at each yield step, suitable for memory-intensive scenarios where large sequences of numbers need to be processed efficiently. Optimize the underlying iteration mechanism."
191,6,Simulate a simple counter,Construct a modular and scalable Python solution featuring a Counter service class with support for multiple concurrent instances via ID tracking. Ensure all methods are asynchronous-ready or use asyncio-compatible patterns if needed for future-proofing. Follow industry-standard design principles.
191,7,Simulate a simple counter,Write an elegant and testable Python script that simulates a simple counter using the Singleton pattern to ensure only one instance exists throughout the application lifecycle. Include unit-test compatible methods for incrementation and state retrieval.
191,8,Simulate a simple counter,"Implement a lightweight but feature-rich Python utility function named `simulate_counter` that accepts configuration parameters such as initial value, step size, and direction (up/down). Return an iterator yielding the sequence of values. Ensure code clarity and efficiency are prioritized."
191,9,Simulate a simple counter,"Produce a complete, self-contained Python program with error handling for invalid counter operations (e.g., non-numeric inputs or unsupported actions). Use modern Python features like f-strings and walrus operators where appropriate to enhance readability without sacrificing performance."
191,10,Simulate a simple counter,"Generate a robust and efficient Python script implementing a simple counter with increment, decrement, reset capabilities using an encapsulated class design that adheres to PEP 8 standards."
191,11,Simulate a simple counter,Write optimized production-ready code for a stateless integer counter object in Python that supports multiple concurrent increments and includes type hinting and doctests.
191,12,Simulate a simple counter,Implement a high-performance simple counter class in Python with thread-safe locking mechanisms to ensure data integrity under concurrent access while maintaining clean separation of concerns.
191,13,Simulate a simple counter,"Create a robust and production-ready Python script for simulating a simple counter using an efficient integer type with thread-safe operations. The code must implement increment, decrement, get value, reset functionality while adhering to PEP 8 standards."
191,14,Simulate a simple counter,"Implement a high-performance Python class that acts as a simple counter with methods for initialization from an optional integer seed, atomic increment and decrement operations using the threading.Lock pattern. Ensure all code is type-hinted, docstring-compliant, and optimized for concurrent usage."
192,0,Input and output comparison logic,Implement a robust input validation and output formatting script in Python that processes user data using type checking and error handling best practices.
192,1,Input and output comparison logic,Write an optimized Python function to compare numerical inputs against defined thresholds and generate structured JSON outputs for API integration.
192,2,Input and output comparison logic,"Create a high-performance data processing pipeline in Python that reads input streams, applies complex comparison logic, and writes results efficiently using context managers."
192,3,Input and output comparison logic,"Develop a production-ready Python utility for comparing file sizes or text lengths with dynamic thresholds, ensuring thread safety and detailed logging."
192,4,Input and output comparison logic,Construct an advanced input/output comparison module in Python that handles edge cases like null values and special characters while adhering to strict type hints.
192,5,Input and output comparison logic,Write a scalable Python script for batch processing records where the output format must dynamically adapt based on predefined input criteria comparisons.
192,6,Input and output comparison logic,Implement a secure and efficient Python function that sanitizes user inputs before performing value comparisons and returns standardized error codes in outputs.
192,7,Input and output comparison logic,Design an optimized I/O comparison engine in Python capable of handling large datasets with minimal memory overhead using generator expressions.
192,8,Input and output comparison logic,"Develop a comprehensive input validation and output generation tool in Python that supports multiple data formats (CSV, JSON) and enforces strict schema compliance."
192,9,Input and output comparison logic,Write a best-practice Python solution for comparing complex nested dictionary structures against reference inputs with deep equality checks and diff reporting.
192,10,Input and output comparison logic,"Implement a robust and efficient input-output comparison utility in Python that validates user data against expected formats using type hints and exception handling. The code must follow PEP 8 standards, include comprehensive docstrings, and handle edge cases gracefully."
192,11,Input and output comparison logic,"Write a high-performance script for comparing input streams with output logs in Python, utilizing context managers for resource management and ensuring thread safety. Optimize the comparison logic to minimize memory usage while maintaining readability and adhering to best practices."
192,12,Input and output comparison logic,"Develop a modular Python module that performs deep structural comparisons between input dictionaries and output JSON schemas. The implementation should use dataclasses for type safety, include unit tests within the file, and ensure maximum efficiency through lazy evaluation where applicable."
192,13,Input and output comparison logic,"Create a production-ready Python function that compares binary input files with expected output hashes using SHA-256. The code must handle large datasets efficiently by processing in chunks, include detailed error reporting, and strictly follow security best practices."
192,14,Input and output comparison logic,"Design a scalable Python solution for real-time input-output validation that supports multiple data formats (CSV, JSON, XML). The logic should be optimized for low-latency processing, use type annotations throughout, and ensure the code is maintainable with clear separation of concerns."
193,0,Create a basic greeting program,Create a robust and production-ready Python script for greeting users with input validation and dynamic time-based messages following best practices.
193,1,Create a basic greeting program,Implement an optimized Python function that handles multiple user inputs to generate personalized greetings while adhering strictly to PEP 8 guidelines.
193,2,Create a basic greeting program,Write a clean and efficient Python program that uses standard libraries to capture user input and output formatted welcome messages without external dependencies.
193,3,Create a basic greeting program,Develop a scalable greeting application in Python with comprehensive error handling for invalid inputs and consistent formatting standards across all outputs.
193,4,Create a basic greeting program,Construct a high-performance Python script that dynamically adjusts greeting styles based on the time of day using logical operators and conditional expressions.
193,5,Create a basic greeting program,"Generate an enterprise-grade Python solution for user greetings featuring input sanitization, type checking, and modular code structure aligned with industry standards."
193,6,Create a basic greeting program,Build a feature-rich Python program that supports various greeting scenarios including special dates while maintaining optimal readability and maintainability through variable naming conventions.
193,7,Create a basic greeting program,Design an efficient Python utility for automated greetings with extensive documentation strings and clear logic flow to ensure ease of integration into larger systems.
193,8,Create a basic greeting program,Produce a secure and reliable Python script that processes user names safely avoiding injection risks while delivering professional-grade output formatting.
193,9,Create a basic greeting program,Create an advanced Python greeting system with configurable parameters for message templates using dependency-free code optimized for speed and clarity.
193,10,Create a basic greeting program,Implement a robust and production-ready greeting program in Python using f-strings for string formatting that handles multiple input methods while adhering to strict PEP 8 coding standards.
193,11,Create a basic greeting program,Write an efficient Python script with error handling mechanisms that welcomes the user by name and displays a date-based greeting without any runtime exceptions or unnecessary dependencies.
193,12,Create a basic greeting program,"Develop a clean, object-oriented Python solution for a basic greeting system using dataclasses to store user inputs with built-in validation logic following best practices."
193,13,Create a basic greeting program,Create a high-performance input processing module in Python that generates personalized greetings and supports both command-line arguments and standard input streams while maintaining type safety.
193,14,Create a basic greeting program,Produce an optimal Python script using the `datetime` library to calculate dynamic time-based greetings with proper locale handling and comprehensive docstrings for future maintenance.
194,0,Reverse a short word string,Implement a robust Python script that reverses characters in a short string and ensure it handles non-string inputs gracefully with proper error handling.
194,1,Reverse a short word string,Write an optimized O(n) time complexity function in Python to reverse a word string using slice assignment syntax without modifying the original input variable.
194,2,Reverse a short word string,Create a high-quality Python class method named 'reverse_word_string' that accepts any iterable of characters and returns the reversed sequence as a new immutable object.
194,3,Reverse a short word string,Generate professional code using list comprehension to reverse elements in a short string input while maintaining type safety and adhering to PEP 8 guidelines.
194,4,Reverse a short word string,Develop an efficient recursive Python function that reverses the order of characters within a provided string argument for optimal algorithmic performance.
194,5,Reverse a short word string,Write a production-ready utility module containing two functions: one using itertools.reverse and another using manual iteration to reverse short word strings efficiently.
194,6,Reverse a short word string,Construct a pure functional Python implementation that takes an input string and returns its character-reversed version with complete type hints included.
194,7,Reverse a short word string,Provide the most concise yet readable one-liner Python code capable of reversing a short word string while demonstrating best practices for variable naming.
194,8,Reverse a short word string,Implement a parameterized decorator in Python that automatically reverses any passed string argument during execution and logs operation details to stderr.
194,9,Reverse a short word string,Draft optimized production code using f-string concatenation within a loop structure for reversing strings specifically designed for large-scale text processing tasks.
194,10,Reverse a short word string,Implement a robust and efficient Python script to reverse any given short word string using built-in slicing techniques while adhering strictly to PEP 8 coding standards.
194,11,Reverse a short word string,Write an optimized function in professional-grade Python that takes a single-word input string as argument and returns its reversed version with comprehensive error handling for non-string types.
194,12,Reverse a short word string,"Generate high-quality, production-ready Python code to reverse short word strings using list reversal methods, ensuring the solution is memory-efficient and follows best practices."
194,13,Reverse a short word string,Create a concise yet fully documented Python utility function that reverses input string characters in place or returns new reversed data without side effects for maximum clarity.
194,14,Reverse a short word string,"Develop an advanced Python solution to reverse short word strings using generator expressions where applicable, prioritizing readability and performance according to industry standards."
195,0,Calculate sum of two items,Implement a robust and efficient Python script that takes any two numeric values as input arguments and returns their sum using type checking to handle both integers and floats.
195,1,Calculate sum of two items,"Write a production-ready Python function named 'calculate_sum' that accepts two parameters of mixed types (int or float), validates them strictly against the number category, and outputs the result with clear error handling for non-numeric inputs."
195,2,Calculate sum of two items,Create an optimized inline calculation in a single method within a class structure where the 'add' function computes the total of two arguments using Python's native addition operator while adhering to PEP 8 guidelines.
195,3,Calculate sum of two items,Develop a high-performance utility module containing a standalone function that sums two numerical items with support for decimal precision and includes comprehensive docstrings describing input constraints and output format.
195,4,Calculate sum of two items,"Generate a clean Python script using type hinting to define the sum of two variables, ensuring the code is readable, maintainable, and follows modern best practices for data validation before performing arithmetic operations."
195,5,Calculate sum of two items,Construct an advanced calculator function in Python capable of handling edge cases such as infinity and NaN values when computing the total of two mathematical entities while maintaining maximum execution efficiency.
195,6,Calculate sum of two items,Write a secure and scalable Python service component that exposes a method to calculate the sum of two items with input sanitization logic to prevent potential type coercion errors in production environments.
195,7,Calculate sum of two items,Formulate an elegant Python solution using lambda functions or standard functional programming constructs to compute the aggregate total of two numbers while ensuring strict typing and comprehensive error reporting.
195,8,Calculate sum of two items,"Produce a detailed implementation guide for calculating the sum of two items in Python that includes input validation routines, type coercion handling, and output formatting suitable for data processing pipelines."
195,9,Calculate sum of two items,"Execute the creation of a modular Python function dedicated to numeric addition that prioritizes code performance, utilizes static analysis compatibility features like mypy hints, and ensures zero runtime overhead during calculation."
195,10,Calculate sum of two items,Implement an efficient and robust Python script to calculate the sum of two numerical items with input validation using type checking.
195,11,Calculate sum of two items,Write a professional-grade Python function that accepts any two objects convertible to numbers and returns their total while handling edge cases gracefully.
195,12,Calculate sum of two items,Create an optimized utility module containing a method to compute the sum of two values using best practices for memory efficiency and type safety.
195,13,Calculate sum of two items,Develop a high-quality Python solution that computes the addition of two arguments with explicit error handling for non-numeric inputs adhering to coding standards.
195,14,Calculate sum of two items,"Generate a clean and performant Python function dedicated to summing two items, ensuring it handles floating-point precision accurately following PEP 8 guidelines."
196,0,Determine if a value is even,Implement a robust and efficient Python script to determine if an integer value is even or odd using bitwise operations for maximum performance.
196,1,Determine if a value is even,Write a production-ready function in Python that checks the parity of any input number with comprehensive error handling for non-integer types.
196,2,Determine if a value is even,"Create an optimized pure-Python solution to evaluate if a given value is even, ensuring it handles large integers without performance degradation."
196,3,Determine if a value is even,Develop a high-quality Python utility function that returns true or false based on whether the input argument represents an even number.
196,4,Determine if a value is even,Code a concise and readable Python script to check if a specific integer is divisible by two using standard arithmetic operators.
196,5,Determine if a value is even,Generate a best-practice Python implementation for determining the evenness of a value that includes type validation and clear documentation strings.
196,6,Determine if a value is even,"Write an efficient Python function to test if a number is even, utilizing short-circuit evaluation logic where applicable."
196,7,Determine if a value is even,Construct a professional-grade Python module containing a single function that accurately identifies even integers while rejecting invalid inputs gracefully.
196,8,Determine if a value is even,Produce an optimized Python script to calculate and return the boolean result of whether a provided number is divisible by two.
196,9,Determine if a value is even,Develop a clean and maintainable Python function for parity checking that adheres strictly to PEP 8 guidelines and uses minimal computational overhead.
196,10,Determine if a value is even,"Implement an efficient and robust Python function to determine if a given integer is even or odd, ensuring it handles negative numbers correctly and adheres to PEP 8 coding standards."
196,11,Determine if a value is even,Write a production-ready Python script that checks for the parity of an input number using bitwise operations for maximum performance optimization.
196,12,Determine if a value is even,"Create a well-documented and type-annotated Python module containing a function to evaluate evenness, with comprehensive error handling for non-integer inputs."
196,13,Determine if a value is even,Develop an optimized pure-Python solution that determines if a value is divisible by two without using conditional statements where possible for maximum efficiency.
196,14,Determine if a value is even,Generate high-quality Python code with unit test cases to verify the correctness of a function designed specifically to detect even numbers across various data types and edge conditions.
197,0,Simulate a simple choice game,Create a robust and modular Python script for a simple choice game using object-oriented design principles to manage player state and game logic efficiently.
197,1,Simulate a simple choice game,Implement an optimized Python function that generates random choices within defined constraints while ensuring the code adheres strictly to PEP 8 standards.
197,2,Simulate a simple choice game,Write a complete high-quality Python program for a choice game that includes comprehensive input validation and error handling mechanisms using context managers.
197,3,Simulate a simple choice game,Develop an efficient Python class structure to simulate player decisions in a simple choice game with clear separation of concerns between UI and logic layers.
197,4,Simulate a simple choice game,Generate professional Python code for a choice simulation that utilizes type hinting extensively to improve readability and static analysis capabilities.
197,5,Simulate a simple choice game,Construct an optimized Python script for a simple choice game featuring dynamic difficulty adjustment based on user performance metrics calculated in real-time.
197,6,Simulate a simple choice game,Write a best-practice Python implementation of a choice game that leverages dataclasses for state management and ensures thread safety where applicable.
197,7,Simulate a simple choice game,Produce an efficient Python solution for simulating user choices in a simple game with detailed logging capabilities using the standard library's logging module.
197,8,Simulate a simple choice game,Create a high-performance Python application for a choice game that minimizes memory footprint by avoiding unnecessary object duplication and optimizing data structures.
197,9,Simulate a simple choice game,Develop a comprehensive Python script for a simple choice game with extensive documentation strings following Google style guide to ensure maintainability and clarity.
197,10,Simulate a simple choice game,"Create a complete and robust Python script for a simple choice game using only standard libraries, ensuring all input validation is handled gracefully and user experience is optimized."
197,11,Simulate a simple choice game,Implement an efficient and modular Python class-based structure to build a text adventure style choice game with persistent state management across multiple turns.
197,12,Simulate a simple choice game,Write professional-grade Python code for a command-driven decision system that supports dynamic option generation based on user input history without external dependencies.
197,13,Simulate a simple choice game,Develop a high-performance interactive game engine in Python featuring clear separation of concerns between the state manager and the UI logic using type hints.
197,14,Simulate a simple choice game,Generate optimized production-ready code for a simple choice simulator that handles edge cases like invalid inputs and ensures maximum readability according to PEP 8 guidelines.
198,0,Handle basic text input flow,"Implement a robust text input handling script in Python using argparse for command-line arguments and sys.stdin for standard input redirection. The script must include proper error handling, type validation, and follow PEP 8 coding standards."
198,1,Handle basic text input flow,"Write an optimized Python function that reads a sequence of lines from user input via the keyboard until EOF is reached, cleans leading/trailing whitespace using str.strip(), and returns a list of valid non-empty strings. Ensure the code handles encoding issues gracefully."
198,2,Handle basic text input flow,"Create a high-quality Python class named TextInputProcessor that encapsulates basic input flow logic including initialization with default settings, public methods for parsing and validating text data, and comprehensive documentation strings. The implementation must use type hinting."
198,3,Handle basic text input flow,"Develop a production-ready Python utility module dedicated to handling raw standard input streams efficiently. Include functionality to detect terminal line endings, normalize characters according to Unicode standards, and output processed text in JSON format compatible with downstream parsers."
198,4,Handle basic text input flow,Construct an advanced Python script that simulates interactive user sessions by capturing input through the built-in 'input()' function while gracefully managing KeyboardInterrupt exceptions. The logic should support multi-step data entry flows and save final results to a file.
198,5,Handle basic text input flow,Produce an efficient Python solution for processing bulk text inputs from files or pipes without loading the entire dataset into memory at once using generators. Ensure the code includes input validation logic that rejects malformed entries and logs warnings to stderr.
198,6,Handle basic text input flow,Write a secure Python application module for handling sensitive text inputs with built-in sanitization capabilities against SQL injection attacks via parameterized queries simulation. Use context managers (with statements) for resource management throughout the input lifecycle.
198,7,Handle basic text input flow,Engineer a flexible data ingestion pipeline in Python that accepts various text formats including CSV lines and JSON arrays as raw inputs. The code must dynamically infer line delimiters using heuristic detection algorithms while maintaining strict type safety for output values.
198,8,Handle basic text input flow,Develop a performant async-compatible approach (using asyncio) to handle non-blocking text input from multiple concurrent sources in Python. Ensure the implementation includes timeout mechanisms and provides clear progress indicators when processing large volumes of user-provided data.
198,9,Handle basic text input flow,"Draft a comprehensive testing suite for a basic text input handler that covers edge cases such as empty strings, unicode characters, special symbols, and EOF conditions. The tests should be written using pytest with parametrize fixtures to ensure maximum code coverage."
198,10,Handle basic text input flow,Create a production-ready class in Python to handle user text input with automatic trimming and validation against alphanumeric constraints using only standard libraries.
198,11,Handle basic text input flow,Implement an efficient asynchronous function that reads multiple lines of string input from stdin while handling EOF errors gracefully according to PEP 8 standards.
198,12,Handle basic text input flow,Develop a type-annotated Python script that processes raw text strings by stripping whitespace and converting characters to lowercase using the most performant built-in methods available.
198,13,Handle basic text input flow,Write a secure input validation module in Python that sanitizes user-provided string data against injection attacks while maintaining maximum execution speed.
198,14,Handle basic text input flow,Generate an optimal utility function for parsing and normalizing mixed-case text inputs with comprehensive error handling following industry best practices.
199,0,Repeat a simple action loop,Implement an efficient and robust Python script that executes a simple action in a repeat loop using best practices for performance and readability.
199,1,Repeat a simple action loop,Write optimized Python code featuring a clean while or for loop structure to repeatedly perform a basic task with proper error handling.
199,2,Repeat a simple action loop,Generate high-quality Python logic that iterates through a specific action using the most efficient iteration method available in standard libraries.
199,3,Repeat a simple action loop,Create a professional Python program demonstrating an infinite or fixed-count loop for repeating actions with strict adherence to PEP 8 guidelines.
199,4,Repeat a simple action loop,Develop a concise and performant Python solution that utilizes a repeat action pattern within a structured control flow block.
199,5,Repeat a simple action loop,Produce an advanced yet simple Python script capable of executing repeated tasks with maximum efficiency using built-in language constructs.
199,6,Repeat a simple action loop,Construct a scalable Python code snippet that implements a repetitive action loop optimized for speed and maintainability in production environments.
199,7,Repeat a simple action loop,Write precise Python instructions to generate a function or script that repeats a core operation while ensuring optimal resource usage.
199,8,Repeat a simple action loop,Formulate top-tier Python code utilizing standard looping mechanisms to automate the repetition of a fundamental action with clear logic flow.
199,9,Repeat a simple action loop,"Deliver an expert-level Python implementation of a simple action loop that balances simplicity, speed, and robustness for real-world application."
199,10,Repeat a simple action loop,"Write a robust and efficient Python script using a for loop to print numbers from 0 to 9 exactly once per iteration, ensuring no syntax errors or runtime exceptions occur."
199,11,Repeat a simple action loop,"Implement an optimized function in Python that iterates through a list of integers five times with the same logic, utilizing best practices and clean code structure without unnecessary overhead."
199,12,Repeat a simple action loop,Generate professional-grade Python code containing a while loop conditionally executed for exactly three iterations to demonstrate clear control flow and proper variable management.
199,13,Repeat a simple action loop,"Create a high-quality Python program that repeats the same action ten times using an enhanced for-loop syntax, adhering strictly to PEP 8 guidelines and ensuring maximum readability."
199,14,Repeat a simple action loop,"Develop a production-ready Python module with a loop structure that executes a specific operation repeatedly five times, focusing on performance optimization and error handling best practices."
200,0,Manage simple data storage,Implement a robust data storage system in Python using JSON serialization and file I/O to persist key-value pairs efficiently.
200,1,Manage simple data storage,Write an optimized Python script that reads from a CSV file into a dictionary structure while handling missing values gracefully.
200,2,Manage simple data storage,Create a high-performance data storage utility in Python using the `shelve` library to manage large datasets with persistent memory access.
200,3,Manage simple data storage,Develop a secure and scalable Python module for storing sensitive user credentials encrypted at rest within a local database file.
200,4,Manage simple data storage,Design an efficient data storage solution in Python using the `pickle` protocol to serialize complex object graphs including nested structures.
200,5,Manage simple data storage,Write a production-ready Python application that manages time-series sensor data stored in SQLite with automatic index creation for fast queries.
200,6,Manage simple data storage,Implement an asynchronous Python service using `aiofiles` and JSON to handle high-concurrency requests for dynamic data retrieval from storage.
200,7,Manage simple data storage,Construct a fault-tolerant Python data logger that writes structured logs to multiple rotating files with compression enabled via gzip.
200,8,Manage simple data storage,Build an optimized in-memory caching layer in Python using `functools.lru_cache` and `cachetools.TTLCache` for frequently accessed dataset lookups.
200,9,Manage simple data storage,"Develop a complete data storage framework in Python supporting schema validation, type hinting, and automatic backup generation using YAML configuration."
200,10,Manage simple data storage,Implement a production-ready JSON data storage system in Python using context managers and atomic file operations to ensure data integrity during concurrent writes.
200,11,Manage simple data storage,Write an optimized script that reads large CSV datasets into memory-efficient structures while automatically handling schema validation and missing value imputation.
200,12,Manage simple data storage,"Create a robust Python module for managing key-value data storage with automatic serialization/deserialization, type hinting, and comprehensive error logging using the standard library only."
200,13,Manage simple data storage,Develop an efficient database abstraction layer in pure Python that supports CRUD operations on SQLite files without external dependencies while adhering to best practices for connection pooling.
200,14,Manage simple data storage,Generate a high-performance data serialization utility class capable of handling complex nested objects with custom pickling logic and automatic file locking mechanisms.
201,0,Calculate the area of a square,Implement an efficient Python function to calculate the area of a square using input validation and return only numeric results.
201,1,Calculate the area of a square,Write a robust Python script that computes the area of a square with error handling for non-positive side lengths following PEP 8 standards.
201,2,Calculate the area of a square,Create an optimized class-based solution in Python to determine the area of a square with private attributes and getter methods for best practices.
201,3,Calculate the area of a square,Develop a high-performance Python utility function that calculates side length squared without intermediate variable assignment where possible.
201,4,Calculate the area of a square,Generate a professional-grade Python module containing a `calculate_square_area` function with docstrings and type hints for maximum clarity.
201,5,Calculate the area of a square,Construct an atomic Python operation to compute the area of a square ensuring thread safety and minimal memory allocation in production environments.
201,6,Calculate the area of a square,Write a validated input processor in Python that computes the area of a square using `math.pow` for numerical precision optimization.
201,7,Calculate the area of a square,Design an extensible Python framework component dedicated to calculating geometric areas starting specifically with the square's area computation.
201,8,Calculate the area of a square,Produce a concise and readable Python snippet that calculates the area of a square while adhering strictly to static analysis tool requirements.
201,9,Calculate the area of a square,Implement a scalable algorithm in Python for computing polygon areas with special logic dedicated entirely to calculating the area of a square.
201,10,Calculate the area of a square,"Implement an efficient and robust Python script to calculate the area of a square given its side length, ensuring input validation for non-positive numbers and adhering strictly to PEP 8 coding standards."
201,11,Calculate the area of a square,"Write a professional-grade Python function that computes the area of a square with support for both integer and floating-point inputs, including comprehensive error handling for invalid data types."
201,12,Calculate the area of a square,"Develop an optimized class-based solution in Python to calculate the area of a square, encapsulating side length calculation logic while maintaining type hints and docstrings as per best practices."
201,13,Calculate the area of a square,"Create a high-performance Python module containing multiple functions for computing square areas (simple case and edge cases), utilizing the `math` library if appropriate, with full test coverage in mind."
201,14,Calculate the area of a square,"Generate clean, idiomatic Python code to calculate a square's area from user input, featuring exception handling for type errors and zero/negative side lengths while maximizing readability and efficiency."
202,0,Find the perimeter of a rectangle,Implement a robust and type-annotated Python script to calculate the perimeter of a rectangle given its length and width as input arguments.
202,1,Find the perimeter of a rectangle,Write an optimized Python function that computes the perimeter of a rectangle using only positive integer inputs for dimensions.
202,2,Find the perimeter of a rectangle,Create a professional-grade Python module containing a class to encapsulate rectangle properties and provide a method to compute its perimeter efficiently.
202,3,Find the perimeter of a rectangle,Develop a high-performance Python utility that takes two numeric inputs representing the sides of a rectangle and returns their calculated perimeter with input validation.
202,4,Find the perimeter of a rectangle,Construct an advanced Python script using dataclasses to define a Rectangle object including a property method for calculating its perimeter adhering to best practices.
202,5,Find the perimeter of a rectangle,"Write a clean and efficient Python function that accepts length and width parameters, validates them strictly as positive numbers, and outputs the rectangle's perimeter."
202,6,Find the perimeter of a rectangle,Generate a production-ready Python solution using type hints to calculate the perimeter of any rectangular shape with floating-point or integer dimensions.
202,7,Find the perimeter of a rectangle,Implement an efficient Python algorithm that determines the total boundary length (perimeter) of a rectangle from user-provided side measurements without external dependencies.
202,8,Find the perimeter of a rectangle,Produce a well-documented and optimized Python code snippet featuring error handling for invalid inputs while accurately computing the perimeter of a rectangle.
202,9,Find the perimeter of a rectangle,Develop a scalable Python function using static typing to calculate the sum of twice the length plus twice the width (rectangle perimeter) with comprehensive input checks.
202,10,Find the perimeter of a rectangle,"Implement a robust and reusable Python class named RectangleCalculator with methods to compute the perimeter given length and width as arguments, ensuring input validation for non-negative numbers."
202,11,Find the perimeter of a rectangle,Write an optimized standalone Python script that defines a function to calculate the perimeter of any rectangle based on user-provided dimensions with comprehensive error handling.
202,12,Find the perimeter of a rectangle,Create a high-performance Python module containing a pure mathematical approach to determine the perimeter of a rectangle using type hinting and docstrings for clarity.
202,13,Find the perimeter of a rectangle,Develop a production-ready Python utility that accepts length and width parameters via command-line arguments or function calls to output the calculated perimeter efficiently.
202,14,Find the perimeter of a rectangle,Construct a clean and maintainable Python solution featuring type annotations for all variables in a dedicated function designed exclusively for computing rectangular perimeters.
203,0,Determine the area of a circle,"Implement a robust and efficient Python script to calculate the area of a circle given its radius using the formula A = πr², ensuring proper handling of negative inputs."
203,1,Determine the area of a circle,"Write a high-quality function in Python that computes the circular area from diameter with input validation, utilizing math.pi for precision and adhering to PEP 8 guidelines."
203,2,Determine the area of a circle,Create an optimized class-based solution in Python where the Circle object calculates its area dynamically based on radius or diameter inputs without redundant computations.
203,3,Determine the area of a circle,"Develop a standalone Python module that provides two distinct methods for calculating circle area (one from radius, one from circumference), including comprehensive error handling and type checking."
203,4,Determine the area of a circle,"Generate a concise yet professional Python function to determine the area of a circle using the built-in math library, ensuring it handles floating-point edge cases correctly."
203,5,Determine the area of a circle,Construct an advanced Python utility that calculates circular areas while supporting multiple input formats (radius/diameter/circumference) and returns results with appropriate units labeled in comments.
203,6,Determine the area of a circle,"Write a performant iterative solution in Python to compute the area of a circle using numerical approximations if needed, but defaulting to math.pi for optimal accuracy within standard constraints."
203,7,Determine the area of a circle,"Implement a type-annotated Python function that calculates circular area with docstrings explaining edge cases like zero or negative radii, following strict coding standards."
203,8,Determine the area of a circle,Design a scalable Python script capable of computing areas for large datasets of circles efficiently using list comprehensions and avoiding unnecessary object instantiation overhead.
203,9,Determine the area of a circle,Produce a clean and maintainable Python implementation that calculates circle area with support for both metric and imperial units conversion logic embedded within the core calculation function.
203,10,Determine the area of a circle,"Implement a robust and efficient Python script to calculate the area of a circle given its radius or diameter, ensuring input validation for non-negative values and using math.pi with high precision."
203,11,Determine the area of a circle,"Write a professional-grade function in Python that computes the area of a circle from either radius or diameter arguments, handling edge cases like zero or negative inputs gracefully while adhering to PEP 8 coding standards."
203,12,Determine the area of a circle,"Create an optimized and type-annotated Python class that calculates the area of a circle with methods for both radius-based and diameter-based computation, including comprehensive error handling and docstrings."
203,13,Determine the area of a circle,"Develop a high-performance Python utility function to determine the area of a circle based on user-provided dimensions, utilizing type hints, static analysis compatibility, and best practices for numerical accuracy."
203,14,Determine the area of a circle,"Generate a complete, production-ready Python module that includes functions to compute circular areas from radius or diameter inputs, featuring extensive input sanitization, clear error messages, and adherence to modern Python conventions."
204,0,Calculate the perimeter of a triangle,Implement a robust and production-ready Python class named TrianglePerimeterCalculator that computes the perimeter of any triangle given its side lengths with validation for valid triangles using strict equality checks.
204,1,Calculate the perimeter of a triangle,Write an efficient standalone Python function calculate_triangle_perimeter(sides) that takes a list or tuple of three floats and returns their sum while raising appropriate exceptions for invalid inputs or impossible triangle configurations.
204,2,Calculate the perimeter of a triangle,"Create a high-performance pure-Python utility module containing functions to compute the perimeter of triangles with support for multiple side input types including integers, lists, tuples, and numpy arrays without external dependencies if possible."
204,3,Calculate the perimeter of a triangle,Develop a comprehensive Python script that calculates triangle perimeters from various data structures while enforcing mathematical validity rules such as the triangle inequality theorem and providing detailed error messages for edge cases like collinear points or zero-length sides.
204,4,Calculate the perimeter of a triangle,Design an optimized type-annotated Python function get_perimeter(sides) that accepts three numeric arguments representing side lengths and returns their total length with comprehensive input validation logic implemented via custom exceptions.
204,5,Calculate the perimeter of a triangle,Construct a scalable and thread-safe helper module in Python capable of processing large datasets of triangle coordinates or side lists to calculate perimeters efficiently using parallel execution patterns where applicable.
204,6,Calculate the perimeter of a triangle,Write an advanced geometry utility function that calculates the perimeter of triangles while incorporating support for degenerate cases and providing unit test coverage examples within a single self-contained Python file adhering to PEP 8 guidelines.
204,7,Calculate the perimeter of a triangle,Implement a flexible input handler in Python that normalizes various numeric inputs into side lengths before computing the triangle perimeter using type hints for clarity and ensuring maximum execution speed through local variable optimization.
204,8,Calculate the perimeter of a triangle,"Develop a production-grade library component to calculate triangle perimeters featuring configuration options for validation strictness, logging capabilities, and support for both procedural and object-oriented usage patterns in Python projects."
204,9,Calculate the perimeter of a triangle,Generate an optimized algorithmic solution written in Python that computes the perimeter of triangles from user-provided side lengths with extensive documentation examples covering error handling scenarios including negative numbers and non-numeric inputs.
204,10,Calculate the perimeter of a triangle,Write a robust and production-ready Python script using class-based OOP principles to calculate the perimeter of any triangle based on user input side lengths. Ensure comprehensive error handling for non-numeric or invalid geometric inputs.
204,11,Calculate the perimeter of a triangle,Implement an efficient function in pure procedural Python that computes the perimeter of a triangle from three floating-point numbers adhering strictly to PEP 8 coding standards and input validation logic.
204,12,Calculate the perimeter of a triangle,Develop a type-annotated calculator class optimized for speed and readability in an environment with strict typing requirements that determines the perimeter of triangles from valid edge inputs only.
204,13,Calculate the perimeter of a triangle,"Create a standalone Python utility module containing best-practice practices to compute triangle perimeters using type hints, docstrings, and argument validation without any external dependencies."
204,14,Calculate the perimeter of a triangle,Engineer a highly performant solution in modern Python utilizing dataclasses or typed dicts that accepts three side lengths as parameters and returns the calculated perimeter with explicit checks for triangle inequality theorem validity.
205,0,Find the area of a parallelogram,Implement a robust and efficient Python script to calculate the area of a parallelogram given its base and height using the formula Area = Base * Height. Ensure all inputs are validated as positive numbers.
205,1,Find the area of a parallelogram,"Write a professional-grade Python function that computes the area of any polygon by decomposing it into triangles or trapezoids, specifically optimized for parallelograms defined by two vectors using cross product magnitude."
205,2,Find the area of a parallelogram,"Create an advanced Python utility class with methods to calculate the area of a parallelogram from coordinates (x1, y1), (x2, y2), and (x3, y3) using the determinant method. Include comprehensive error handling for invalid coordinate inputs."
205,3,Find the area of a parallelogram,"Develop a high-performance Python module that accepts base length and height as arguments to return the parallelogram area, ensuring thread safety and strict type hinting compliance with PEP 8 standards."
205,4,Find the area of a parallelogram,"Generate an optimized Python solution for finding the area of a parallelogram formed by two adjacent vectors u = (x1, y1) and v = (x2, y2), utilizing numpy operations where appropriate for numerical stability."
205,5,Find the area of a parallelogram,Write a clean and maintainable Python function that calculates the area of a parallelogram given side lengths 'a' and 'b' and included angle theta in degrees. Convert angles to radians internally before applying trigonometric functions.
205,6,Find the area of a parallelogram,"Construct a production-ready Python script capable of calculating the area of multiple parallelograms from user input lists, featuring modular design patterns for easy integration into larger data processing pipelines."
205,7,Find the area of a parallelogram,"Implement a precise mathematical function in Python to determine the area of a parallelogram using Heron's formula logic adapted for vector geometry, ensuring maximum floating-point accuracy without external dependencies."
205,8,Find the area of a parallelogram,Develop an object-oriented Python solution where a Parallelogram class stores base and height attributes with property decorators to enforce read-only validation before computing the area dynamically on demand.
205,9,Find the area of a parallelogram,"Produce a highly optimized pure-Python algorithm that calculates parallelogram area from four vertex coordinates (A, B, C, D) using the shoelace formula variant for quadrilaterals, specifically tailored to ensure convexity checks are performed."
205,10,Find the area of a parallelogram,"Implement a robust and efficient Python script to calculate the area of a parallelogram given its base and height as floating-point numbers. The code must include input validation, handle edge cases like zero dimensions, and follow PEP 8 conventions."
205,11,Find the area of a parallelogram,"Write a professional-grade Python function that computes the area of a parallelogram using two adjacent vectors (a list of tuples representing coordinates), utilizing the cross product magnitude for accuracy. Optimize performance and include docstrings with type hints."
205,12,Find the area of a parallelogram,Develop an optimized Python solution that accepts base and height as command-line arguments to compute the area of a parallelogram. Ensure error handling covers non-numeric inputs and negative dimensions while adhering to best-practice coding standards.
205,13,Find the area of a parallelogram,Create a high-performance Python class that calculates various geometric areas including triangles and rectangles using the same base-height logic for parallelograms. Implement strict type checking and comprehensive unit test examples within the script.
205,14,Find the area of a parallelogram,"Generate clean, production-ready Python code to find the area of a parallelogram from user input via the `input()` function. The implementation should convert inputs safely, validate that base and height are positive numbers, and output the result formatted clearly."
206,0,Measure the area of a trapezoid,Implement a robust and validated Python class to calculate the area of any trapezoid given its height and parallel side lengths.
206,1,Measure the area of a trapezoid,Write an optimized script using NumPy vectorization that computes areas for multiple sets of trapezoid dimensions in a single operation.
206,2,Measure the area of a trapezoid,Create a type-safe Python function with docstrings and input validation to compute the area of a trapezoid using the standard formula.
206,3,Measure the area of a trapezoid,Develop an efficient iterative solution in pure Python that processes user-defined trapezoid parameters and returns the calculated area immediately.
206,4,Measure the area of a trapezoid,Produce a high-performance module containing both static analysis-ready code for calculating trapezoid areas using type hints and error handling.
206,5,Measure the area of a trapezoid,Generate comprehensive Python code that calculates the area of irregular quadrilaterals by decomposing them into triangles first if they do not fit standard trapezoid criteria initially but are then converted to one for calculation purposes.
206,6,Measure the area of a trapezoid,Implement a memory-efficient generator function in Python that yields the area of a trapezoid for each input tuple from an iterator without storing all results.
206,7,Measure the area of a trapezoid,Compose a production-ready Python utility library with unit test cases demonstrating how to accurately measure the surface area of various geometric shapes including trapezoids using floating-point arithmetic optimization.
206,8,Measure the area of a trapezoid,Write an advanced recursive algorithm in Python that dynamically calculates the average and individual areas of a list of provided trapezoid dimensions while maintaining input data integrity.
206,9,Measure the area of a trapezoid,Develop a production-grade script with extensive logging capabilities to track inputs and outputs during high-volume batch processing of trapezoid area calculations in Python.
206,10,Measure the area of a trapezoid,"Implement a robust and type-annotated Python class named TrapezoidAreaCalculator that computes the area of any trapezoid given its parallel side lengths (a, b) and height (h), including input validation for positive real numbers."
206,11,Measure the area of a trapezoid,"Write a standalone Python script using NumPy to efficiently calculate the area of multiple trapezoids from an array of inputs, ensuring numerical precision with float64 and handling edge cases like zero height or negative dimensions gracefully."
206,12,Measure the area of a trapezoid,"Create a high-performance Python function that accepts parallel side lengths and height as arguments to compute the trapezoid area using the formula (a + b) * h / 2, with comprehensive error handling for invalid inputs."
206,13,Measure the area of a trapezoid,"Develop a production-ready Python module containing a function to measure the area of a trapezoid that utilizes dataclasses for input objects and includes detailed docstrings explaining parameters, return values, and exception scenarios."
206,14,Measure the area of a trapezoid,"Generate an optimized Python solution using the math module to calculate the exact area of a trapezoid from user-provided side lengths and height, ensuring strict adherence to PEP 8 coding standards and maximum computational efficiency."
207,0,Compare two shape areas,Write a robust Python script using object-oriented design to calculate and compare the areas of any given geometric shape based on user input dimensions.
207,1,Compare two shape areas,Implement an optimized function in Python that computes the area difference between two shapes provided as dictionaries with their respective formulas.
207,2,Compare two shape areas,Develop a professional-grade Python class structure to handle shape definition and provide methods for accurate area calculation side-by-side comparison.
207,3,Compare two shape areas,Create a high-performance Python utility module that accepts two shapes via JSON input and returns the absolute difference in their calculated areas using type hints.
207,4,Compare two shape areas,Write an efficient Python solution with error handling for invalid dimensions to compute and compare the surface area of circles and rectangles dynamically.
207,5,Compare two shape areas,"Construct a scalable Python framework where multiple shape types can be instantiated, their areas computed in O(1) time complexity, and then compared against each other."
207,6,Compare two shape areas,"Generate a clean, PEP 8 compliant Python program that parses user-defined shapes from command-line arguments and outputs the area comparison result with detailed logging."
207,7,Compare two shape areas,Build an advanced Python tool using functional programming paradigms to evaluate two arbitrary mathematical shape definitions and determine which has a larger enclosed area.
207,8,Compare two shape areas,Develop a memory-efficient Python script that processes large datasets of shape parameters to find the maximum possible area difference between any pair in the list.
207,9,Compare two shape areas,Produce a production-ready Python library function with comprehensive docstrings and unit test examples for comparing areas of polygons defined by vertex coordinates.
207,10,Compare two shape areas,"Implement a robust and efficient Python script using object-oriented design to calculate and compare the areas of any given geometric shapes (circle, rectangle, triangle) based on user input."
207,11,Compare two shape areas,Write a production-grade Python module that defines abstract base classes for different shapes and provides methods to compute their respective areas with error handling for invalid dimensions.
207,12,Compare two shape areas,Generate high-performance Python code using the `dataclasses` library to store shape parameters and a specialized method set that dynamically computes area differences between two arbitrary shapes provided as arguments.
207,13,Compare two shape areas,Create an optimized Python solution utilizing functional programming techniques with higher-order functions to define generic area calculators for various shapes and compare their outputs accurately.
207,14,Compare two shape areas,"Develop a clean and maintainable Python program that accepts shape configurations via configuration files or command-line arguments, calculates areas using vectorized operations where applicable, and prints the comparison results with detailed metrics."
208,0,Calculate the difference in areas,Implement a robust and efficient Python script using object-oriented principles to calculate the difference between two arbitrary polygon areas provided as coordinate lists. Ensure error handling for invalid inputs is included.
208,1,Calculate the difference in areas,Write a highly optimized pure Python function that computes the absolute difference in areas of any number of geometric shapes defined by their vertices using the Shoelace formula.
208,2,Calculate the difference in areas,Develop a production-ready module with type hints and docstrings to calculate area differences between two polygons stored as dictionaries. Include validation logic for non-planar or degenerate shapes.
208,3,Calculate the difference in areas,"Create an advanced Python utility class that dynamically calculates the difference in areas of complex polygons from user input lists, utilizing numerical stability techniques to prevent floating-point errors."
208,4,Calculate the difference in areas,Generate a comprehensive script featuring unit tests and integration examples that demonstrates how to calculate area differences between two shapes defined by latitude/longitude coordinates. Optimize for geographic precision.
208,5,Calculate the difference in areas,Formulate an elegant Python solution using list comprehensions and generator expressions to compute the ratio or difference of areas between multiple irregular polygons provided as JSON-compatible data structures.
208,6,Calculate the difference in areas,"Engineer a scalable algorithm in Python that accepts variable input formats (CSV, NDJSON) for polygon coordinates and outputs the calculated area difference with configurable decimal precision settings."
208,7,Calculate the difference in areas,Produce a clean and maintainable codebase containing both a calculator class and a standalone function to determine the disparity in areas between two convex polygons. Adhere strictly to modern Python version best practices.
208,8,Calculate the difference in areas,Construct a high-performance library component capable of batch processing multiple area difference calculations from large datasets without significant memory overhead or computational latency increases.
208,9,Calculate the difference in areas,Draft an instructional-grade Python program with extensive inline comments and a usage guide that explains how to accurately calculate the numerical difference in areas between two sets of defined points using vector mathematics.
208,10,Calculate the difference in areas,Implement a robust and type-annotated Python script using NumPy to calculate the difference between the areas of two polygons defined by their vertex coordinates. Ensure the code includes input validation error handling.
208,11,Calculate the difference in areas,"Write an efficient Python function that computes the absolute area difference between a rectangle and another shape using vectorized operations from NumPy, following PEP 8 coding standards for readability and maintainability."
208,12,Calculate the difference in areas,Develop a production-ready Python module with docstrings and unit test stubs to determine the difference in calculated areas between two geometric figures based on user-provided dimensions or coordinates.
208,13,Calculate the difference in areas,"Create an optimized Python solution using shapely library logic (or equivalent vector math) to find the area discrepancy between a bounding box and its inscribed polygon, ensuring maximum performance for large datasets."
208,14,Calculate the difference in areas,Construct a clean and modular Python class structure that accepts two shape objects as arguments and returns their exact area difference using floating-point arithmetic with appropriate precision handling.
209,0,Find the total perimeter sum,Implement a robust and high-performance Python script to calculate the total perimeter sum given any number of shapes with varying dimensions using only built-in libraries. Ensure type hints are used throughout.
209,1,Find the total perimeter sum,Write an optimized Python function that computes the aggregate perimeter from a list of geometric objects while strictly adhering to PEP 8 guidelines and best practices for code readability and efficiency.
209,2,Find the total perimeter sum,Create a scalable data processing module in Python where the core logic calculates the total sum perimeters based on user input parameters with input validation and clear error handling mechanisms.
209,3,Find the total perimeter sum,"Develop an efficient algorithmic solution using pure Python to determine the cumulative perimeter value for a collection of inputs, ensuring optimal time complexity and clean architectural design."
209,4,Find the total perimeter sum,"Generate professional-grade Python code that dynamically computes total perimeters from multiple input sources without external dependencies, focusing on modular structure and maintainability."
209,5,Find the total perimeter sum,Construct a concise yet fully documented Python script to evaluate the sum of all individual side lengths provided as arguments or file paths using standard libraries only. Focus on memory efficiency.
209,6,Find the total perimeter sum,Write an advanced Python utility function capable of handling edge cases when calculating total perimeter sums across diverse input formats while maintaining strict type safety and performance optimization.
209,7,Find the total perimeter sum,Produce a clean and executable Python program that iterates through user-provided data structures to compute the grand total of perimeters with detailed logging for debugging purposes during development.
209,8,Find the total perimeter sum,Implement a production-ready solution in Python using list comprehensions or generator expressions where possible to minimize overhead when summing up perimeter values from heterogeneous inputs. Follow modern coding standards.
209,9,Find the total perimeter sum,Design an optimal data transformation pipeline in Python that takes arbitrary polygon definitions and aggregates their perimeters into a single total value with comprehensive documentation for future maintenance.
209,10,Find the total perimeter sum,"Implement an efficient and robust Python script to calculate the total perimeter sum for a list of polygons using their side lengths, ensuring all inputs are validated as positive numbers and adhering strictly to PEP 8 coding standards."
209,11,Find the total perimeter sum,"Write a high-performance Python function that computes the aggregate perimeter from multiple geometric shapes defined by coordinate points or side arrays, with comprehensive error handling for invalid data types and dimensions."
209,12,Find the total perimeter sum,"Develop an optimized Python solution to determine the total perimeter sum of a collection of polygons, utilizing type hinting, docstrings, and input sanitization to guarantee code reliability and maintainability."
209,13,Find the total perimeter sum,"Create a professional-grade Python module that calculates the combined perimeter of various shapes based on provided parameters, featuring clear separation of concerns, extensive logging capabilities, and strict adherence to best practices for data integrity."
209,14,Find the total perimeter sum,"Generate a concise yet comprehensive Python program capable of summing perimeters from diverse polygon inputs, incorporating defensive programming techniques to handle edge cases such as zero-length sides or non-numeric values gracefully."
210,0,Area of a simple polygon,"Create a production-ready Python script that computes the area of any simple polygon given its vertices in order, ensuring robust handling of counter-clockwise and clockwise ordering using the Shoelace formula. All code must adhere to PEP 8 standards with detailed docstrings."
210,1,Area of a simple polygon,Implement a class named PolygonAreaCalculator that features optimized input validation for vertex coordinates and calculates polygon area via an efficient algorithm without redundant arithmetic operations during iteration over coordinate pairs.
210,2,Area of a simple polygon,"Write a comprehensive Python module defining a function to calculate the signed area of a simple polygon from a list of tuples representing vertices, including error handling for invalid inputs like duplicate consecutive points or non-closed polygons. The implementation should prioritize numerical precision and avoid floating-point errors."
210,3,Area of a simple polygon,"Develop an optimized standalone function in Python that determines the absolute area of a simple polygon using coordinate geometry principles, with input arguments defined as typed tuples for explicit type checking and clear API design suitable for library reuse. Ensure the solution is memory efficient for large vertex counts."
210,4,Area of a simple polygon,"Construct a high-performance Python utility that calculates polygon area by iterating over consecutive vertex pairs to apply the Shoelace formula, incorporating strict input sanitization to reject malformed coordinate lists and ensuring the output matches standard geometric definitions precisely. Follow all professional coding guidelines."
210,5,Area of a simple polygon,"Generate a fully type-annotated Python script that computes polygon area using vector cross products for each edge pair, optimizing loop execution speed while maintaining clarity through variable naming conventions and including comprehensive error messages for runtime failures or invalid geometric shapes. Output must be clean and well-documented."
210,6,Area of a simple polygon,"Produce a robust Python implementation capable of calculating the area of arbitrary simple polygons defined by ordered vertex lists, featuring explicit checks for collinear edges that do not enclose an area and ensuring maximum execution efficiency through minimal overhead operations. The code must follow industry best practices."
210,7,Area of a simple polygon,"Write a professional-grade Python function to find the geometric area of a simple polygon using coordinate data provided as input arguments, with rigorous validation logic to prevent calculation errors from unordered or invalid vertices and guaranteeing numerical accuracy across different input scales. Prioritize code readability and performance."
210,8,Area of a simple polygon,"Implement an efficient Python solver for the 'Area of a Simple Polygon' problem that accepts vertex coordinates as parameters, performs necessary sign adjustments to ensure positive area output regardless of traversal direction, and includes extensive docstrings explaining mathematical logic. Ensure strict adherence to coding standards."
210,9,Area of a simple polygon,"Develop a scalable Python library function for computing polygon areas using the Shoelace method, designed to handle large datasets with optimal performance characteristics including early exit conditions if invalid geometry is detected and full compatibility with standard scientific computing workflows. Code must be clean, tested implicitly by structure, and documented professionally."
210,10,Area of a simple polygon,Implement a robust and efficient Python script to calculate the area of any simple polygon given its vertices in order using the Shoelace formula. Ensure input validation checks for valid coordinates and correct vertex ordering.
210,11,Area of a simple polygon,"Write professional-grade Python code that computes the signed area of a non-self-intersecting polygon from an arbitrary list of coordinate tuples, handling both clockwise and counter-clockwise orders correctly with absolute value output."
210,12,Area of a simple polygon,Develop a high-performance function in pure Python to determine the enclosed area of a simple polygon defined by vertex coordinates without relying on external libraries like numpy or shapely.
210,13,Area of a simple polygon,"Create an optimized Python utility that accepts variable-length lists of (x, y) pairs representing polygon vertices and returns the total area using the determinant method while including comprehensive error handling for degenerate cases."
210,14,Area of a simple polygon,"Generate a complete, production-ready Python module containing functions to compute polygon areas based on coordinate inputs, following PEP 8 guidelines and ensuring numerical stability through appropriate data type usage."
211,0,Perimeter of a given shape,Implement a robust and reusable Python class named PerimeterCalculator that can compute the perimeter for any regular polygon given its side length and number of sides. Ensure all methods handle edge cases such as non-integer inputs or invalid geometries by raising descriptive exceptions.
211,1,Perimeter of a given shape,Write a highly optimized pure Python function to calculate the total area enclosed within multiple disjoint perimeters defined by coordinate lists. The solution must use vectorized operations where possible and minimize memory overhead.
211,2,Perimeter of a given shape,"Create an efficient utility module that supports dynamic shape definition via dictionaries, allowing users to input arbitrary vertex coordinates in any order and output the resulting perimeter length with sub-millimeter precision. Include validation logic to detect collinear vertices."
211,3,Perimeter of a given shape,Develop a type-annotated function capable of computing perimeters for composite shapes formed by unioning two simple polygons. The code must handle overlapping regions correctly and adhere strictly to PEP 8 naming conventions and linting standards.
211,4,Perimeter of a given shape,Construct a production-grade Python library component that calculates the perimeter of irregular closed paths using floating-point arithmetic while maintaining high numerical stability against precision errors. Document input constraints clearly in docstrings.
211,5,Perimeter of a given shape,Write a compact yet readable script that accepts shape data as arguments and outputs both the calculated perimeter and bounding box dimensions. Optimize for execution speed on large datasets containing thousands of polygon definitions.
211,6,Perimeter of a given shape,Design an advanced geometric solver in Python that computes perimeters based on implicit curve equations rather than explicit vertex lists. Ensure the algorithm converges reliably even when input parameters vary significantly.
211,7,Perimeter of a given shape,Generate a secure and modular function to determine perimeter measurements for encrypted shape data decoded at runtime. Include comprehensive error handling for invalid character sets or malformed binary inputs within the script.
211,8,Perimeter of a given shape,Build an integrated testing framework example that validates Python code calculating perimeters against known mathematical constants using unit tests with high coverage requirements and assert statements covering all boundary conditions.
211,9,Perimeter of a given shape,Draft a scalable backend service endpoint logic in Python to calculate dynamic perimeters for user-generated shape uploads. Ensure the solution handles concurrent requests efficiently without locking resources unnecessarily while returning JSON responses.
211,10,Perimeter of a given shape,"Implement a robust and type-annotated Python class to calculate the perimeter of various geometric shapes (rectangle, square, circle) using validated input parameters following PEP 8 standards."
211,11,Perimeter of a given shape,Write an optimized pure function in Python that accepts a shape name and dimensions as arguments to return its calculated perimeter with built-in error handling for invalid inputs.
211,12,Perimeter of a given shape,Create a high-performance script using the `dataclasses` module to define shapes and compute their perimeters efficiently while ensuring all mathematical operations use standard library constants like math.pi.
211,13,Perimeter of a given shape,Develop a production-ready Python solution that calculates perimeter for multiple shape types in parallel using the `concurrent.futures` module to maximize throughput on large datasets of shapes.
211,14,Perimeter of a given shape,Generate a clean and maintainable Python program utilizing docstrings and type hints to compute perimeters based on user-defined shape configurations with comprehensive input validation logic.
212,0,Area comparison challenge,Write a robust and fully documented Python script using only standard libraries to compare the total area (in square kilometers) of ten randomly generated polygons stored in separate text files. The code must handle file I/O errors gracefully.
212,1,Area comparison challenge,"Develop a robust and production-ready Python script using pandas to compare land areas between multiple countries based on CSV data files, ensuring proper error handling for missing values."
212,2,Area comparison challenge,Implement an optimized vectorized function in pure NumPy that calculates the percentage area difference between two given datasets without external dependencies like pandas or matplotlib.
212,3,Area comparison challenge,Write a high-performance Python script using multiprocessing to process and compare large geospatial shapefile datasets for overlapping regions efficiently.
212,4,Area comparison challenge,Create a type-annotated class structure in Python that encapsulates area comparison logic with built-in validation checks against standard geographic units like square kilometers or acres.
212,5,Area comparison challenge,Generate an efficient data processing pipeline using PySpark to compare regional population densities and land areas across thousands of administrative divisions.
212,6,Area comparison challenge,Construct a modular Python module with unit tests that simulates area comparisons between irregular polygon geometries defined by coordinate arrays.
212,7,Area comparison challenge,Develop an asynchronous Python application using asyncio to concurrently fetch and compare real-time satellite imagery data for land coverage analysis across different zones.
212,8,Area comparison challenge,Write a memory-efficient streaming algorithm in Python that processes large tabular datasets row-by-row to compute incremental area statistics without loading the entire file into RAM.
212,9,Area comparison challenge,Implement a comprehensive comparison utility using geopy and shapely libraries within a factory pattern design for comparing complex polygon areas with automatic projection handling.
212,10,Area comparison challenge,"Produce a fully documented Python library structure that includes benchmarks, configuration management options, and logging integration for scalable area analysis tasks."
212,11,Area comparison challenge,"Implement a robust and efficient Python script using pandas to compare the total area in square kilometers between multiple countries stored in a CSV file. Ensure data validation is strict, missing values are handled gracefully, and the output includes both individual areas and comparative statistics."
212,12,Area comparison challenge,Write a high-performance Python function that accepts two lists of geographic coordinates representing different regions and calculates their respective bounding box areas. Optimize for large datasets by using vectorized operations where possible and include comprehensive error handling for invalid coordinate inputs.
212,13,Area comparison challenge,"Develop a production-ready Python module that reads JSON data containing area measurements in various units (sq miles, sq km), converts them to a standard unit, and performs pairwise comparisons. The code must adhere to PEP 8 standards, include type hinting, and provide clear docstrings explaining the comparison logic."
212,14,Area comparison challenge,Create an optimized Python solution that computes the ratio of areas between two given shapes defined by their vertex coordinates. Use a geometric library or custom implementation with numerical precision safeguards to ensure accuracy and structure the code for easy integration into larger data analysis pipelines.
213,0,Simple shape area calculation,"Implement a robust and efficient Python class named 'ShapeAreaCalculator' with methods to calculate areas for rectangles (length * width), circles (pi * r^2), triangles (0.5 * base * height), and trapezoids ((a+b)*h/2). Include input validation using type checking and value constraints."
213,1,Simple shape area calculation,"Write a high-performance Python script that accepts user-defined geometric shapes via command-line arguments or JSON input, calculates their areas dynamically, and outputs results with detailed error handling for invalid dimensions."
213,2,Simple shape area calculation,"Create an optimized pure-Python function suite using dataclasses to represent Shape objects (Rectangle, Circle, Triangle) that computes area without external dependencies, ensuring thread-safety and comprehensive docstrings."
213,3,Simple shape area calculation,"Develop a scalable Python module for calculating simple shape areas featuring factory functions for instantiating shapes, type hinting throughout the codebase, and unit test coverage using pytest fixtures."
213,4,Simple shape area calculation,"Construct a clean and maintainable Python application that supports multiple polygon area calculations via triangulation algorithms if needed, with support for both scalar inputs and list-based coordinate arrays."
213,5,Simple shape area calculation,"Generate an advanced Python utility library containing decorators to validate shape parameters automatically before any calculation occurs, ensuring maximum security against runtime errors."
213,6,Simple shape area calculation,"Build a modular Python framework for geometric area computation using dependency injection patterns where shapes are injected into calculators, supporting extensibility for future complex polygons."
213,7,Simple shape area calculation,Produce a compact yet powerful Python one-liner solution wrapped in a class-based structure that computes areas of basic primitives with built-in logging capabilities for debugging purposes.
213,8,Simple shape area calculation,"Develop an industrial-strength Python calculator supporting area calculations for circles, rectangles, triangles, and trapezoids using context managers to handle resource cleanup during batch processing tasks."
213,9,Simple shape area calculation,"Write a production-ready Python package with __init__.py exports, type annotations via mypy compatibility, comprehensive error messages tailored to specific shape types, and integration examples for data pipelines."
213,10,Simple shape area calculation,"Create a comprehensive Python script that includes functions to calculate the area for any simple geometric shape (rectangle, circle, square) using type-safe input validation and returning results in standard units."
213,11,Simple shape area calculation,"Implement a highly optimized pure-Python solution with an abstract base class structure that calculates the area of basic shapes like triangle, trapezoid, and circle while ensuring maximum performance for bulk geometric calculations."
213,12,Simple shape area calculation,Write robust Python code using type hints and docstrings to define a factory pattern calculator capable of computing areas for various simple polygonal shapes with built-in error handling for invalid dimensions.
213,13,Simple shape area calculation,Develop an efficient Python module utilizing the `math` library that provides a standardized interface for calculating area measurements across different shape categories including ellipse and parallelogram.
213,14,Simple shape area calculation,"Generate best-practice Python code featuring class-based design principles with immutable inputs to compute precise area values for fundamental shapes like triangle, rectangle, circle, and square without external dependencies beyond the standard library."
214,0,Rectangle and square area task,Generate a robust and production-ready Python script that computes both the area and perimeter for any rectangle or square provided side lengths as input using type checking to ensure valid numeric arguments.
214,1,Rectangle and square area task,Implement an optimized class-based solution in Python where two separate methods calculate the area of rectangles and squares respectively with explicit validation against zero-length sides.
214,2,Rectangle and square area task,Write a highly efficient pure function using only `math` library to compute geometric properties for both rectangle and square shapes ensuring maximum performance on large datasets.
214,3,Rectangle and square area task,"Create a Python utility that accepts either single or multiple numeric inputs via argparse, calculates the respective areas based on shape classification, and outputs results in CSV format."
214,4,Rectangle and square area task,Develop a thread-safe module capable of calculating rectangle and square areas concurrently across many user requests with strict error handling for invalid floating-point values.
214,5,Rectangle and square area task,Construct a flexible calculator function that automatically detects whether input represents a general rectangle or an equilateral square to apply the correct mathematical formula without redundant checks.
214,6,Rectangle and square area task,Produce a clean and readable Python program with docstrings and inline comments explaining each step of calculating area for rectangles versus squares while adhering strictly to PEP 8 guidelines.
214,7,Rectangle and square area task,"Build an input-agnostic tool that handles integer, float, Decimal inputs seamlessly to compute areas for both rectangle dimensions and square side lengths with high precision support."
214,8,Rectangle and square area task,Engineer a memory-efficient generator function in Python that yields area calculations one by one instead of storing all results when processing thousands of geometric data points.
214,9,Rectangle and square area task,Write a comprehensive testing suite alongside the main logic to verify correct behavior for edge cases such as negative numbers and zero dimensions while maintaining optimal execution speed.
214,10,Rectangle and square area task,"Implement a robust and reusable class in Python to calculate the area of rectangles and squares using inheritance, ensuring input validation for non-negative dimensions."
214,11,Rectangle and square area task,Write an optimized function that accepts either 'rectangle' or 'square' strings as shapes and returns their respective areas based on provided width and height arguments.
214,12,Rectangle and square area task,"Create a high-performance script using type hints to define functions for calculating rectangle area (width * height) and square area (side ** 2), with comprehensive error handling."
214,13,Rectangle and square area task,Develop a professional Python module that encapsulates logic to determine if an input shape is a valid rectangle or square and returns the computed area in one efficient step.
214,14,Rectangle and square area task,"Generate clean, well-documented code with docstrings for two separate functions: 'calculate_rectangle_area' and 'calculate_square_area', designed to handle edge cases like zero dimensions or negative inputs gracefully."
215,0,Triangle perimeter finding,"Implement a robust and type-annotated Python class to calculate triangle perimeters from three side lengths, including validation for valid triangles using the triangle inequality theorem."
215,1,Triangle perimeter finding,Write an optimized pure function in Python that computes the perimeter of any given triangle based on its vertex coordinates or side lengths with comprehensive error handling.
215,2,Triangle perimeter finding,"Create a high-performance script using NumPy to calculate perimeters for large arrays of triangles defined by their vertices, ensuring numerical stability and efficiency."
215,3,Triangle perimeter finding,"Develop a modular Python module containing multiple functions: one for side-length input, another for coordinate-based calculation, with full docstrings following Google style guide."
215,4,Triangle perimeter finding,Generate an efficient and readable Python solution that accepts triangle data via JSON format to compute perimeters while validating geometric constraints automatically.
215,5,Triangle perimeter finding,Construct a scalable Python utility library with unit tests for calculating triangle perimeters from various input formats including side lengths and Cartesian coordinates.
215,6,Triangle perimeter finding,"Write a concise yet comprehensive Python function that calculates the perimeter of a triangle given its vertices as tuples, incorporating edge case handling such as collinear points or zero-length sides."
215,7,Triangle perimeter finding,Produce an advanced Python implementation using dataclasses and validation decorators to determine triangle perimeters from user input with detailed error messages for invalid geometries.
215,8,Triangle perimeter finding,Design a performant Python script capable of processing millions of triangle perimeter calculations in parallel threads while maintaining strict type safety and logging capabilities.
215,9,Triangle perimeter finding,"Develop a production-ready Python package with setup.py configuration for calculating triangle perimeters from side lengths or coordinates, featuring comprehensive documentation examples."
215,10,Triangle perimeter finding,"Implement a robust and type-annotated Python class named TrianglePerimeterCalculator that validates input side lengths for positivity and triangle inequality before calculating the perimeter. The code must include docstrings, follow PEP 8 standards, and use dataclasses or properties where appropriate."
215,11,Triangle perimeter finding,"Write an optimized Python function using type hints that accepts three numeric arguments representing side lengths of a triangle, performs necessary validation to ensure they form a valid non-degenerate triangle, and returns the calculated perimeter. Ensure error handling is explicit and efficient."
215,12,Triangle perimeter finding,"Generate professional-grade Python code that defines a function to compute the perimeter of any polygon given its vertices as coordinate tuples, specifically focusing on the case where the shape forms a triangle. The solution should include comprehensive input validation and return type hints."
215,13,Triangle perimeter finding,Create a high-performance Python module that includes a function to determine if three given numbers form a valid triangle using Heron's formula logic for area verification as an intermediate step before summing the sides. Ensure all edge cases are handled with clear exception messages.
215,14,Triangle perimeter finding,"Develop a clean and maintainable Python script that calculates the perimeter of a triangle given three side lengths using NumPy for vectorized operations if applicable, or pure arithmetic otherwise. The code must include unit test examples within the file to demonstrate correct behavior."
216,0,Find largest value in list,Implement an efficient and readable Python script to find the largest value in a list using built-in functions while ensuring it handles empty lists gracefully.
216,1,Find largest value in list,Write professional-grade Python code that iterates through a given sequence of numbers to identify the maximum element without relying on any external libraries.
216,2,Find largest value in list,Create an optimized function in Python that determines the largest value from an input list and includes comprehensive error handling for non-iterable inputs or empty sequences.
216,3,Find largest value in list,"Generate a robust solution using pure Python to locate the maximum integer in a provided collection of numbers, ensuring O(n) time complexity best practices are met."
216,4,Find largest value in list,Develop a clean and efficient Python program that extracts the largest value from an iterable list while adhering strictly to PEP 8 coding standards for readability and maintainability.
216,5,Find largest value in list,Write a high-performance Python script capable of finding the maximum element in a large dataset by utilizing the built-in max() function with appropriate validation logic.
216,6,Find largest value in list,"Produce an advanced algorithmic solution in Python to identify the largest number within a list, including edge case coverage for negative numbers and floating-point values."
216,7,Find largest value in list,"Implement a modular Python function that accepts any iterable sequence of comparable elements as input and returns the greatest value found, with detailed type hinting included."
216,8,Find largest value in list,"Craft an optimal Python routine to compute the maximum element in a list, ensuring minimal memory usage and maximal execution speed for bulk data processing tasks."
216,9,Find largest value in list,"Write production-ready Python code that finds the largest value in a user-provided list, incorporating input validation to reject invalid types and logging any exceptions encountered."
216,10,Find largest value in list,Implement a robust and efficient Python script to find the largest value in a list using built-in functions while ensuring input validation for empty lists.
216,11,Find largest value in list,Write optimized high-quality code that iterates through a given list of numbers to determine the maximum element without relying on external libraries beyond Python's standard library.
216,12,Find largest value in list,Create a professional-grade function in Python capable of handling various data types within a list and returning the largest value with comprehensive error handling for edge cases.
216,13,Find largest value in list,"Develop an advanced algorithmic solution to identify the maximum element in a sequence using only native Python constructs, adhering strictly to performance best practices."
216,14,Find largest value in list,"Generate clean and maintainable Python code that accepts any iterable as input and returns its largest item, including type hints and docstrings for clarity."
217,0,Remove duplicate items from collection,Implement a robust and efficient Python script to remove duplicate items from any given collection (list or tuple) while preserving original order.
217,1,Remove duplicate items from collection,Write optimized Python code that removes all duplicate elements from an input list using set operations but ensures the output maintains insertion order for compatibility with older Python versions.
217,2,Remove duplicate items from collection,"Create a high-performance Python function to deduplicate items in a collection where duplicates are defined by their hash value, handling unhashable types gracefully if possible or raising appropriate errors."
217,3,Remove duplicate items from collection,Develop a professional-grade Python utility that removes duplicate entries from a mixed-type list using identity comparison and provides detailed logging of the removal process.
217,4,Remove duplicate items from collection,Generate concise yet comprehensive Python code to filter out repeated items from an iterable collection without modifying the original data structure in place unless explicitly requested.
217,5,Remove duplicate items from collection,Write a production-ready Python module that accepts any sequence as input and returns a new list with unique elements sorted by their first occurrence index for deterministic behavior.
217,6,Remove duplicate items from collection,Implement an advanced Python solution to eliminate duplicate objects from a collection based on custom equality logic provided via a callable argument while adhering to strict type safety rules.
217,7,Remove duplicate items from collection,Construct a memory-efficient Python script that processes large datasets by removing duplicates using streaming techniques and avoids loading the entire dataset into RAM at once.
217,8,Remove duplicate items from collection,Produce clean and maintainable Python code to deduplicate items in a dictionary values list while keeping track of which original indices were removed for audit purposes.
217,9,Remove duplicate items from collection,Develop a fully typed Python function using type hints that removes duplicate elements from an input collection with comprehensive error handling for invalid inputs and edge cases like empty collections.
217,10,Remove duplicate items from collection,"Implement a production-ready utility to remove duplicate elements from any given collection, handling mixed data types and preserving insertion order as required by modern Python practices."
217,11,Remove duplicate items from collection,Write an efficient Python script that deduplicates items in lists using hash-based approaches while ensuring O(n) time complexity for large datasets.
217,12,Remove duplicate items from collection,Create a type-safe and optimized function capable of removing duplicates from heterogeneous collections without relying on external libraries beyond the standard library.
217,13,Remove duplicate items from collection,Develop a high-performance Python module dedicated to eliminating repeated items in sequences with robust error handling for unhashable elements using set operations or alternatives.
217,14,Remove duplicate items from collection,Generate concise and professional code that filters out unique occurrences from input arrays while maintaining stability across different data structures like tuples or sets.
218,0,Count total number of elements,"Implement an efficient and robust Python script to count the total number of elements in a list or tuple, ensuring it handles empty collections gracefully without raising errors."
218,1,Count total number of elements,Write a high-performance function that calculates the length of any iterable object using built-in methods while adhering strictly to PEP 8 coding standards and best practices for readability.
218,2,Count total number of elements,"Create an optimized Python utility module with multiple functions designed to count elements in various data structures including sets, dictionaries (keys), and generators without consuming extra memory unnecessarily."
218,3,Count total number of elements,"Develop a production-ready Python class that encapsulates the logic for counting total elements across different input types, ensuring thread safety and comprehensive error handling as per industry standards."
218,4,Count total number of elements,Generate concise and clear Python code using the len() function wrapped in a try-except block to safely count elements from user-provided inputs that might not be standard iterables.
218,5,Count total number of elements,"Write a scalable algorithmic solution in Python to determine element counts for large datasets efficiently, focusing on time complexity optimization and clean variable naming conventions."
218,6,Count total number of elements,"Construct a comprehensive test suite alongside the counting function that validates correctness against edge cases like None values, nested structures, and infinite iterators where applicable."
218,7,Count total number of elements,Produce type-annotated Python code for an element counter function that includes docstrings explaining usage scenarios and ensures compatibility with modern static analysis tools like mypy.
218,8,Count total number of elements,Design a flexible Python helper library component capable of counting elements in heterogeneous collections while maintaining backward compatibility with legacy scripts using older Python versions.
218,9,Count total number of elements,"Implement a memory-efficient iterator-based approach to count total elements when dealing with streaming data or massive files, avoiding loading the entire dataset into RAM at once."
218,10,Count total number of elements,"Implement a robust and efficient Python script to count the total number of elements in any given iterable (list, tuple, set, generator) using built-in functions. Ensure the code handles empty iterables gracefully and follows PEP 8 standards."
218,11,Count total number of elements,Write an optimized pure-Python function that accepts a single argument representing a collection of items and returns its length without converting it to another data structure unnecessarily. Prioritize performance for large datasets.
218,12,Count total number of elements,Create a production-ready Python module containing a class method `count_elements` designed to calculate the total number of elements in various container types with type hinting and comprehensive docstrings.
218,13,Count total number of elements,Develop a high-performance utility function that counts elements by leveraging the built-in `len()` operator directly on input arguments while ensuring strict type safety and handling edge cases like None values explicitly.
218,14,Count total number of elements,"Generate a concise yet professional Python solution to determine element count across multiple data structures including lists, tuples, sets, dictionaries (keys), strings, and bytes objects in a single unified function."
219,0,Sort numbers in ascending order,Implement an efficient and readable Python script to sort a list of numbers in ascending order using only built-in functions.
219,1,Sort numbers in ascending order,Write robust Python code that accepts user input for a sequence of integers and outputs them sorted from smallest to largest with proper error handling.
219,2,Sort numbers in ascending order,Develop a high-performance sorting utility in Python capable of processing large datasets efficiently using the Timsort algorithm inherent in standard library functions.
219,3,Sort numbers in ascending order,Create an optimized function that sorts numerical inputs and returns the result as a new list without modifying the original input data to ensure immutability best practices are followed.
219,4,Sort numbers in ascending order,Generate professional Python code for sorting numbers in ascending order with comprehensive docstrings explaining time complexity and usage examples adhering to PEP 8 standards.
219,5,Sort numbers in ascending order,Construct a type-annotated Python function designed specifically to sort mixed numeric types while maintaining high performance and code clarity for production environments.
219,6,Sort numbers in ascending order,Produce clean and concise Python instructions that read from a file containing space-separated numbers and write the sorted sequence back to an output file in ascending order.
219,7,Sort numbers in ascending order,Write advanced Python code utilizing list comprehensions and functional programming concepts to sort numerical arrays while ensuring optimal memory usage.
219,8,Sort numbers in ascending order,Implement a production-ready sorting module in Python that includes input validation for numeric data types and handles edge cases like empty lists or non-numeric inputs gracefully.
219,9,Sort numbers in ascending order,"Design an elegant Python solution to sort numbers in ascending order using the `sorted()` built-in with a custom key if necessary, ensuring maximum readability and execution speed."
219,10,Sort numbers in ascending order,Implement a robust and efficient Python script using list comprehensions to sort an arbitrary collection of numbers in ascending order.
219,11,Sort numbers in ascending order,Write optimized professional-grade Python code that sorts mixed data types containing numeric values into strict ascending numerical sequence without external libraries beyond the built-in 'sort' method or 'sorted()'. Ensure edge cases like empty inputs and negative numbers are handled correctly.
219,12,Sort numbers in ascending order,"Create a high-performance Python function that accepts an iterable of integers and returns a new list sorted in ascending order, adhering to PEP 8 coding standards and demonstrating memory efficiency for large datasets."
219,13,Sort numbers in ascending order,Generate complete Python code using the 'sorted()' built-in with keyword arguments to handle floating-point precision issues while ensuring a stable sort in ascending order for mixed numeric types.
219,14,Sort numbers in ascending order,"Develop a production-ready Python utility class method that performs an insertion-based or merge-sort algorithm to arrange numerical inputs from largest magnitude to smallest before reversing them for true ascending output, optimized for read performance and error handling."
220,0,Check if item exists inside list,Implement a robust and efficient Python script to check if an item exists within a list using modern best practices.
220,1,Check if item exists inside list,Write optimized Python code that verifies the presence of a specific element in a given list with clear error handling.
220,2,Check if item exists inside list,"Create a professional function to determine if an item is inside a list, ensuring it adheres to PEP 8 standards and handles edge cases gracefully."
220,3,Check if item exists inside list,Develop a high-performance Python utility for checking list membership that utilizes built-in features effectively without unnecessary overhead.
220,4,Check if item exists inside list,"Generate complete Python code to test if an object exists in a collection, focusing on readability and maintainability as per industry standards."
220,5,Check if item exists inside list,Write a concise yet comprehensive Python solution for finding whether a target item is present within a provided list structure.
220,6,Check if item exists inside list,Construct an optimized Python module that includes logic to verify element existence in lists with support for different data types.
220,7,Check if item exists inside list,Produce professional-grade Python code designed to check item membership within a list using the most efficient available methods.
220,8,Check if item exists inside list,Implement a clean and scalable Python function that checks for the existence of an arbitrary item inside a standard list variable.
220,9,Check if item exists inside list,Develop production-ready Python code to evaluate if a specific value exists within a list input with strict type safety considerations.
220,10,Check if item exists inside list,Implement a production-grade Python script to check if an item exists within a list using efficient time complexity and follow all best practices including type hinting.
220,11,Check if item exists inside list,"Write a robust function that accepts any iterable input in Python and returns whether a specific target value is present, ensuring the code is optimized for large datasets."
220,12,Check if item exists inside list,Create a high-quality utility module containing an `item_exists` class with clear documentation examples demonstrating efficient lookup operations on lists.
220,13,Check if item exists inside list,"Develop the most performant Python solution for verifying element membership in sequential collections, explicitly avoiding unnecessary overhead and adhering to PEP 8 guidelines."
220,14,Check if item exists inside list,"Generate an optimized code snippet that checks list containment with error handling logic, designed to handle edge cases such as empty lists or non-iterable inputs gracefully."
221,0,Reverse entire sequence backwards,Implement a high-performance Python script using list slicing to reverse an entire input sequence efficiently without creating intermediate copies when possible.
221,1,Reverse entire sequence backwards,"Write a robust and optimized Python function that reverses any iterable (list, tuple, string) in-place or returns the reversed result with O(1) space complexity considerations."
221,2,Reverse entire sequence backwards,Generate professional-grade Python code that handles edge cases such as empty sequences and nested structures while reversing them completely using standard library tools only.
221,3,Reverse entire sequence backwards,Create a production-ready Python module containing an optimized function to reverse the order of elements in a sequence with comprehensive type hinting and docstrings.
221,4,Reverse entire sequence backwards,"Develop an efficient Python utility that accepts any input format (list, set, tuple) and returns its exact reverse using minimal memory overhead best practices."
221,5,Reverse entire sequence backwards,Write a concise yet comprehensive Python script utilizing the slice operator to produce the complete backward sequence of any given data structure with maximum readability.
221,6,Reverse entire sequence backwards,Implement an advanced Python solution capable of reversing complex nested list structures recursively while maintaining high performance and strict type safety standards.
221,7,Reverse entire sequence backwards,Produce a clean and optimized Python function that reverses the entire sequence argument using itertools or built-in methods ensuring code golf efficiency without sacrificing clarity.
221,8,Reverse entire sequence backwards,Construct a scalable Python tool for reversing large sequences rapidly by leveraging generator expressions where appropriate to minimize peak memory usage during execution.
221,9,Reverse entire sequence backwards,Write the most accurate and optimized Python code snippet that inverts any sequence provided as input adhering strictly to PEP 8 guidelines and industry best practices for data manipulation.
221,10,Reverse entire sequence backwards,Implement a robust and efficient Python script using list comprehensions to reverse an entire sequence in-place without creating intermediate copies.
221,11,Reverse entire sequence backwards,"Write professional-grade Python code that accepts any iterable input and returns the reversed sequence as a new list, ensuring O(n) time complexity."
221,12,Reverse entire sequence backwards,"Create an optimized function in Python to reverse a mixed-type sequence (strings, integers, lists), handling edge cases like empty inputs gracefully while adhering to PEP 8 guidelines."
221,13,Reverse entire sequence backwards,Develop a high-performance utility module that includes multiple methods for reversing sequences using slicing and the built-in reversed() function with performance benchmarks included in comments.
221,14,Reverse entire sequence backwards,"Generate clean, production-ready Python code to reverse an entire sequence backwards, including type hints, docstrings, and error handling for non-iterable inputs."
222,0,Add two positive integers together,Write a robust and type-annotated Python script that adds two positive integers together using the built-in addition operator while ensuring input validation raises appropriate exceptions for invalid inputs.
222,1,Add two positive integers together,Implement an optimized function in Python that computes the sum of two non-negative integers with full error handling and strict adherence to PEP 8 coding standards.
222,2,Add two positive integers together,"Create a high-performance class method named 'add_positive_integers' in Python that accepts two integer arguments, validates them as positive numbers, and returns their sum efficiently."
222,3,Add two positive integers together,Develop a production-ready utility function in Python that calculates the total of two positive integers with comprehensive logging capabilities and input type checking.
222,4,Add two positive integers together,Write a clean and efficient Python program using functional programming principles to sum two positive integer arguments while including docstrings for all functions.
222,5,Add two positive integers together,Construct an optimized module in Python containing a function that adds two strictly positive integers with detailed error messages and input sanitization logic.
222,6,Add two positive integers together,"Generate a concise yet professional Python script that sums two integer values using the walrus operator for validation if supported or standard operators otherwise, ensuring maximum efficiency."
222,7,Add two positive integers together,Design an advanced calculator function in Python capable of adding any pair of positive integers with automatic type coercion and rigorous input boundary checks.
222,8,Add two positive integers together,Produce a well-documented Python script that implements the addition logic for two positive integers using dependency injection patterns where applicable to enhance testability.
222,9,Add two positive integers together,"Write a scalable and maintainable Python solution that adds two positive integers together with unit-ready structure, clear separation of concerns, and extensive inline comments explaining each step."
222,10,Add two positive integers together,"Implement a robust and production-ready Python script that adds two positive integers together, ensuring input validation for non-positive numbers and adhering to strict PEP 8 coding standards."
222,11,Add two positive integers together,Write an optimized pure-Python function using the built-in addition operator with type hinting and docstrings to calculate the sum of any two positive integers efficiently.
222,12,Add two positive integers together,"Create a high-performance Python utility module containing a class-based solution for adding two positive integers, including error handling for invalid inputs and comprehensive logging capabilities."
222,13,Add two positive integers together,"Develop a concise yet professional Python function that accepts two arguments representing positive integers, performs the addition operation, and returns the result with full type safety checks."
222,14,Add two positive integers together,Generate an efficient Python script designed for high-frequency numerical operations that sums two positive integers while incorporating input sanitization and performance benchmarks.
223,0,Subtract smaller number from larger value,Implement a robust and reusable Python class named 'ValueSubtractor' with an instance method to subtract the smaller value from the larger one among two inputs. Ensure input validation handles non-numeric types gracefully.
223,1,Subtract smaller number from larger value,Write a highly optimized pure function in Python that takes any number of arguments and returns the difference between the maximum and minimum values provided by those arguments.
223,2,Subtract smaller number from larger value,Create an efficient Python script using type hints to calculate the absolute difference between two numbers where one is always subtracted from the other based on their magnitude. Include comprehensive docstrings explaining edge cases like negative inputs.
223,3,Subtract smaller number from larger value,"Develop a production-ready utility function in Python that safely computes 'larger minus smaller' for any pair of numeric types (int or float), returning None if either argument is missing or non-numeric."
223,4,Subtract smaller number from larger value,Generate a concise and readable Python lambda expression combined with the built-in max() function to determine the difference between two values without using conditional statements inside the logic block.
223,5,Subtract smaller number from larger value,"Construct an advanced Python solution that accepts a list of numbers as input and returns a dictionary containing both the maximum value, minimum value, and their calculated difference. Ensure code adheres to strict PEP 8 guidelines."
223,6,Subtract smaller number from larger value,"Write a memory-efficient generator function in Python that yields pairs of (larger_value, smaller_value) from an iterable input where each pair represents the subtraction logic applied sequentially."
223,7,Subtract smaller number from larger value,Implement a type-safe decorator for Python functions that enforces numeric arguments and automatically applies the 'subtract smaller from larger' rule while logging any validation errors to stderr.
223,8,Subtract smaller number from larger value,Draft an optimized algorithm in Python using list comprehensions or map/filter operations to process a large dataset of numbers and output only the positive differences between adjacent elements after sorting them by magnitude.
223,9,Subtract smaller number from larger value,Produce a complete Python module with unit tests that demonstrates how to handle complex number subtraction logic while ensuring type safety and performance optimization for high-throughput scenarios.
223,10,Subtract smaller number from larger value,"Implement a robust and efficient Python function named 'subtract_values' that takes two numeric arguments and returns their difference by always subtracting the smaller value from the larger one. Ensure the code handles integer and float inputs gracefully, validates input types to reject non-numeric data with a clear error message, follows PEP 8 naming conventions, includes comprehensive docstrings explaining parameters and return values, and avoids unnecessary computational overhead."
223,11,Subtract smaller number from larger value,"Write a production-ready Python script that defines two variables representing numerical inputs, automatically determines which is larger or equal, calculates the difference by subtracting the smaller from the larger using built-in comparison operators, and prints the result in a formatted manner. The code must include input validation to ensure both values are numbers, raise appropriate exceptions for invalid types, adhere strictly to Python best practices regarding type hints (using typing module), and maintain high readability."
223,12,Subtract smaller number from larger value,"Create a highly optimized standalone Python class named 'ValueDiffer' with an instance method that computes the absolute difference between two numbers by subtracting the minimum of the arguments from the maximum. The implementation should leverage built-in library functions for efficiency, include type hinting for all parameters and return values, document edge cases such as negative numbers or equal inputs in a detailed docstring, ensure no external dependencies are required, and follow modern Python 3.x coding standards."
223,13,Subtract smaller number from larger value,"Develop a clean and maintainable Python utility function that accepts two optional numeric arguments with default values of zero if not provided. The function must identify the larger value and subtract it from the smaller one (effectively returning abs(a - b)), ensuring type safety by raising ValueError for non-numeric inputs, utilizing f-strings or format specifications in output statements for clarity, and structuring the code to maximize performance through minimal overhead."
223,14,Subtract smaller number from larger value,"Generate a professional-grade Python module containing a single function 'compute_difference' that reliably calculates the result of subtracting the smaller number from the larger one among two provided arguments. The solution must explicitly validate argument types to prevent runtime errors on non-numeric inputs, utilize type hinting for static analysis compatibility, include inline comments explaining logic flow, ensure thread-safety by avoiding mutable state within the function scope, and optimize execution speed using native Python operations without external libraries."
224,0,Divide first number by second integer,Implement a robust and reusable Python class named 'Divider' with an instance method to perform integer division between two numbers provided as arguments during initialization.
224,1,Divide first number by second integer,Write a high-performance pure-Python function that accepts two integers as input parameters and returns the quotient of their first-by-second operation without using external libraries.
224,2,Divide first number by second integer,"Create an optimized Python utility module containing multiple calculation methods for dividing one integer by another, including error handling for zero denominators via try-except blocks."
224,3,Divide first number by second integer,Develop a standalone script using the 'statistics' and 'operator' standard libraries to perform efficient division operations on two provided integers with comprehensive validation logic.
224,4,Divide first number by second integer,Produce a concise Python function that implements integer division using bitwise operators for enhanced computational speed when processing large numbers.
224,5,Divide first number by second integer,Write a professional-grade data processor script in Python designed to divide the first numerical input by the second within an iterative batch processing workflow context.
224,6,Divide first number by second integer,Generate type-annotated and docstring-rich Python code for dividing two integers using static analysis best practices suitable for enterprise software development environments.
224,7,Divide first number by second integer,Implement a memory-efficient recursive or iterative solution in Python to calculate the quotient of two large integers while minimizing stack depth concerns.
224,8,Divide first number by second integer,Construct an input-agnostic calculator script that accepts floating-point and integer pairs via command line arguments and outputs their division result with four decimal places precision.
224,9,Divide first number by second integer,Write a clean and maintainable Python generator function that yields results from dividing the first number of every pair in an input sequence by its corresponding second number.
224,10,Divide first number by second integer,"Implement a robust and efficient Python script that divides the first integer by the second integer in the list, handling zero division errors gracefully using try-except blocks."
224,11,Divide first number by second integer,Write a professional-grade Python function named 'divide_numbers' that accepts two integers as arguments and returns their quotient with high performance optimization for large inputs.
224,12,Divide first number by second integer,Create an optimized Python program using type hinting and static analysis compatibility to divide the first integer by the second integer while ensuring input validation is strict.
224,13,Divide first number by second integer,"Develop a clean, PEP 8 compliant Python module that contains a function for dividing two integers, including comprehensive docstrings and edge case handling such as negative numbers or division by zero."
224,14,Divide first number by second integer,"Generate high-quality Python code using the 'type: ignore' annotation where necessary to divide the first integer input by the second integer, ensuring maximum runtime efficiency."
225,0,Find sum of three consecutive values,Implement an efficient Python script to calculate the sum of three consecutive integers given their starting value using a single mathematical formula instead of iteration.
225,1,Find sum of three consecutive values,Write robust Python code that takes user input for any integer and returns the arithmetic progression sum of the next two numbers with proper error handling for non-integer inputs.
225,2,Find sum of three consecutive values,Create a high-performance function in Python using list comprehensions or generator expressions to compute sums of consecutive triplets from an arbitrary iterable sequence.
225,3,Find sum of three consecutive values,"Develop a type-hinted and documented Python class method that accepts three distinct arguments representing integers n-1, n, and n+1 and returns their total sum adhering to strict coding standards."
225,4,Find sum of three consecutive values,Generate optimized Python code capable of processing large datasets by calculating the cumulative sum of consecutive values using NumPy vectorization for speed.
225,5,Find sum of three consecutive values,Construct a clean and maintainable Python utility function that computes the average value among three consecutive inputs while also returning their individual components.
225,6,Find sum of three consecutive values,Write an advanced Python solution using recursion with memoization to determine the sum of any sequence of N consecutive values where N defaults to 3 for optimization purposes.
225,7,Find sum of three consecutive values,Produce a comprehensive Python script that validates input constraints ensuring exactly three distinct numbers are provided before calculating their arithmetic mean and total.
225,8,Find sum of three consecutive values,Implement an elegant functional programming approach in Python using the map filter reduce pattern to find sums of consecutive integer triplets efficiently.
225,9,Find sum of three consecutive values,Develop a production-ready Python module exposing a public API function that calculates sum(n-1)+n+(n+1) with comprehensive docstrings and inline comments explaining mathematical logic.
225,10,Find sum of three consecutive values,Implement an efficient and robust Python script to calculate the sum of three consecutive values given their starting integer using only core library functions while adhering strictly to PEP 8 style guidelines.
225,11,Find sum of three consecutive values,"Write a complete, optimized Python program that accepts any input for the first number in a sequence and returns the accumulated total of three subsequent integers with comprehensive error handling for non-integer inputs."
225,12,Find sum of three consecutive values,"Develop a high-performance pure-Python solution to sum three consecutive values from an iterable list or generator argument, ensuring maximum readability, minimal memory usage, and type hinting compliance."
225,13,Find sum of three consecutive values,"Create a production-ready Python function that takes the first term of an arithmetic sequence with a step size of one, computes the sum of its next two terms to form a triplet total, including inline docstrings and unit test placeholders."
225,14,Find sum of three consecutive values,"Generate best-practice Python code for computing the aggregate of three sequential numbers where logic includes input validation, explicit type checking via isinstance, and dynamic variable naming conventions per BNF standards."
226,0,Calculate product of four small digits,Implement an efficient Python script to calculate the product of four small digits using integer arithmetic and ensure it handles input validation robustly.
226,1,Calculate product of four small digits,Write a professional-grade function in Python that takes exactly four single-digit integers as arguments and returns their multiplicative result with type checking.
226,2,Calculate product of four small digits,Create an optimized Python solution to compute the product of four small digits using operator.mul or equivalent built-in functions for maximum performance.
226,3,Calculate product of four small digits,Develop a high-quality Python program that accepts user input for four small digits and outputs their calculated product while adhering to strict error handling protocols.
226,4,Calculate product of four small digits,Construct a concise yet robust Python function designed specifically to multiply four numeric values between 0 and 9 inclusive without external dependencies.
226,5,Calculate product of four small digits,Generate best-practice Python code that calculates the product of four small digits using list comprehension or map functions for clean and readable logic.
226,6,Calculate product of four small digits,Write a production-ready Python utility function to determine the result of multiplying four small integers with comprehensive input sanitization.
226,7,Calculate product of four small digits,Implement an efficient algorithm in pure Python that computes the product of four digits and includes docstrings explaining its time complexity and usage.
226,8,Calculate product of four small digits,Produce a clean and optimized Python script capable of calculating the multiplication result for any set of four small integers with minimal overhead.
226,9,Calculate product of four small digits,Develop a professional Python module function that calculates the product of four small digits ensuring thread safety considerations are implicitly handled through pure functional design.
226,10,Calculate product of four small digits,Implement a robust and well-documented Python script that accepts four small integer digits as input and computes their product using efficient arithmetic operations while adhering to PEP 8 coding standards.
226,11,Calculate product of four small digits,Write an optimized Python function designed specifically for calculating the cumulative product of exactly four single-digit numbers with comprehensive error handling for invalid input types or values outside the digit range.
226,12,Calculate product of four small digits,"Develop a high-performance Python solution that takes a list containing four small digits and returns their total product, ensuring type safety, code clarity, and strict adherence to professional software engineering best practices."
226,13,Calculate product of four small digits,"Create a clean and maintainable Python program capable of multiplying any combination of four integers where each value is between 0 and 9 inclusive, utilizing modern Python features for readability and performance."
226,14,Calculate product of four small digits,"Construct an efficient Python utility module that includes a function to calculate the product of four small digits, featuring input validation logic and consistent output formatting according to industry standards."
227,0,Determine remainder when divided evenly,"Implement an efficient and robust Python script to calculate the remainder when one integer is divided evenly by another, ensuring both arguments are validated as integers before execution."
227,1,Determine remainder when divided evenly,Write a professional-grade Python function that computes the modulo operation between two numbers with clear error handling for non-integer inputs or zero divisors.
227,2,Determine remainder when divided evenly,Create an optimized high-quality Python module containing a class-based solution to determine remainders from division operations using standard arithmetic operators.
227,3,Determine remainder when divided evenly,Develop a concise and production-ready Python function that returns the remainder of the integer quotient operation while adhering to PEP 8 coding standards.
227,4,Determine remainder when divided evenly,Generate a fully functional Python utility script capable of calculating remainders for any pair of valid integers with comprehensive input validation logic.
227,5,Determine remainder when divided evenly,Write a performant and bug-free Python function specifically designed to determine the remainder when divided evenly without using external libraries or complex algorithms.
227,6,Determine remainder when divided evenly,"Construct an enterprise-level Python solution for computing division remainders that includes type hints, docstrings, and edge case coverage for negative numbers."
227,7,Determine remainder when divided evenly,Produce a clean and maintainable Python code snippet implementing the modulo operation to find remainders while ensuring strict adherence to best practices in software engineering.
227,8,Determine remainder when divided evenly,Implement a scalable Python function that calculates even division remainders with maximum efficiency for large integer datasets using native CPython optimizations.
227,9,Determine remainder when divided evenly,"Write a definitive and authoritative Python script to determine the remainder of an evenly divided number pair, featuring inline documentation and input sanitization."
227,10,Determine remainder when divided evenly,Implement an efficient and robust Python script that determines the remainder when one integer is divided evenly by another using the modulo operator. The solution must handle negative numbers correctly and follow PEP 8 coding standards.
227,11,Determine remainder when divided evenly,Write a complete Python function named calculate_remainder that takes two integers as arguments to compute their division remainder with input validation for zero divisors. Optimize the code for readability and performance without using external libraries.
227,12,Determine remainder when divided evenly,Create a production-ready Python module containing a class-based approach where an instance performs arithmetic operations on two numbers to yield the remainder result when dividing evenly. Ensure all methods are type-hinted and include comprehensive error handling for invalid inputs.
227,13,Determine remainder when divided evenly,Develop a concise yet fully documented Python program that calculates the modulo of a dividend by a divisor using only built-in language features. The code must explicitly handle edge cases such as non-integer types and zero divisors while maintaining strict adherence to best practices.
227,14,Determine remainder when divided evenly,"Generate high-quality Python source code for computing the remainder from two integer inputs using a dedicated function. The implementation should prioritize execution speed, include inline documentation strings, and utilize type hints for static analysis compatibility."
228,0,Check if result is even or odd,Implement a robust and efficient Python script to determine if an integer is even or odd using bitwise operations for maximum performance.
228,1,Check if result is even or odd,Write a professional-grade function that checks the parity of any input value with explicit type validation and error handling.
228,2,Check if result is even or odd,Create an optimized Python solution to classify numbers as even or odd based on modulo arithmetic while adhering to PEP 8 coding standards.
228,3,Check if result is even or odd,Develop a high-quality utility function that returns 'even' or 'odd' for any integer input with comprehensive docstrings and type hints.
228,4,Check if result is even or odd,Generate a production-ready Python module containing a class-based approach to check number parity with full validation logic.
228,5,Check if result is even or odd,Write an efficient Python function that determines even or odd status using the modulo operator and includes input sanitization for non-integer types.
228,6,Check if result is even or odd,"Implement a best-practice algorithm in Python to check parity with clear variable naming, logical structure, and performance optimization."
228,7,Check if result is even or odd,Construct a standalone Python script that accepts user input or arguments to classify numbers as even or odd using the most performant method available.
228,8,Check if result is even or odd,Develop a clean and maintainable Python function for parity checking with extensive edge case handling and inline comments explaining logic flow.
228,9,Check if result is even or odd,Produce an optimized Python implementation that evaluates the evenness or oddness of integers using both bitwise AND and modulo techniques for comparison.
228,10,Check if result is even or odd,Implement a robust and efficient Python script that determines whether an integer is even or odd using bitwise operations for maximum performance.
228,11,Check if result is even or odd,"Write a production-ready function in Python to check the parity of any input number, ensuring it handles edge cases like negative numbers and non-integer inputs gracefully while adhering to PEP 8 standards."
228,12,Check if result is even or odd,"Create an optimized class-based solution in Python that provides methods for checking if a value is even or odd, with comprehensive input validation and clear documentation following best practices."
228,13,Check if result is even or odd,"Develop a high-performance utility function to classify integers as even or odd without using conditional branching where possible, ensuring the code is readable, maintainable, and follows Pythonic conventions."
228,14,Check if result is even or odd,"Generate a complete Python module containing multiple functions for parity checking that includes type hints, docstrings, and error handling to ensure reliability in production environments."
229,0,Calculate area of rectangle from dimensions,Implement a robust and efficient Python script using type hints to calculate the area of a rectangle given its length and width as integer inputs.
229,1,Calculate area of rectangle from dimensions,"Write a production-ready Python function that computes the rectangular area from dimensions, including input validation for non-negative numbers."
229,2,Calculate area of rectangle from dimensions,Create an optimized Python solution using dataclasses to represent rectangle dimensions and provide a method to calculate the total area with error handling.
229,3,Calculate area of rectangle from dimensions,"Develop a high-performance Python utility function that takes length and width arguments as floats or integers, validates them, and returns the calculated area."
229,4,Calculate area of rectangle from dimensions,Generate a clean and maintainable Python module containing a class-based approach to calculate rectangle areas with comprehensive docstrings and type annotations.
229,5,Calculate area of rectangle from dimensions,Produce an advanced Python script that calculates the area of a rectangle from dimensions while strictly adhering to PEP 8 guidelines and using f-strings for clarity.
229,6,Calculate area of rectangle from dimensions,Construct a versatile Python function capable of calculating rectangular areas from various dimension inputs with automatic type coercion and exception handling.
229,7,Calculate area of rectangle from dimensions,Write a concise yet professional Python implementation that determines the rectangle area using lambda functions or functional programming principles where appropriate.
229,8,Calculate area of rectangle from dimensions,Build an enterprise-grade Python calculator service for rectangular areas featuring extensive input sanitization and detailed logging capabilities.
229,9,Calculate area of rectangle from dimensions,Design a flexible Python tool that calculates the area of a rectangle from dimensions with support for multiple unit types and conversion logic before outputting the result.
229,10,Calculate area of rectangle from dimensions,Implement a robust and type-annotated Python function to calculate the area of a rectangle given its length and width as input. The code must include comprehensive error handling for non-positive dimensions and follow PEP 8 standards.
229,11,Calculate area of rectangle from dimensions,"Write an optimized class-based solution in Python that computes the area of a rectangle, ensuring it accepts numeric inputs only via type hints and raises appropriate exceptions for invalid data types or values. Include docstrings explaining the logic."
229,12,Calculate area of rectangle from dimensions,"Create a production-ready Python script with unit testing examples that calculates rectangular area from dimensions using strict input validation, ensuring high performance and adherence to best practices in software engineering."
229,13,Calculate area of rectangle from dimensions,"Generate efficient Python code containing both an iterative calculation method and a functional approach for determining rectangle area, with explicit type checking and clear documentation on edge cases like zero or negative dimensions."
229,14,Calculate area of rectangle from dimensions,"Develop a clean and maintainable Python module that provides multiple functions to compute the area of a rectangle from user-provided dimensions, including support for both float and int inputs with rigorous input sanitization logic."
