topic_id,instruction_id,topic,instruction,code,valid,compile_valid,runtime_valid,validation_error,variant_idx,id,code_file
0,0,Extract digits from mixed strings,"Write a robust Python function that extracts all digits from a mixed alphanumeric string and returns them as an integer, handling empty results gracefully.","def extract_digits_as_int(s):
    digits = ''.join(c for c in s if c.isdigit())
    if not digits:
        return 0
    return int(digits)

if __name__ == '__main__':
    samples = [
        'a1b2c3',
        '123',
        'abc',
        '',
        'x42y7z',
        'no_digits_here!',
        '007'
    ]
    for sample in samples:
        print(extract_digits_as_int(sample))",True,True,False,,0,0,0_0.py
0,0,Extract digits from mixed strings,"Write a robust Python function that extracts all digits from a mixed alphanumeric string and returns them as an integer, handling empty results gracefully.","def extract_digits(string):
    digits = []
    for char in string:
        if char.isdigit():
            digits.append(char)
    
    if not digits:
        return None
    
    number_str = """".join(digits)
    return int(number_str)

if __name__ == '__main__':
    test_string = ""abc123def456""
    result = extract_digits(test_string)
    print(result)
    
    test_empty = ""abc""
    empty_result = extract_digits(test_empty)
    print(empty_result)
    
    test_numbers = ""789""
    numbers_only = extract_digits(test_numbers)
    print(numbers_only)",True,True,False,,1,1,0_0_1.py
0,0,Extract digits from mixed strings,"Write a robust Python function that extracts all digits from a mixed alphanumeric string and returns them as an integer, handling empty results gracefully.","def extract_digits_to_int(s):
    digits = [char for char in s if char.isdigit()]
    if not digits:
        return 0
    return int("""".join(digits))

if __name__ == ""__main__"":
    test_cases = [
        ""abc123def"",
        ""no_digits_here"",
        ""9876543210"",
        ""mixed99and77"",
        """",
        ""a1b2c3""
    ]
    for case in test_cases:
        result = extract_digits_to_int(case)
        print(result)",True,True,False,,2,2,0_0_2.py
0,0,Extract digits from mixed strings,"Write a robust Python function that extracts all digits from a mixed alphanumeric string and returns them as an integer, handling empty results gracefully.","def extract_digits_to_int(s):
    digits = ''.join(c for c in s if c.isdigit())
    if not digits:
        return 0
    return int(digits)

if __name__ == '__main__':
    print(extract_digits_to_int(""abc123def456""))
    print(extract_digits_to_int(""no_digits_here""))
    print(extract_digits_to_int(""42""))
    print(extract_digits_to_int(""""))
    print(extract_digits_to_int(""a1b2c3""))",True,True,False,,3,3,0_0_3.py
0,0,Extract digits from mixed strings,"Write a robust Python function that extracts all digits from a mixed alphanumeric string and returns them as an integer, handling empty results gracefully.","def extract_digits_as_integer(text):
    digits = [char for char in text if char.isdigit()]
    if not digits:
        return 0
    return int(''.join(digits))

if __name__ == '__main__':
    result1 = extract_digits_as_integer(""abc123def456"")
    print(result1)
    result2 = extract_digits_as_integer(""no_digits_here"")
    print(result2)
    result3 = extract_digits_as_integer(""789"")
    print(result3)",True,True,False,,4,4,0_0_4.py
0,0,Extract digits from mixed strings,"Write a robust Python function that extracts all digits from a mixed alphanumeric string and returns them as an integer, handling empty results gracefully.","def extract_digits_to_integer(s: str) -> int:
    digits = [char for char in s if char.isdigit()]
    if not digits:
        return 0
    return int("""".join(digits))

if __name__ == ""__main__"":
    sample_strings = [""abc123xyz"", ""no_digits_here"", ""0042"", ""!@#5678"", """"]
    for text in sample_strings:
        result = extract_digits_to_integer(text)
        print(f""Input: '{text}' -> Output: {result}"")",True,True,False,,5,5,0_0_5.py
0,0,Extract digits from mixed strings,"Write a robust Python function that extracts all digits from a mixed alphanumeric string and returns them as an integer, handling empty results gracefully.","def extract_digits_to_int(s):
    digits = ''.join(c for c in s if c.isdigit())
    if not digits:
        return 0
    return int(digits)

if __name__ == '__main__':
    print(extract_digits_to_int(""a1b2c3""))
    print(extract_digits_to_int(""no_digits_here""))
    print(extract_digits_to_int(""42is_theway""))
    print(extract_digits_to_int(""""))
    print(extract_digits_to_int(""007bond""))",True,True,False,,6,6,0_0_6.py
0,0,Extract digits from mixed strings,"Write a robust Python function that extracts all digits from a mixed alphanumeric string and returns them as an integer, handling empty results gracefully.","def extract_digits(mixed_string):
    if not mixed_string:
        return 0
    digits = [char for char in mixed_string if char.isdigit()]
    if not digits:
        return 0
    return int("""".join(digits))

if __name__ == '__main__':
    print(extract_digits(""abc123def456""))
    print(extract_digits(""no_digits_here""))
    print(extract_digits(""""))
    print(extract_digits(""123""))",True,True,False,,7,7,0_0_7.py
0,0,Extract digits from mixed strings,"Write a robust Python function that extracts all digits from a mixed alphanumeric string and returns them as an integer, handling empty results gracefully.","def extract_digits(s: str) -> int:
    digits = ''.join(c for c in s if c.isdigit())
    if not digits:
        return 0
    return int(digits)

if __name__ == '__main__':
    test_cases = [
        ""abc123def45"",
        ""no_digits_here"",
        ""9999"",
        """",
        ""a0b0c0"",
        ""mixed123text456end789""
    ]
    for case in test_cases:
        result = extract_digits(case)
        print(f""Input: '{case}' -> Output: {result}"")",True,True,False,,8,8,0_0_8.py
0,0,Extract digits from mixed strings,"Write a robust Python function that extracts all digits from a mixed alphanumeric string and returns them as an integer, handling empty results gracefully.","def extract_digits_to_int(s: str) -> int:
    digits = [ch for ch in s if ch.isdigit()]
    if not digits:
        return 0
    return int(''.join(digits))

if __name__ == '__main__':
    print(extract_digits_to_int(""a1b2c3""))
    print(extract_digits_to_int(""hello""))
    print(extract_digits_to_int(""42 is the answer""))
    print(extract_digits_to_int(""""))
    print(extract_digits_to_int(""no_digits_here""))
    print(extract_digits_to_int(""12345""))",True,True,False,,9,9,0_0_9.py
0,0,Extract digits from mixed strings,"Write a robust Python function that extracts all digits from a mixed alphanumeric string and returns them as an integer, handling empty results gracefully.","def extract_digits(s):
    digits = [c for c in s if c.isdigit()]
    if not digits:
        return 0
    return int(''.join(digits))

if __name__ == '__main__':
    print(extract_digits(""a1b2c3""))
    print(extract_digits(""abc""))
    print(extract_digits(""123""))",True,True,False,,10,10,0_0_10.py
0,0,Extract digits from mixed strings,"Write a robust Python function that extracts all digits from a mixed alphanumeric string and returns them as an integer, handling empty results gracefully.","def extract_digits_to_int(s):
    digits = [char for char in s if char.isdigit()]
    if not digits:
        return 0
    return int(''.join(digits))

if __name__ == '__main__':
    sample1 = ""abc123def""
    sample2 = ""no_digits_here""
    sample3 = ""99x88y77z""
    sample4 = """"
    print(extract_digits_to_int(sample1))
    print(extract_digits_to_int(sample2))
    print(extract_digits_to_int(sample3))
    print(extract_digits_to_int(sample4))",True,True,False,,11,11,0_0_11.py
0,0,Extract digits from mixed strings,"Write a robust Python function that extracts all digits from a mixed alphanumeric string and returns them as an integer, handling empty results gracefully.","def extract_digits_as_integer(text):
    digits = ''.join(char for char in text if char.isdigit())
    if not digits:
        return 0
    return int(digits)

if __name__ == '__main__':
    print(extract_digits_as_integer(""abc123def456""))
    print(extract_digits_as_integer(""no_digits_here""))
    print(extract_digits_as_integer(""789""))
    print(extract_digits_as_integer(""""))
    print(extract_digits_as_integer(""a1b2c3""))",True,True,False,,12,12,0_0_12.py
0,0,Extract digits from mixed strings,"Write a robust Python function that extracts all digits from a mixed alphanumeric string and returns them as an integer, handling empty results gracefully.","def extract_digits_to_int(mixed_string):
    digits = [char for char in mixed_string if char.isdigit()]
    if not digits:
        return 0
    return int(''.join(digits))

if __name__ == '__main__':
    result = extract_digits_to_int(""abc123def456"")
    print(result)
    result2 = extract_digits_to_int(""no digits here!"")
    print(result2)",True,True,False,,13,13,0_0_13.py
0,0,Extract digits from mixed strings,"Write a robust Python function that extracts all digits from a mixed alphanumeric string and returns them as an integer, handling empty results gracefully.","def extract_digits_to_int(s):
    digits = [char for char in s if char.isdigit()]
    if not digits:
        return 0
    return int("""".join(digits))

if __name__ == '__main__':
    sample1 = ""abc123def456""
    sample2 = ""no_digits_here""
    sample3 = ""7x8y9z""
    sample4 = """"
    print(extract_digits_to_int(sample1))
    print(extract_digits_to_int(sample2))
    print(extract_digits_to_int(sample3))
    print(extract_digits_to_int(sample4))",True,True,False,,14,14,0_0_14.py
0,0,Extract digits from mixed strings,"Write a robust Python function that extracts all digits from a mixed alphanumeric string and returns them as an integer, handling empty results gracefully.","def extract_digits_as_integer(s):
    digits = [c for c in s if c.isdigit()]
    if not digits:
        return 0
    return int(''.join(digits))

if __name__ == '__main__':
    print(extract_digits_as_integer(""abc123def456""))
    print(extract_digits_as_integer(""no_digits_here""))
    print(extract_digits_as_integer(""99bottles""))
    print(extract_digits_as_integer(""""))
    print(extract_digits_as_integer(""a1b2c3""))",True,True,False,,15,15,0_0_15.py
0,0,Extract digits from mixed strings,"Write a robust Python function that extracts all digits from a mixed alphanumeric string and returns them as an integer, handling empty results gracefully.","import re

def extract_digits_as_int(text):
    digits = re.findall(r'\d', text)
    if not digits:
        return 0
    return int("""".join(digits))

if __name__ == '__main__':
    print(extract_digits_as_int(""a1b2c3""))
    print(extract_digits_as_int(""abc""))
    print(extract_digits_as_int(""123""))
    print(extract_digits_as_int(""""))",True,True,False,,16,16,0_0_16.py
0,0,Extract digits from mixed strings,"Write a robust Python function that extracts all digits from a mixed alphanumeric string and returns them as an integer, handling empty results gracefully.","def extract_digits_to_integer(s: str) -> int:
    digits = [char for char in s if char.isdigit()]
    if not digits:
        return 0
    return int("""".join(digits))

if __name__ == '__main__':
    sample_input_1 = ""abc123xyz""
    sample_input_2 = ""no digits here""
    sample_input_3 = ""9876543210""
    sample_input_4 = ""1a2b3c4d5e""
    
    print(extract_digits_to_integer(sample_input_1))
    print(extract_digits_to_integer(sample_input_2))
    print(extract_digits_to_integer(sample_input_3))
    print(extract_digits_to_integer(sample_input_4))",True,True,False,,17,17,0_0_17.py
0,0,Extract digits from mixed strings,"Write a robust Python function that extracts all digits from a mixed alphanumeric string and returns them as an integer, handling empty results gracefully.","def extract_digits_to_int(s):
    digits = ''.join(c for c in s if c.isdigit())
    if not digits:
        return 0
    return int(digits)

if __name__ == '__main__':
    print(extract_digits_to_int(""a1b2c3""))
    print(extract_digits_to_int(""hello""))
    print(extract_digits_to_int(""123""))
    print(extract_digits_to_int(""abc""))
    print(extract_digits_to_int(""007agent""))
    print(extract_digits_to_int(""""))
    print(extract_digits_to_int(""x5y6z7""))",True,True,False,,18,18,0_0_18.py
0,0,Extract digits from mixed strings,"Write a robust Python function that extracts all digits from a mixed alphanumeric string and returns them as an integer, handling empty results gracefully.","def extract_digits(text):
    digits = """".join(c for c in text if c.isdigit())
    if not digits:
        return 0
    return int(digits)

if __name__ == '__main__':
    result = extract_digits(""a1b2c3d4"")
    print(result)
    
    result_empty = extract_digits(""abc"")
    print(result_empty)
    
    result_mixed = extract_digits(""123"")
    print(result_mixed)",True,True,False,,19,19,0_0_19.py
0,1,Extract digits from mixed strings,Implement an efficient Python script using list comprehensions to filter and join numeric characters from a given string variable into a single numeric string.,"def extract_numbers(input_string: str) -> str:
    return """".join([char for char in input_string if char.isdigit()])

if __name__ == ""__main__"":
    sample_text = ""Order 12345 shipped on 2023-10-05 with tracking #9876543210!""
    result = extract_numbers(sample_text)
    print(result)",True,True,False,,0,20,0_1.py
0,1,Extract digits from mixed strings,Implement an efficient Python script using list comprehensions to filter and join numeric characters from a given string variable into a single numeric string.,"def extract_numeric_string(s):
    return ''.join([c for c in s if c.isdigit()])

if __name__ == '__main__':
    sample = ""abc123def456ghi789""
    print(extract_numeric_string(sample))",True,True,False,,1,21,0_1_1.py
0,1,Extract digits from mixed strings,Implement an efficient Python script using list comprehensions to filter and join numeric characters from a given string variable into a single numeric string.,"def extract_numeric_string(input_string):
    return """".join([char for char in input_string if char.isdigit()])

if __name__ == '__main__':
    result = extract_numeric_string(""a1b2c3d4e5f6g7h8i9j0"")
    print(result)",True,True,False,,2,22,0_1_2.py
0,1,Extract digits from mixed strings,Implement an efficient Python script using list comprehensions to filter and join numeric characters from a given string variable into a single numeric string.,"def extract_and_join_numbers(text):
    return """".join([char for char in text if char.isdigit()])

if __name__ == '__main__':
    sample_string = ""abc123def45gh678""
    result = extract_and_join_numbers(sample_string)
    print(result)",True,True,False,,3,23,0_1_3.py
0,1,Extract digits from mixed strings,Implement an efficient Python script using list comprehensions to filter and join numeric characters from a given string variable into a single numeric string.,"def filter_and_join_numeric_chars(s):
    return ''.join([c for c in s if c.isdigit()])

if __name__ == '__main__':
    sample_string = ""abc123def456ghi789""
    result = filter_and_join_numeric_chars(sample_string)
    print(result)",True,True,False,,4,24,0_1_4.py
0,1,Extract digits from mixed strings,Implement an efficient Python script using list comprehensions to filter and join numeric characters from a given string variable into a single numeric string.,"def filter_and_join_numeric_chars(text):
    return """".join([char for char in text if char.isnumeric()])

if __name__ == '__main__':
    sample_text = ""abc123!@#456""
    result = filter_and_join_numeric_chars(sample_text)
    print(result)",True,True,False,,5,25,0_1_5.py
0,1,Extract digits from mixed strings,Implement an efficient Python script using list comprehensions to filter and join numeric characters from a given string variable into a single numeric string.,"def extract_numeric_string(s):
    return ''.join([char for char in s if char.isdigit()])

if __name__ == '__main__':
    sample_string = ""Hello 123 World 456!""
    result = extract_numeric_string(sample_string)
    print(result)",True,True,False,,6,26,0_1_6.py
0,1,Extract digits from mixed strings,Implement an efficient Python script using list comprehensions to filter and join numeric characters from a given string variable into a single numeric string.,"def extract_numeric_string(s):
    return ''.join([c for c in s if c.isdigit()])

if __name__ == '__main__':
    sample_string = ""abc123def45ghi67""
    result = extract_numeric_string(sample_string)
    print(result)",True,True,False,,7,27,0_1_7.py
0,1,Extract digits from mixed strings,Implement an efficient Python script using list comprehensions to filter and join numeric characters from a given string variable into a single numeric string.,"def extract_numeric_string(s: str) -> str:
    return ''.join([c for c in s if c.isdigit()])

if __name__ == '__main__':
    text = ""abc123xyz456""
    result = extract_numeric_string(text)
    print(result)",True,True,False,,8,28,0_1_8.py
0,1,Extract digits from mixed strings,Implement an efficient Python script using list comprehensions to filter and join numeric characters from a given string variable into a single numeric string.,"def filter_and_join_numbers(input_string):
    return ''.join([char for char in input_string if char.isdigit()])

if __name__ == '__main__':
    sample_text = ""abc123def45ghi678""
    result = filter_and_join_numbers(sample_text)
    print(result)",True,True,False,,9,29,0_1_9.py
0,1,Extract digits from mixed strings,Implement an efficient Python script using list comprehensions to filter and join numeric characters from a given string variable into a single numeric string.,"def extract_numeric_string(s):
    return ''.join([c for c in s if c.isdigit()])

if __name__ == '__main__':
    sample = ""a1b2c3!@#456""
    result = extract_numeric_string(sample)
    print(result)",True,True,False,,10,30,0_1_10.py
0,1,Extract digits from mixed strings,Implement an efficient Python script using list comprehensions to filter and join numeric characters from a given string variable into a single numeric string.,"def extract_numeric_string(input_str: str) -> str:
    return """".join([char for char in input_str if char.isdigit()])

if __name__ == '__main__':
    sample_input = ""abc123def456""
    result = extract_numeric_string(sample_input)
    print(result)",True,True,False,,11,31,0_1_11.py
0,1,Extract digits from mixed strings,Implement an efficient Python script using list comprehensions to filter and join numeric characters from a given string variable into a single numeric string.,"def extract_numeric_string(s):
    numeric_chars = [char for char in s if char.isdigit()]
    return """".join(numeric_chars)

if __name__ == '__main__':
    sample_string = ""abc123xyz456!@#789""
    result = extract_numeric_string(sample_string)
    print(result)",True,True,False,,12,32,0_1_12.py
0,1,Extract digits from mixed strings,Implement an efficient Python script using list comprehensions to filter and join numeric characters from a given string variable into a single numeric string.,"def extract_and_join_numerics(input_string):
    return ''.join([char for char in input_string if char.isdigit()])

if __name__ == '__main__':
    sample_string = ""abc123def456ghi789""
    result = extract_and_join_numerics(sample_string)
    print(result)",True,True,False,,13,33,0_1_13.py
0,1,Extract digits from mixed strings,Implement an efficient Python script using list comprehensions to filter and join numeric characters from a given string variable into a single numeric string.,"def filter_and_join_numeric_chars(text):
    return """".join([char for char in text if char.isdigit()])

if __name__ == '__main__':
    sample_text = ""abc123def456ghi789""
    result = filter_and_join_numeric_chars(sample_text)
    print(result)",True,True,False,,14,34,0_1_14.py
0,1,Extract digits from mixed strings,Implement an efficient Python script using list comprehensions to filter and join numeric characters from a given string variable into a single numeric string.,"def extract_numbers(input_string):
    return ''.join([char for char in input_string if char.isdigit()])

if __name__ == '__main__':
    sample_input = ""abc123xyz456""
    result = extract_numbers(sample_input)
    print(result)",True,True,False,,15,35,0_1_15.py
0,1,Extract digits from mixed strings,Implement an efficient Python script using list comprehensions to filter and join numeric characters from a given string variable into a single numeric string.,"def extract_digits(input_string):
    return ''.join([char for char in input_string if char.isdigit()])

if __name__ == '__main__':
    sample_string = ""abc123def456ghi789""
    result = extract_digits(sample_string)
    print(result)",True,True,False,,16,36,0_1_16.py
0,1,Extract digits from mixed strings,Implement an efficient Python script using list comprehensions to filter and join numeric characters from a given string variable into a single numeric string.,"def extract_numeric_string(text):
    return ''.join([char for char in text if char.isdigit()])

if __name__ == '__main__':
    sample_text = ""abc123def456ghi789jkl012""
    result = extract_numeric_string(sample_text)
    print(result)",True,True,False,,17,37,0_1_17.py
0,1,Extract digits from mixed strings,Implement an efficient Python script using list comprehensions to filter and join numeric characters from a given string variable into a single numeric string.,"def extract_numeric_string(s):
    return """".join([char for char in s if char.isdigit()])

if __name__ == '__main__':
    sample_input = ""abc123def456!@#789xyz""
    result = extract_numeric_string(sample_input)
    print(result)",True,True,False,,18,38,0_1_18.py
0,1,Extract digits from mixed strings,Implement an efficient Python script using list comprehensions to filter and join numeric characters from a given string variable into a single numeric string.,"def extract_numbers(s):
    return ''.join([c for c in s if c.isdigit()])

if __name__ == '__main__':
    sample_string = ""abc123def456ghi789""
    result = extract_numbers(sample_string)
    print(result)",True,True,False,,19,39,0_1_19.py
0,2,Extract digits from mixed strings,Create a Python function utilizing the `re` module to extract digits from a complex mixed string and return them as a tuple of integers.,"import re

def extract_digits(text):
    digits = re.findall(r'\d+', text)
    return tuple(int(d) for d in digits)

if __name__ == '__main__':
    sample_text = ""abc123def456ghi789""
    result = extract_digits(sample_text)
    print(result)",True,True,False,,0,40,0_2.py
0,2,Extract digits from mixed strings,Create a Python function utilizing the `re` module to extract digits from a complex mixed string and return them as a tuple of integers.,"import re

def extract_digits_to_tuple(text):
    digits = re.findall(r'\d', text)
    return tuple(int(d) for d in digits)

if __name__ == '__main__':
    sample_string = ""Order #42-ABC: 100 units of item 7, then 3 more.""
    result = extract_digits_to_tuple(sample_string)
    print(result)",True,True,False,,1,41,0_2_1.py
0,2,Extract digits from mixed strings,Create a Python function utilizing the `re` module to extract digits from a complex mixed string and return them as a tuple of integers.,"import re

def extract_digits_as_tuple(text):
    digits = re.findall(r'\d+', text)
    return tuple(int(d) for d in digits)

if __name__ == '__main__':
    sample = ""abc123def456ghi789jkl0""
    result = extract_digits_as_tuple(sample)
    print(result)",True,True,False,,2,42,0_2_2.py
0,2,Extract digits from mixed strings,Create a Python function utilizing the `re` module to extract digits from a complex mixed string and return them as a tuple of integers.,"import re

def extract_digits(text: str) -> tuple[int, ...]:
    digits = re.findall(r'\d+', text)
    return tuple(int(d) for d in digits)

if __name__ == '__main__':
    sample_text = ""abc123def456ghi789""
    result = extract_digits(sample_text)
    print(result)",True,True,False,,3,43,0_2_3.py
0,2,Extract digits from mixed strings,Create a Python function utilizing the `re` module to extract digits from a complex mixed string and return them as a tuple of integers.,"import re

def extract_digits(mixed_string: str) -> tuple:
    matches = re.findall(r'\d+', mixed_string)
    return tuple(int(num) for num in matches)

if __name__ == '__main__':
    sample_data = ""Order #42 contains items A1, B99, and C305 in the year 2024.""
    result = extract_digits(sample_data)
    print(result)",True,True,False,,4,44,0_2_4.py
0,2,Extract digits from mixed strings,Create a Python function utilizing the `re` module to extract digits from a complex mixed string and return them as a tuple of integers.,"import re

def extract_digits_to_tuple(mixed_string):
    matches = re.findall(r'\d+', mixed_string)
    return tuple(int(match) for match in matches)

if __name__ == '__main__':
    sample = ""a1b2c3.5d7e8f""
    result = extract_digits_to_tuple(sample)
    print(result)",True,True,False,,5,45,0_2_5.py
0,2,Extract digits from mixed strings,Create a Python function utilizing the `re` module to extract digits from a complex mixed string and return them as a tuple of integers.,"import re

def extract_digits(text: str) -> tuple:
    digits = re.findall(r'\d+', text)
    return tuple(int(d) for d in digits)

if __name__ == '__main__':
    sample_text = ""abc123 def456 ghi789""
    result = extract_digits(sample_text)
    print(result)",True,True,False,,6,46,0_2_6.py
0,2,Extract digits from mixed strings,Create a Python function utilizing the `re` module to extract digits from a complex mixed string and return them as a tuple of integers.,"import re

def extract_digits_to_tuple(mixed_string):
    digits = re.findall(r'\d', mixed_string)
    return tuple(int(d) for d in digits)

if __name__ == '__main__':
    sample_input = ""Order #A42-B9: shipped 2023-12-05""
    result = extract_digits_to_tuple(sample_input)
    print(result)",True,True,False,,7,47,0_2_7.py
0,2,Extract digits from mixed strings,Create a Python function utilizing the `re` module to extract digits from a complex mixed string and return them as a tuple of integers.,"import re

def extract_digits_as_int_tuple(text):
    return tuple(int(match) for match in re.findall(r'\d+', text))

if __name__ == '__main__':
    sample_string = ""abc123def45gh6789""
    result = extract_digits_as_int_tuple(sample_string)
    print(result)",True,True,False,,8,48,0_2_8.py
0,2,Extract digits from mixed strings,Create a Python function utilizing the `re` module to extract digits from a complex mixed string and return them as a tuple of integers.,"import re

def extract_digits(s: str) -> tuple[int, ...]:
    return tuple(int(digit) for digit in re.findall(r'\d+', s))

if __name__ == '__main__':
    sample_text = ""abc123 def456!@#789""
    result = extract_digits(sample_text)
    print(result)",True,True,False,,9,49,0_2_9.py
0,2,Extract digits from mixed strings,Create a Python function utilizing the `re` module to extract digits from a complex mixed string and return them as a tuple of integers.,"import re

def extract_digits_to_tuple(mixed_string):
    digit_strings = re.findall(r'\d+', mixed_string)
    return tuple(int(d) for d in digit_strings)

if __name__ == '__main__':
    sample_input = ""The year 2023 brought 42 changes for 90% of the 7 billion people.""
    result = extract_digits_to_tuple(sample_input)
    print(result)",True,True,False,,10,50,0_2_10.py
0,2,Extract digits from mixed strings,Create a Python function utilizing the `re` module to extract digits from a complex mixed string and return them as a tuple of integers.,"import re

def extract_digits_as_tuple(mixed_string):
    digits = re.findall(r'\d+', mixed_string)
    return tuple(int(d) for d in digits)

if __name__ == '__main__':
    sample = ""abc123def45ghi678jkl""
    result = extract_digits_as_tuple(sample)
    print(result)",True,True,False,,11,51,0_2_11.py
0,2,Extract digits from mixed strings,Create a Python function utilizing the `re` module to extract digits from a complex mixed string and return them as a tuple of integers.,"import re

def extract_digits(text):
    digits = re.findall(r'\d+', text)
    return tuple(int(d) for d in digits)

if __name__ == '__main__':
    sample_text = ""abc123def456ghi789jkl012""
    result = extract_digits(sample_text)
    print(result)",True,True,False,,12,52,0_2_12.py
0,2,Extract digits from mixed strings,Create a Python function utilizing the `re` module to extract digits from a complex mixed string and return them as a tuple of integers.,"import re

def extract_digits_to_tuple(s):
    digits = re.findall(r'\d', s)
    return tuple(int(d) for d in digits)

if __name__ == '__main__':
    sample_string = ""Room 305, Floor 12, Code X-77, Year 2023""
    result = extract_digits_to_tuple(sample_string)
    print(result)",True,True,False,,13,53,0_2_13.py
0,2,Extract digits from mixed strings,Create a Python function utilizing the `re` module to extract digits from a complex mixed string and return them as a tuple of integers.,"import re

def extract_digits_as_tuple(mixed_string):
    digit_strings = re.findall(r'\d+', mixed_string)
    return tuple(int(digit) for digit in digit_strings)

if __name__ == '__main__':
    sample = ""a1b2c3""
    result = extract_digits_as_tuple(sample)
    print(result)",True,True,False,,14,54,0_2_14.py
0,2,Extract digits from mixed strings,Create a Python function utilizing the `re` module to extract digits from a complex mixed string and return them as a tuple of integers.,"import re

def extract_digits(text: str) -> tuple:
    pattern = r'\d+'
    matches = re.findall(pattern, text)
    return tuple(int(match) for match in matches)

if __name__ == '__main__':
    sample_string = ""abc123def456ghi789jkl""
    result = extract_digits(sample_string)
    print(result)",True,True,False,,15,55,0_2_15.py
0,2,Extract digits from mixed strings,Create a Python function utilizing the `re` module to extract digits from a complex mixed string and return them as a tuple of integers.,"import re

def extract_digits_to_tuple(mixed_string: str) -> tuple:
    digits = re.findall(r'\d', mixed_string)
    return tuple(int(d) for d in digits)

if __name__ == '__main__':
    sample_data = ""Order#99-Alpha2-Beta123-End45""
    result = extract_digits_to_tuple(sample_data)
    print(result)",True,True,False,,16,56,0_2_16.py
0,2,Extract digits from mixed strings,Create a Python function utilizing the `re` module to extract digits from a complex mixed string and return them as a tuple of integers.,"import re

def extract_digits_as_tuple(mixed_string):
    digits = re.findall(r'\d+', mixed_string)
    return tuple(int(d) for d in digits)

if __name__ == '__main__':
    sample = ""abc123def45gh678ij9""
    result = extract_digits_as_tuple(sample)
    print(result)",True,True,False,,17,57,0_2_17.py
0,2,Extract digits from mixed strings,Create a Python function utilizing the `re` module to extract digits from a complex mixed string and return them as a tuple of integers.,"import re

def extract_digits(mixed_string):
    digits = re.findall(r'\d+', mixed_string)
    return tuple(int(d) for d in digits)

if __name__ == '__main__':
    sample_string = ""abc123def456ghi789""
    result = extract_digits(sample_string)
    print(result)",True,True,False,,18,58,0_2_18.py
0,2,Extract digits from mixed strings,Create a Python function utilizing the `re` module to extract digits from a complex mixed string and return them as a tuple of integers.,"import re

def extract_digits_to_tuple(text: str) -> tuple:
    digits = re.findall(r'\d', text)
    return tuple(int(d) for d in digits)

if __name__ == '__main__':
    sample_text = ""Error code 404 in file line 12: user_id 88 and retry 3 times.""
    result = extract_digits_to_tuple(sample_text)
    print(result)",True,True,False,,19,59,0_2_19.py
0,3,Extract digits from mixed strings,Develop a high-performance Python solution that extracts digits from a string and preserves their original order without using external libraries.,"def extract_digits(s):
    return ''.join(c for c in s if c.isdigit())

if __name__ == '__main__':
    sample = ""a1b2c3d4e5""
    print(extract_digits(sample))
    sample2 = ""no digits here""
    print(extract_digits(sample2))
    sample3 = ""007-2000""
    print(extract_digits(sample3))",True,True,False,,0,60,0_3.py
0,3,Extract digits from mixed strings,Develop a high-performance Python solution that extracts digits from a string and preserves their original order without using external libraries.,"def extract_digits(input_string):
    return ''.join(char for char in input_string if char.isdigit())

if __name__ == '__main__':
    sample_input = ""Hello123World456""
    result = extract_digits(sample_input)
    print(result)",True,True,False,,1,61,0_3_1.py
0,3,Extract digits from mixed strings,Develop a high-performance Python solution that extracts digits from a string and preserves their original order without using external libraries.,"def extract_digits(input_string):
    result = []
    for char in input_string:
        if '0' <= char <= '9':
            result.append(char)
    return ''.join(result)

if __name__ == '__main__':
    sample_data = ""User123@domain.com, Phone: 555-0199""
    extracted_value = extract_digits(sample_data)
    print(extracted_value)
    
    sample_data_two = ""No numbers here!""
    extracted_value_two = extract_digits(sample_data_two)
    print(extracted_value_two)
    
    sample_data_three = ""9876543210""
    extracted_value_three = extract_digits(sample_data_three)
    print(extracted_value_three)",True,True,False,,2,62,0_3_2.py
0,3,Extract digits from mixed strings,Develop a high-performance Python solution that extracts digits from a string and preserves their original order without using external libraries.,"def extract_digits_preserve_order(s: str) -> list:
    return [char for char in s if char.isdigit()]
if __name__ == '__main__':
    samples = ['a1b2c3', 'hello45world', 'no_digits_here', '12345', 'abc!@#$%', '7x8y9z', '', '0.123.456', 'a1b@c2d#e3f']
    for sample in samples:
        result = extract_digits_preserve_order(sample)
        print(f'Input: {sample!r} -> Digits: {result}')",True,True,False,,3,63,0_3_3.py
0,3,Extract digits from mixed strings,Develop a high-performance Python solution that extracts digits from a string and preserves their original order without using external libraries.,"def extract_digits(input_string: str) -> str:
    return """".join(char for char in input_string if char.isdigit())

if __name__ == '__main__':
    sample_string = ""a1b2c3d4""
    result = extract_digits(sample_string)
    print(result)",True,True,False,,4,64,0_3_4.py
0,3,Extract digits from mixed strings,Develop a high-performance Python solution that extracts digits from a string and preserves their original order without using external libraries.,"def extract_digits(s: str) -> str:
    result = []
    for char in s:
        if '0' <= char <= '9':
            result.append(char)
    return ''.join(result)

if __name__ == '__main__':
    sample_input = ""abc123def456""
    extracted = extract_digits(sample_input)
    print(extracted)",True,True,False,,5,65,0_3_5.py
0,3,Extract digits from mixed strings,Develop a high-performance Python solution that extracts digits from a string and preserves their original order without using external libraries.,"def extract_digits(s):
    return ''.join(c for c in s if c.isdigit())

if __name__ == '__main__':
    sample1 = ""abc123def456""
    sample2 = ""no digits here""
    sample3 = ""9a8b7c6d5e4f3g2h1""
    print(extract_digits(sample1))
    print(extract_digits(sample2))
    print(extract_digits(sample3))",True,True,False,,6,66,0_3_6.py
0,3,Extract digits from mixed strings,Develop a high-performance Python solution that extracts digits from a string and preserves their original order without using external libraries.,"def extract_digits(text):
    return ''.join(ch for ch in text if ch.isdigit())

if __name__ == '__main__':
    result = extract_digits(""a1b2c3"")
    print(result)",True,True,False,,7,67,0_3_7.py
0,3,Extract digits from mixed strings,Develop a high-performance Python solution that extracts digits from a string and preserves their original order without using external libraries.,"def extract_digits(s: str) -> str:
    result = []
    for char in s:
        if '0' <= char <= '9':
            result.append(char)
    return ''.join(result)

if __name__ == '__main__':
    sample_string = ""abc123xyz456""
    print(extract_digits(sample_string))
    sample_string_2 = ""NoDigitsHere!""
    print(extract_digits(sample_string_2))
    sample_string_3 = ""7890""
    print(extract_digits(sample_string_3))",True,True,False,,8,68,0_3_8.py
0,3,Extract digits from mixed strings,Develop a high-performance Python solution that extracts digits from a string and preserves their original order without using external libraries.,"def extract_digits(s):
    return ''.join(c for c in s if c.isdigit())

if __name__ == '__main__':
    print(extract_digits(""a1b2c3""))
    print(extract_digits(""hello world""))
    print(extract_digits(""abc123def456""))
    print(extract_digits(""""))
    print(extract_digits(""12345""))",True,True,False,,9,69,0_3_9.py
0,3,Extract digits from mixed strings,Develop a high-performance Python solution that extracts digits from a string and preserves their original order without using external libraries.,"def extract_digits(s):
    result = []
    for char in s:
        if char.isdigit():
            result.append(char)
    return ''.join(result)

if __name__ == '__main__':
    input_string = ""a1b2c3d4e5f6g7h8i9j0""
    output = extract_digits(input_string)
    print(output)",True,True,False,,10,70,0_3_10.py
0,3,Extract digits from mixed strings,Develop a high-performance Python solution that extracts digits from a string and preserves their original order without using external libraries.,"def extract_digits(s):
    result = []
    for char in s:
        if char.isdigit():
            result.append(char)
    return """".join(result)

if __name__ == ""__main__"":
    sample_string = ""The price is 100 dollars and 50 cents!""
    extracted = extract_digits(sample_string)
    print(extracted)",True,True,False,,11,71,0_3_11.py
0,3,Extract digits from mixed strings,Develop a high-performance Python solution that extracts digits from a string and preserves their original order without using external libraries.,"def extract_digits(s):
    return [c for c in s if c.isdigit()]

if __name__ == '__main__':
    sample_strings = [
        'abc123def456',
        'no_digits_here',
        '1a2b3c',
        '999',
        '',
        'a!@#$%^&*()12345'
    ]
    for sample in sample_strings:
        result = extract_digits(sample)
        print(result)",True,True,False,,12,72,0_3_12.py
0,3,Extract digits from mixed strings,Develop a high-performance Python solution that extracts digits from a string and preserves their original order without using external libraries.,"def extract_digits(text):
    result = []
    for char in text:
        if char.isdigit():
            result.append(char)
    return ''.join(result)

if __name__ == '__main__':
    sample_text = ""a1b2c3d4e5""
    digits = extract_digits(sample_text)
    print(digits)",True,True,False,,13,73,0_3_13.py
0,3,Extract digits from mixed strings,Develop a high-performance Python solution that extracts digits from a string and preserves their original order without using external libraries.,"def extract_digits(s):
    result = []
    for char in s:
        if '0' <= char <= '9':
            result.append(char)
    return """".join(result)

if __name__ == '__main__':
    sample_string = ""Hello123World456!789""
    extracted = extract_digits(sample_string)
    print(extracted)",True,True,False,,14,74,0_3_14.py
0,3,Extract digits from mixed strings,Develop a high-performance Python solution that extracts digits from a string and preserves their original order without using external libraries.,"def extract_digits(s):
    return [c for c in s if c.isdigit()]

if __name__ == '__main__':
    print(extract_digits(""a1b2c3""))
    print(extract_digits(""hello world""))
    print(extract_digits(""12345""))
    print(extract_digits(""abc""))",True,True,False,,15,75,0_3_15.py
0,3,Extract digits from mixed strings,Develop a high-performance Python solution that extracts digits from a string and preserves their original order without using external libraries.,"def extract_digits(input_string):
    return ''.join(char for char in input_string if char.isdigit())

if __name__ == '__main__':
    sample_text = ""abc123def456""
    result = extract_digits(sample_text)
    print(result)",True,True,False,,16,76,0_3_16.py
0,3,Extract digits from mixed strings,Develop a high-performance Python solution that extracts digits from a string and preserves their original order without using external libraries.,"def extract_digits(s):
    result = []
    for char in s:
        if char.isdigit():
            result.append(char)
    return ''.join(result)

if __name__ == '__main__':
    sample_string = ""abc123def45ghi6789""
    print(extract_digits(sample_string))
    empty_string = ""no digits here""
    print(extract_digits(empty_string))
    mixed_case = ""a1B2c3D4""
    print(extract_digits(mixed_case))",True,True,False,,17,77,0_3_17.py
0,3,Extract digits from mixed strings,Develop a high-performance Python solution that extracts digits from a string and preserves their original order without using external libraries.,"def extract_digits(s):
    return ''.join(c for c in s if c.isdigit())

if __name__ == '__main__':
    sample_inputs = [
        ""abc123def456"",
        ""no digits here"",
        ""789"",
        ""a1b2c3"",
        ""123abc"",
        """",
        ""x!@#y$%^z&*(""
    ]
    for s in sample_inputs:
        result = extract_digits(s)
        print(result)",True,True,False,,18,78,0_3_18.py
0,3,Extract digits from mixed strings,Develop a high-performance Python solution that extracts digits from a string and preserves their original order without using external libraries.,"def extract_digits(input_string: str) -> str:
    return ''.join(char for char in input_string if char.isdigit())

if __name__ == '__main__':
    sample_text = ""abc123xyz456""
    result = extract_digits(sample_text)
    print(result)",True,True,False,,19,79,0_3_19.py
0,4,Extract digits from mixed strings,Write a Python function that sanitizes a mixed string by removing all non-digit characters and converting the remaining sequence to a float.,"def sanitize_to_float(text):
    digits = [char for char in text if char.isdigit() or char == '.']
    cleaned = ''.join(digits)
    if not cleaned or cleaned == '.':
        return 0.0
    return float(cleaned)

if __name__ == '__main__':
    sample1 = ""Price: $123.45 for 2 items!""
    sample2 = ""Error code: ABC-999-xyz""
    sample3 = ""No numbers here!!""
    sample4 = ""Mixed: 10.5 and 20.5 and 30.5""
    print(sanitize_to_float(sample1))
    print(sanitize_to_float(sample2))
    print(sanitize_to_float(sample3))
    print(sanitize_to_float(sample4))",True,True,False,,0,80,0_4.py
0,4,Extract digits from mixed strings,Write a Python function that sanitizes a mixed string by removing all non-digit characters and converting the remaining sequence to a float.,"def sanitize_and_convert(s):
    digits_only = ''.join(c for c in s if c.isdigit())
    if not digits_only:
        return 0.0
    return float(digits_only)

if __name__ == '__main__':
    print(sanitize_and_convert(""a123b456c""))
    print(sanitize_and_convert(""12.34abc""))
    print(sanitize_and_convert(""no_digits_here""))
    print(sanitize_and_convert(""007""))",True,True,False,,1,81,0_4_1.py
0,4,Extract digits from mixed strings,Write a Python function that sanitizes a mixed string by removing all non-digit characters and converting the remaining sequence to a float.,"def sanitize_to_float(mixed_str):
    digits = ''.join(char for char in mixed_str if char.isdigit())
    if not digits:
        return 0.0
    return float(digits)

if __name__ == '__main__':
    print(sanitize_to_float(""abc123.45xyz""))
    print(sanitize_to_float(""no-digits-here""))
    print(sanitize_to_float(""42""))",True,True,False,,2,82,0_4_2.py
0,4,Extract digits from mixed strings,Write a Python function that sanitizes a mixed string by removing all non-digit characters and converting the remaining sequence to a float.,"def sanitize_to_float(text):
    digits = ''.join(char for char in text if char.isdigit() or char == '.')
    if not digits:
        return 0.0
    dot_count = digits.count('.')
    if dot_count == 0:
        return float(digits)
    if dot_count > 1:
        first_dot = digits.find('.')
        last_dot = digits.rfind('.')
        digits = digits[:first_dot] + digits[first_dot + 1:]
        if digits.find('.') == -1:
            return float(digits)
    try:
        return float(digits)
    except ValueError:
        return 0.0

if __name__ == '__main__':
    sample_data = [""abc12.34def"", ""!!!55.66!!!"", ""no_digits_here"", ""78.90xyz12.3""]
    for s in sample_data:
        result = sanitize_to_float(s)
        print(result)",True,True,False,,3,83,0_4_3.py
0,4,Extract digits from mixed strings,Write a Python function that sanitizes a mixed string by removing all non-digit characters and converting the remaining sequence to a float.,"def sanitize_and_convert_to_float(s):
    digits = [c for c in s if c.isdigit()]
    if not digits:
        raise ValueError(""No digits found in string"")
    return float(''.join(digits))

if __name__ == '__main__':
    sample_values = [""12.34abc"", ""5678"", ""a1b2c3"", ""no_digits_here"", ""99.99""]
    for val in sample_values:
        try:
            result = sanitize_and_convert_to_float(val)
            print(result)
        except ValueError as e:
            print(e)",True,True,False,,4,84,0_4_4.py
0,4,Extract digits from mixed strings,Write a Python function that sanitizes a mixed string by removing all non-digit characters and converting the remaining sequence to a float.,"def sanitize_to_float(text):
    digits = ''.join(char for char in text if char.isdigit())
    if digits == '':
        return 0.0
    return float(digits)

if __name__ == '__main__':
    print(sanitize_to_float(""abc123.45xyz!@#678""))
    print(sanitize_to_float(""no digits here!""))
    print(sanitize_to_float(""99.99""))",True,True,False,,5,85,0_4_5.py
0,4,Extract digits from mixed strings,Write a Python function that sanitizes a mixed string by removing all non-digit characters and converting the remaining sequence to a float.,"def sanitize_to_float(mixed_string):
    digits_only = """"
    for char in mixed_string:
        if char.isdigit():
            digits_only += char
    if not digits_only:
        digits_only = ""0""
    return float(digits_only)

if __name__ == '__main__':
    test_cases = [""abc123xyz"", ""$45.67"", ""9a8b7c"", ""no_digits_here"", ""007""]
    for case in test_cases:
        result = sanitize_to_float(case)
        print(f""Input: {case}, Output: {result}"")",True,True,False,,6,86,0_4_6.py
0,4,Extract digits from mixed strings,Write a Python function that sanitizes a mixed string by removing all non-digit characters and converting the remaining sequence to a float.,"def sanitize_to_float(s):
    digits = [ch for ch in s if ch.isdigit() or ch == '.']
    cleaned = ''.join(digits)
    if not cleaned or cleaned == '.':
        return 0.0
    try:
        return float(cleaned)
    except ValueError:
        return 0.0

if __name__ == '__main__':
    print(sanitize_to_float(""abc123.45def""))
    print(sanitize_to_float(""100""))
    print(sanitize_to_float(""no digits here""))
    print(sanitize_to_float(""3.14159""))
    print(sanitize_to_float(""12.34.56""))",True,True,False,,7,87,0_4_7.py
0,4,Extract digits from mixed strings,Write a Python function that sanitizes a mixed string by removing all non-digit characters and converting the remaining sequence to a float.,"def sanitize_string(s: str) -> float:
    digits = ''.join(c for c in s if c.isdigit())
    if not digits:
        return 0.0
    return float(digits)

if __name__ == '__main__':
    sample_string = ""abc123.45def!@#678""
    result = sanitize_string(sample_string)
    print(result)",True,True,False,,8,88,0_4_8.py
0,5,Extract digits from mixed strings,"Implement a Python utility that extracts digits from a mixed string and returns a list of individual integer digits, handling Unicode digit characters efficiently.","import unicodedata

def extract_digits(mixed_string):
    digits = []
    for char in mixed_string:
        if char.isdigit():
            digits.append(int(char))
    return digits

if __name__ == '__main__':
    sample_text = ""Order 58-Δ9αβγ3.0""
    result = extract_digits(sample_text)
    print(result)",True,True,False,,0,89,0_5.py
0,4,Extract digits from mixed strings,Write a Python function that sanitizes a mixed string by removing all non-digit characters and converting the remaining sequence to a float.,"def sanitize_to_float(mixed_string):
    digits_only = ''.join(c for c in mixed_string if c.isdigit())
    if not digits_only:
        return 0.0
    return float(digits_only)

if __name__ == '__main__':
    sample_values = [
        ""123abc456"",
        ""hello314world"",
        ""12.34.56"",
        ""abc"",
        ""007"",
        ""100%pure"",
        """",
        ""a1b2c3d4e5"",
        ""1234567890"",
        ""-123.45""
    ]
    for val in sample_values:
        result = sanitize_to_float(val)
        print(result)",True,True,False,,9,90,0_4_9.py
0,5,Extract digits from mixed strings,"Implement a Python utility that extracts digits from a mixed string and returns a list of individual integer digits, handling Unicode digit characters efficiently.","def extract_digits(s):
    digits = []
    for char in s:
        if char.isdigit():
            digits.append(int(char))
    return digits

if __name__ == '__main__':
    sample1 = ""abc123def456""
    sample2 = ""h3ll0 w0rld""
    sample3 = ""no digits here""
    sample4 = ""0123456789""
    sample5 = ""𝟏𝟐𝟑""
    print(extract_digits(sample1))
    print(extract_digits(sample2))
    print(extract_digits(sample3))
    print(extract_digits(sample4))
    print(extract_digits(sample5))",True,True,False,,1,91,0_5_1.py
0,5,Extract digits from mixed strings,"Implement a Python utility that extracts digits from a mixed string and returns a list of individual integer digits, handling Unicode digit characters efficiently.","def extract_digits(mixed_string):
    digits = []
    for char in mixed_string:
        if char.isdigit():
            digits.append(int(char))
    return digits

if __name__ == '__main__':
    sample_text = ""Hello123World4567Test89""
    result = extract_digits(sample_text)
    print(result)",True,True,False,,2,92,0_5_2.py
0,5,Extract digits from mixed strings,"Implement a Python utility that extracts digits from a mixed string and returns a list of individual integer digits, handling Unicode digit characters efficiently.","def extract_digits(mixed_string):
    digits = []
    for char in mixed_string:
        if char.isdigit():
            digits.append(int(char))
    return digits

if __name__ == '__main__':
    sample_string = ""abc123def456ghi789""
    print(extract_digits(sample_string))
    unicode_string = ""αβγ5δ3ε9""
    print(extract_digits(unicode_string))
    mixed_unicode = ""π3.14159265""
    print(extract_digits(mixed_unicode))
    empty_string = """"
    print(extract_digits(empty_string))
    no_digits = ""abcdef""
    print(extract_digits(no_digits))
    all_digits = ""1234567890""
    print(extract_digits(all_digits))",True,True,False,,3,93,0_5_3.py
0,4,Extract digits from mixed strings,Write a Python function that sanitizes a mixed string by removing all non-digit characters and converting the remaining sequence to a float.,"def sanitize_to_float(s):
    digits = [c for c in s if c.isdigit()]
    joined = ''.join(digits)
    if not joined:
        return 0.0
    if '.' in joined:
        parts = joined.split('.')
        integer_part = parts[0]
        fractional_part = parts[1] if len(parts) > 1 else '0'
        float_val = float(f""{integer_part}.{fractional_part}"")
    else:
        float_val = float(joined)
    return float_val

if __name__ == '__main__':
    sample_strings = [""123.45"", ""abc123def456"", ""789"", ""!@#noDigits"", ""3.14159""]
    for s in sample_strings:
        result = sanitize_to_float(s)
        print(result)",True,True,False,,10,94,0_4_10.py
0,6,Extract digits from mixed strings,Create a concise Python one-liner function that extracts digits from a mixed string and returns the count of extracted digits.,"def count_digits(s: str) -> int:
    return sum(1 for c in s if c.isdigit())

if __name__ == '__main__':
    print(count_digits(""abc123!@#456""))",True,True,False,,0,95,0_6.py
0,5,Extract digits from mixed strings,"Implement a Python utility that extracts digits from a mixed string and returns a list of individual integer digits, handling Unicode digit characters efficiently.","def extract_digits(text):
    result = []
    for char in text:
        if char.isdigit():
            result.append(int(char))
    return result

if __name__ == '__main__':
    sample = ""abc123def456ghi789""
    digits = extract_digits(sample)
    print(digits)",True,True,False,,4,96,0_5_4.py
0,5,Extract digits from mixed strings,"Implement a Python utility that extracts digits from a mixed string and returns a list of individual integer digits, handling Unicode digit characters efficiently.","def extract_digits(input_string):
    result = []
    for char in input_string:
        if char.isdigit():
            result.append(int(char))
    return result

if __name__ == '__main__':
    sample_text = ""abc123DEF45.6!7@8#9""
    digits = extract_digits(sample_text)
    print(digits)",True,True,False,,5,97,0_5_5.py
0,4,Extract digits from mixed strings,Write a Python function that sanitizes a mixed string by removing all non-digit characters and converting the remaining sequence to a float.,"def sanitize_to_float(mixed_string):
    digits_only = ''.join(char for char in mixed_string if char.isdigit() or char == '.')
    if not digits_only or digits_only.count('.') > 1:
        digits_only = digits_only.replace('.', '', digits_only.count('.') - 1)
    if not digits_only:
        return 0.0
    if digits_only.startswith('.') or digits_only.endswith('.'):
        if digits_only.startswith('.'):
            digits_only = '0' + digits_only
        if digits_only.endswith('.'):
            digits_only = digits_only + '0'
    return float(digits_only)

if __name__ == '__main__':
    test_cases = [""abc123.45def"", ""x9y8z7.6"", ""...111..."", ""no_digits_here"", "".50""]
    for test in test_cases:
        result = sanitize_to_float(test)
        print(result)",True,True,False,,11,98,0_4_11.py
0,6,Extract digits from mixed strings,Create a concise Python one-liner function that extracts digits from a mixed string and returns the count of extracted digits.,"def count_digits(s: str) -> int:
    return sum(c.isdigit() for c in s)

if __name__ == '__main__':
    print(count_digits(""a1b2c3""))",True,True,False,,1,99,0_6_1.py
0,5,Extract digits from mixed strings,"Implement a Python utility that extracts digits from a mixed string and returns a list of individual integer digits, handling Unicode digit characters efficiently.","import unicodedata

def extract_digits(mixed_string):
    digits = []
    for char in mixed_string:
        if unicodedata.category(char).startswith('Nd'):
            digits.append(int(char))
    return digits

if __name__ == '__main__':
    sample_text = ""Hello 123 World ٤٥٦""
    result = extract_digits(sample_text)
    print(result)",True,True,False,,6,100,0_5_6.py
0,4,Extract digits from mixed strings,Write a Python function that sanitizes a mixed string by removing all non-digit characters and converting the remaining sequence to a float.,"def sanitize_to_float(s):
    digits_only = ''.join(c for c in s if c.isdigit())
    return float(digits_only) if digits_only else 0.0

if __name__ == '__main__':
    sample1 = ""abc123def456""
    sample2 = ""789.012xyz""
    sample3 = ""no_digits_here""
    print(sanitize_to_float(sample1))
    print(sanitize_to_float(sample2))
    print(sanitize_to_float(sample3))",True,True,False,,12,101,0_4_12.py
0,5,Extract digits from mixed strings,"Implement a Python utility that extracts digits from a mixed string and returns a list of individual integer digits, handling Unicode digit characters efficiently.","import unicodedata

def extract_digits(mixed_string):
    result = []
    for char in mixed_string:
        if unicodedata.category(char).startswith('Nd'):
            result.append(int(char))
    return result

if __name__ == '__main__':
    sample_input = ""Room 304 and ۲ ½ tickets, plus ٣ more.""
    digits = extract_digits(sample_input)
    print(digits)",True,True,False,,7,102,0_5_7.py
0,4,Extract digits from mixed strings,Write a Python function that sanitizes a mixed string by removing all non-digit characters and converting the remaining sequence to a float.,"def sanitize_to_float(mixed_string):
    digits_only = ''.join(ch for ch in mixed_string if ch.isdigit() or ch == '.' or ch == '-')
    if not digits_only:
        return 0.0
    return float(digits_only)

if __name__ == '__main__':
    print(sanitize_to_float(""abc123.45xyz""))
    print(sanitize_to_float(""price: -99.9""))
    print(sanitize_to_float(""no numbers here""))
    print(sanitize_to_float(""42""))
    print(sanitize_to_float(""3.14159""))",True,True,False,,13,103,0_4_13.py
0,4,Extract digits from mixed strings,Write a Python function that sanitizes a mixed string by removing all non-digit characters and converting the remaining sequence to a float.,"def sanitize_to_float(text: str) -> float:
    digits = """".join(c for c in text if c.isdigit())
    if not digits:
        return 0.0
    return float(digits)

if __name__ == '__main__':
    sample_inputs = [""abc123def"", ""no digits here"", ""42"", ""99.88"", ""a1b2c3"", """"]
    for s in sample_inputs:
        result = sanitize_to_float(s)
        print(f""Input: {s!r} -> Output: {result}"")",True,True,False,,14,104,0_4_14.py
0,4,Extract digits from mixed strings,Write a Python function that sanitizes a mixed string by removing all non-digit characters and converting the remaining sequence to a float.,"def sanitize_to_float(mixed_string):
    digits_only = ''.join(c for c in mixed_string if c.isdigit())
    if not digits_only:
        return 0.0
    return float(digits_only)

if __name__ == '__main__':
    sample_values = ['123abc', 'abc123', '98.76', 'hello', '007', '12a34b56']
    for s in sample_values:
        result = sanitize_to_float(s)
        print(result)",True,True,False,,15,105,0_4_15.py
0,5,Extract digits from mixed strings,"Implement a Python utility that extracts digits from a mixed string and returns a list of individual integer digits, handling Unicode digit characters efficiently.","import unicodedata

def extract_digits(input_string: str) -> list[int]:
    digits = []
    for char in input_string:
        if char.isdigit():
            digits.append(int(char))
    return digits

if __name__ == '__main__':
    sample_text = ""abc123€567©890""
    result = extract_digits(sample_text)
    print(result)",True,True,False,,8,106,0_5_8.py
0,6,Extract digits from mixed strings,Create a concise Python one-liner function that extracts digits from a mixed string and returns the count of extracted digits.,"def count_digits(s): return sum(c.isdigit() for c in s)

if __name__ == '__main__':
    print(count_digits(""a1b2c3""))",True,True,False,,2,107,0_6_2.py
0,5,Extract digits from mixed strings,"Implement a Python utility that extracts digits from a mixed string and returns a list of individual integer digits, handling Unicode digit characters efficiently.","import unicodedata

def extract_digits(s: str) -> list:
    digits = []
    for char in s:
        if char.isdigit():
            digits.append(unicodedata.digit(char))
    return digits

if __name__ == '__main__':
    sample_text = ""Hello 123, world! 45 6789. Unicode: ① ② ③ ❿ 𝟘""
    result = extract_digits(sample_text)
    print(result)",True,True,False,,9,108,0_5_9.py
0,6,Extract digits from mixed strings,Create a concise Python one-liner function that extracts digits from a mixed string and returns the count of extracted digits.,"def count_digits(s: str) -> int:
    return sum(1 for c in s if c.isdigit())

if __name__ == '__main__':
    sample = ""abc123def45""
    print(count_digits(sample))",True,True,False,,3,109,0_6_3.py
0,6,Extract digits from mixed strings,Create a concise Python one-liner function that extracts digits from a mixed string and returns the count of extracted digits.,"def count_digits(s: str) -> int:
    return sum(1 for c in s if c.isdigit())

if __name__ == '__main__':
    sample_string = ""abc123xyz456""
    print(count_digits(sample_string))",True,True,False,,4,110,0_6_4.py
0,6,Extract digits from mixed strings,Create a concise Python one-liner function that extracts digits from a mixed string and returns the count of extracted digits.,"def count_digits(s):
    return sum(c.isdigit() for c in s)

if __name__ == '__main__':
    print(count_digits(""a1b2c3""))
    print(count_digits(""hello""))
    print(count_digits(""12345""))
    print(count_digits(""abc123def456""))",True,True,False,,5,111,0_6_5.py
0,4,Extract digits from mixed strings,Write a Python function that sanitizes a mixed string by removing all non-digit characters and converting the remaining sequence to a float.,"def sanitize_to_float(s):
    digits = [c for c in s if c.isdigit()]
    result_str = ''.join(digits)
    if result_str:
        return float(result_str)
    return 0.0

if __name__ == '__main__':
    sample_strings = [
        ""123.45"",
        ""abc123xyz"",
        """",
        ""no digits here"",
        ""9.99a1b2""
    ]
    
    for s in sample_strings:
        print(sanitize_to_float(s))",True,True,False,,16,112,0_4_16.py
0,5,Extract digits from mixed strings,"Implement a Python utility that extracts digits from a mixed string and returns a list of individual integer digits, handling Unicode digit characters efficiently.","def extract_digits(s):
    result = []
    for char in s:
        if char.isdigit():
            result.append(int(char))
    return result

if __name__ == '__main__':
    text = ""a1b2c3""
    digits = extract_digits(text)
    print(digits)",True,True,False,,10,113,0_5_10.py
0,4,Extract digits from mixed strings,Write a Python function that sanitizes a mixed string by removing all non-digit characters and converting the remaining sequence to a float.,"def sanitize_to_float(s):
    cleaned = ''.join(char for char in s if char.isdigit() or char == '.')
    if not cleaned or cleaned.count('.') > 1:
        return 0.0
    return float(cleaned)

if __name__ == '__main__':
    sample_input = ""abc12.5xyz67""
    result = sanitize_to_float(sample_input)
    print(result)",True,True,False,,17,114,0_4_17.py
0,6,Extract digits from mixed strings,Create a concise Python one-liner function that extracts digits from a mixed string and returns the count of extracted digits.,"def count_digits(s):
    return sum(c.isdigit() for c in s)

if __name__ == '__main__':
    print(count_digits('a1b2c3d4e5f6g7h8i9j0'))",True,True,False,,6,115,0_6_6.py
0,5,Extract digits from mixed strings,"Implement a Python utility that extracts digits from a mixed string and returns a list of individual integer digits, handling Unicode digit characters efficiently.","def extract_digits(text):
    digits = []
    for char in text:
        if char.isdigit():
            digits.append(int(char))
    return digits

if __name__ == '__main__':
    sample = ""a1b2c3""
    print(extract_digits(sample))",True,True,False,,11,116,0_5_11.py
0,4,Extract digits from mixed strings,Write a Python function that sanitizes a mixed string by removing all non-digit characters and converting the remaining sequence to a float.,"def sanitize_to_float(s):
    digits = """".join(c for c in s if c.isdigit())
    if digits:
        return float(digits)
    return float('0')

if __name__ == '__main__':
    result = sanitize_to_float(""abc123def45.67ghi"")
    print(result)",True,True,False,,18,117,0_4_18.py
0,6,Extract digits from mixed strings,Create a concise Python one-liner function that extracts digits from a mixed string and returns the count of extracted digits.,"def count_digits(s): return len([c for c in s if c.isdigit()])

if __name__ == '__main__':
    sample_string = ""abc123xyz789""
    print(count_digits(sample_string))",True,True,False,,7,118,0_6_7.py
0,5,Extract digits from mixed strings,"Implement a Python utility that extracts digits from a mixed string and returns a list of individual integer digits, handling Unicode digit characters efficiently.","import unicodedata

def extract_unicode_digits(text):
    result = []
    for char in text:
        if unicodedata.category(char).startswith('Nd'):
            result.append(unicodedata.digit(char))
    return result

if __name__ == '__main__':
    sample_text = ""abc123d456\u0967\u0968\u0969""
    print(extract_unicode_digits(sample_text))",True,True,False,,12,119,0_5_12.py
0,6,Extract digits from mixed strings,Create a concise Python one-liner function that extracts digits from a mixed string and returns the count of extracted digits.,"def count_digits(s):
    return sum(1 for c in s if c.isdigit())
if __name__ == '__main__':
    sample_string = ""abc123xyz789""
    print(count_digits(sample_string))",True,True,False,,8,120,0_6_8.py
0,4,Extract digits from mixed strings,Write a Python function that sanitizes a mixed string by removing all non-digit characters and converting the remaining sequence to a float.,"def sanitize_to_float(text: str) -> float:
    digits = ''.join(c for c in text if c.isdigit())
    if not digits:
        return 0.0
    return float(digits)

if __name__ == '__main__':
    sample_input = ""abc123.45xyz""
    result = sanitize_to_float(sample_input)
    print(result)",True,True,False,,19,121,0_4_19.py
0,5,Extract digits from mixed strings,"Implement a Python utility that extracts digits from a mixed string and returns a list of individual integer digits, handling Unicode digit characters efficiently.","def extract_digits(s):
    result = []
    for char in s:
        if char.isdigit():
            result.append(int(char))
    return result

if __name__ == '__main__':
    sample_strings = [
        ""a1b2c3"",
        ""hello world"",
        ""unicode: ①②③"",
        ""mixed: 5x7y9z"",
        ""no digits here!"",
        ""007 secret agent""
    ]

    for sample in sample_strings:
        digits = extract_digits(sample)
        print(f""{sample!r} -> {digits}"")",True,True,False,,13,122,0_5_13.py
0,6,Extract digits from mixed strings,Create a concise Python one-liner function that extracts digits from a mixed string and returns the count of extracted digits.,"digit_map = {str(i): True for i in range(10)}

def count_digits(s):
    return sum(digit_map.get(c, False) for c in s)

if __name__ == '__main__':
    print(count_digits(""test123abc456""))",True,True,False,,9,123,0_6_9.py
0,6,Extract digits from mixed strings,Create a concise Python one-liner function that extracts digits from a mixed string and returns the count of extracted digits.,"def count_digits(s):
    return sum(1 for c in s if c.isdigit())

if __name__ == '__main__':
    sample_string = ""abc123xyz456""
    print(count_digits(sample_string))",True,True,False,,10,124,0_6_10.py
0,7,Extract digits from mixed strings,"Write a professional Python function that extracts digits from a mixed string, joins them, and returns the result as a string while raising a custom exception if no digits exist.","class NoDigitsError(Exception):
    def __init__(self, message):
        super().__init__(message)

def extract_digits_and_join(mixed_string):
    digits = [char for char in mixed_string if char.isdigit()]
    if not digits:
        raise NoDigitsError(""No digits found in the input string."")
    return """".join(digits)

if __name__ == '__main__':
    sample_text_1 = ""abc123xyz45""
    sample_text_2 = ""no_digits_here""
    sample_text_3 = ""9876543210""
    try:
        result1 = extract_digits_and_join(sample_text_1)
        print(result1)
    except NoDigitsError as e:
        print(e)
    try:
        result2 = extract_digits_and_join(sample_text_2)
        print(result2)
    except NoDigitsError as e:
        print(e)
    try:
        result3 = extract_digits_and_join(sample_text_3)
        print(result3)
    except NoDigitsError as e:
        print(e)",True,True,False,,0,125,0_7.py
0,7,Extract digits from mixed strings,"Write a professional Python function that extracts digits from a mixed string, joins them, and returns the result as a string while raising a custom exception if no digits exist.","class MissingDigitsError(Exception):
    def __init__(self, msg):
        super().__init__(msg)

def get_digit_chars(text):
    result = []
    for character in text:
        if character.isdigit():
            result.append(character)
    return result

def extract_and_concatenate_digits(input_string):
    found_digits = get_digit_chars(input_string)
    if len(found_digits) == 0:
        raise MissingDigitsError(""Input does not contain any numeric characters"")
    final_string = """".join(found_digits)
    return final_string

if __name__ == '__main__':
    test_data_1 = ""a1b2c3""
    test_data_2 = ""hello world""
    test_data_3 = ""09876""
    
    output_1 = extract_and_concatenate_digits(test_data_1)
    print(output_1)
    
    try:
        extract_and_concatenate_digits(test_data_2)
    except MissingDigitsError as error_instance:
        print(str(error_instance))
        
    output_3 = extract_and_concatenate_digits(test_data_3)
    print(output_3)",True,True,False,,1,126,0_7_1.py
0,5,Extract digits from mixed strings,"Implement a Python utility that extracts digits from a mixed string and returns a list of individual integer digits, handling Unicode digit characters efficiently.","import unicodedata

def extract_digits(text: str) -> list[int]:
    digits = []
    for char in text:
        if unicodedata.category(char).startswith('Nd'):
            digits.append(int(char))
    return digits

if __name__ == '__main__':
    sample_text = ""abc123xyz\u0664\u0665\u0666""
    result = extract_digits(sample_text)
    print(result)",True,True,False,,14,127,0_5_14.py
0,6,Extract digits from mixed strings,Create a concise Python one-liner function that extracts digits from a mixed string and returns the count of extracted digits.,"import re
def extract_digits_count(s):
    return len(re.findall(r'\d', s))
if __name__ == '__main__':
    print(extract_digits_count(""abc123def456""))
    print(extract_digits_count(""no digits here""))
    print(extract_digits_count(""9""))
    print(extract_digits_count(""""))",True,True,False,,11,128,0_6_11.py
0,6,Extract digits from mixed strings,Create a concise Python one-liner function that extracts digits from a mixed string and returns the count of extracted digits.,"def count_digits(s):
    return sum(1 for c in s if c.isdigit())

if __name__ == '__main__':
    print(count_digits(""abc123def456""))",True,True,False,,12,129,0_6_12.py
0,5,Extract digits from mixed strings,"Implement a Python utility that extracts digits from a mixed string and returns a list of individual integer digits, handling Unicode digit characters efficiently.","def extract_digits(text):
    digits = []
    for char in text:
        if char.isdigit():
            digits.append(int(char))
    return digits

if __name__ == '__main__':
    sample_text = ""Room 101 is on 3rd floor, 2024-05-17""
    result = extract_digits(sample_text)
    print(result)
    sample_unicode = ""Section ①: 42 items (②)""
    result_unicode = extract_digits(sample_unicode)
    print(result_unicode)",True,True,False,,15,130,0_5_15.py
0,7,Extract digits from mixed strings,"Write a professional Python function that extracts digits from a mixed string, joins them, and returns the result as a string while raising a custom exception if no digits exist.","class DigitExtractionError(Exception):
    def __init__(self, message):
        super().__init__(message)

def filter_digits(input_text):
    collected = []
    for char in input_text:
        if char.isdigit():
            collected.append(char)
    return collected

def combine_digits(input_text):
    found = filter_digits(input_text)
    if len(found) == 0:
        raise DigitExtractionError(""Failed to extract digits from string"")
    return """".join(found)

if __name__ == ""__main__"":
    test_case_a = ""version2.0.1""
    test_case_b = ""no_numbers""
    test_case_c = ""987""

    print(combine_digits(test_case_a))

    try:
        combine_digits(test_case_b)
    except DigitExtractionError as e:
        print(e)

    print(combine_digits(test_case_c))",True,True,False,,2,131,0_7_2.py
0,6,Extract digits from mixed strings,Create a concise Python one-liner function that extracts digits from a mixed string and returns the count of extracted digits.,"def count_digits(s): return len([c for c in s if c.isdigit()])

if __name__ == '__main__':
    sample_string = ""abc123xyz45""
    print(count_digits(sample_string))",True,True,False,,13,132,0_6_13.py
0,5,Extract digits from mixed strings,"Implement a Python utility that extracts digits from a mixed string and returns a list of individual integer digits, handling Unicode digit characters efficiently.","import unicodedata

def extract_digits(s):
    return [int(ch) for ch in s if unicodedata.category(ch).startswith('Nd')]

if __name__ == '__main__':
    sample_strings = [
        ""abc123def456"",
        ""hello world"",
        ""1a2b3c4d5e"",
        ""no digits here"",
        ""100 apples and 200 oranges"",
        ""unicode digits: ²³⁴ (superscripts may not count as Nd)"",
        ""mixed: 1, 2, 3 and 4""
    ]
    for s in sample_strings:
        print(extract_digits(s))",True,True,False,,16,133,0_5_16.py
0,6,Extract digits from mixed strings,Create a concise Python one-liner function that extracts digits from a mixed string and returns the count of extracted digits.,"def count_digits(s: str) -> int:
    digits = [char for char in s if char in ""0123456789""]
    return len(digits)

if __name__ == '__main__':
    test_string = ""Hello 2024 World 3.14""
    print(count_digits(test_string))",True,True,False,,14,134,0_6_14.py
0,6,Extract digits from mixed strings,Create a concise Python one-liner function that extracts digits from a mixed string and returns the count of extracted digits.,"def extract_digits_count(s):
    return sum(1 for c in s if c.isdigit())

if __name__ == '__main__':
    print(extract_digits_count(""a1b2c3""))
    print(extract_digits_count(""hello""))
    print(extract_digits_count(""12345""))
    print(extract_digits_count(""test123abc456""))",True,True,False,,15,135,0_6_15.py
0,6,Extract digits from mixed strings,Create a concise Python one-liner function that extracts digits from a mixed string and returns the count of extracted digits.,"def count_digits(s): return len([c for c in s if c.isdigit()])

if __name__ == '__main__':
    print(count_digits(""abc123def456""))",True,True,False,,16,136,0_6_16.py
0,7,Extract digits from mixed strings,"Write a professional Python function that extracts digits from a mixed string, joins them, and returns the result as a string while raising a custom exception if no digits exist.","class NoDigitsFoundError(Exception):
    def __init__(self, message):
        super().__init__(message)

DIGIT_RANGE_START = 0
DIGIT_RANGE_END = 10

def is_numeric_char(character):
    return DIGIT_RANGE_START <= ord(character) <= DIGIT_RANGE_END or character.isdecimal()

def collect_digits(text):
    collected = []
    for char in text:
        if char.isdigit():
            collected.append(char)
    return collected

def extract_and_join_digits(mixed_text):
    digits = collect_digits(mixed_text)
    if len(digits) == 0:
        raise NoDigitsFoundError(""The input string contains no numeric characters."")
    return """".join(digits)

if __name__ == '__main__':
    input_a = ""Order#9924-Alpha""
    input_b = ""PureTextString""
    input_c = ""404 Error""
    
    try:
        print(extract_and_join_digits(input_a))
    except NoDigitsFoundError as err:
        print(err)
        
    try:
        print(extract_and_join_digits(input_b))
    except NoDigitsFoundError as err:
        print(err)
        
    try:
        print(extract_and_join_digits(input_c))
    except NoDigitsFoundError as err:
        print(err)",True,True,False,,3,137,0_7_3.py
0,6,Extract digits from mixed strings,Create a concise Python one-liner function that extracts digits from a mixed string and returns the count of extracted digits.,"def extract_and_count_digits(text: str) -> int:
    digit_characters = [c for c in text if c.isdecimal()]
    return len(digit_characters)

if __name__ == '__main__':
    sample_string = ""Python3.9isGreat!2024""
    result = extract_and_count_digits(sample_string)
    print(result)",True,True,False,,17,138,0_6_17.py
0,7,Extract digits from mixed strings,"Write a professional Python function that extracts digits from a mixed string, joins them, and returns the result as a string while raising a custom exception if no digits exist.","class EmptyDigitResultException(Exception):
    def __init__(self, details):
        super().__init__(details)

def isolate_numeric_characters(source_text):
    numeric_parts = []
    for item in source_text:
        if item.isdigit():
            numeric_parts.append(item)
    return numeric_parts

def build_digit_string(data):
    extracted = isolate_numeric_characters(data)
    if not extracted:
        raise EmptyDigitResultException(""Input lacks numeric content"")
    merged = """"
    for char in extracted:
        merged += char
    return merged

if __name__ == '__main__':
    example_a = ""test123abc45""
    example_b = ""xyz""
    example_c = ""007""
    output_a = build_digit_string(example_a)
    print(output_a)
    try:
        output_b = build_digit_string(example_b)
        print(output_b)
    except EmptyDigitResultException as err:
        print(str(err))
    output_c = build_digit_string(example_c)
    print(output_c)",True,True,False,,4,139,0_7_4.py
0,6,Extract digits from mixed strings,Create a concise Python one-liner function that extracts digits from a mixed string and returns the count of extracted digits.,"def count_digits(s: str) -> int:
    digits = [c for c in s if c.isdigit()]
    return len(digits)

if __name__ == '__main__':
    test_strings = [""Hello123"", ""NoDigitsHere"", ""999"", ""Mixed55Test""]
    for text in test_strings:
        print(count_digits(text))",True,True,False,,18,140,0_6_18.py
0,6,Extract digits from mixed strings,Create a concise Python one-liner function that extracts digits from a mixed string and returns the count of extracted digits.,"def extract_digit_count(s): return len([c for c in s if c.isdigit()])
if __name__ == '__main__':
    print(extract_digit_count('abc123xyz456'))",True,True,False,,19,141,0_6_19.py
0,8,Extract digits from mixed strings,Implement an optimized Python function that extracts digits from a mixed string and returns the sum of those digits as an integer.,"def sum_digits_in_string(s):
    total = 0
    for char in s:
        if char.isdigit():
            total += int(char)
    return total

if __name__ == '__main__':
    print(sum_digits_in_string(""abc123def45""))
    print(sum_digits_in_string(""no_digits_here""))
    print(sum_digits_in_string(""9g8f7e6d5c4b3a21""))
    print(sum_digits_in_string(""""))
    print(sum_digits_in_string(""100%""))",True,True,False,,0,142,0_8.py
0,8,Extract digits from mixed strings,Implement an optimized Python function that extracts digits from a mixed string and returns the sum of those digits as an integer.,"def extract_digit_sum(mixed_string):
    total = 0
    for char in mixed_string:
        if char.isdigit():
            total += int(char)
    return total

if __name__ == '__main__':
    sample_input = ""abc123xyz456""
    result = extract_digit_sum(sample_input)
    print(result)",True,True,False,,1,143,0_8_1.py
0,5,Extract digits from mixed strings,"Implement a Python utility that extracts digits from a mixed string and returns a list of individual integer digits, handling Unicode digit characters efficiently.","class DigitExtractor:
    def __init__(self, source_string):
        self.source_string = source_string

    def extract(self):
        result = []
        for char in self.source_string:
            if char.isdigit():
                result.append(int(char))
        return result

if __name__ == '__main__':
    sample_alpha = ""Test ① ② ③ Case ⁵""
    sample_mixed = ""Price: ¥9.80, ID: 𝟎𝟏𝟐""
    sample_none = ""No numbers in this text""
    
    extractor1 = DigitExtractor(sample_alpha)
    print(extractor1.extract())
    
    extractor2 = DigitExtractor(sample_mixed)
    print(extractor2.extract())
    
    extractor3 = DigitExtractor(sample_none)
    print(extractor3.extract())",True,True,False,,17,144,0_5_17.py
0,8,Extract digits from mixed strings,Implement an optimized Python function that extracts digits from a mixed string and returns the sum of those digits as an integer.,"def sum_digits_in_string(s):
    total = 0
    for char in s:
        if char.isdigit():
            total += int(char)
    return total

if __name__ == '__main__':
    print(sum_digits_in_string(""a1b2c3""))
    print(sum_digits_in_string(""no digits here""))
    print(sum_digits_in_string(""5test9data2""))",True,True,False,,2,145,0_8_2.py
0,8,Extract digits from mixed strings,Implement an optimized Python function that extracts digits from a mixed string and returns the sum of those digits as an integer.,"def sum_of_digits(mixed_string):
    total = 0
    for char in mixed_string:
        if char.isdigit():
            total += int(char)
    return total

if __name__ == '__main__':
    sample_input = ""abc123xyz45""
    result = sum_of_digits(sample_input)
    print(result)",True,True,False,,3,146,0_8_3.py
0,7,Extract digits from mixed strings,"Write a professional Python function that extracts digits from a mixed string, joins them, and returns the result as a string while raising a custom exception if no digits exist.","class ExtractedDigitsNotFound(Exception):
    def __init__(self, value):
        self.value = value
        super().__init__(f""ExtractedDigitsNotFound: {value}"")

def retrieve_numeric_characters(input_data):
    digits = []
    for current_char in input_data:
        if current_char.isdigit():
            digits.append(current_char)
    if not digits:
        raise ExtractedDigitsNotFound(""No digits found in the input string."")
    return """".join(digits)

if __name__ == '__main__':
    sample_one = ""abc123xyz45""
    sample_two = ""no_digits_here""
    sample_three = ""9876543210""
    sample_four = ""a1b2c3""
    sample_five = ""hello world""

    result1 = retrieve_numeric_characters(sample_one)
    print(result1)

    try:
        retrieve_numeric_characters(sample_two)
    except ExtractedDigitsNotFound as e:
        print(e)

    result2 = retrieve_numeric_characters(sample_three)
    print(result2)

    result3 = retrieve_numeric_characters(sample_four)
    print(result3)

    try:
        retrieve_numeric_characters(sample_five)
    except ExtractedDigitsNotFound as e:
        print(e)",True,True,False,,5,147,0_7_5.py
0,5,Extract digits from mixed strings,"Implement a Python utility that extracts digits from a mixed string and returns a list of individual integer digits, handling Unicode digit characters efficiently.","def extract_digits(text):
    if not isinstance(text, str):
        raise TypeError(""Input must be a string"")
    
    digits = []
    for char in text:
        if char.isdigit():
            digits.append(int(char))
    
    return digits

if __name__ == '__main__':
    sample_text = ""abc123xy4!@#56""
    result = extract_digits(sample_text)
    print(result)",True,True,False,,18,148,0_5_18.py
0,8,Extract digits from mixed strings,Implement an optimized Python function that extracts digits from a mixed string and returns the sum of those digits as an integer.,"def extract_and_sum_digits(s: str) -> int:
    total = 0
    for char in s:
        if char.isdigit():
            total += int(char)
    return total

if __name__ == '__main__':
    sample1 = ""a1b2c3""
    print(extract_and_sum_digits(sample1))
    sample2 = ""no_digits_here""
    print(extract_and_sum_digits(sample2))
    sample3 = ""007_james_bond""
    print(extract_and_sum_digits(sample3))
    sample4 = """"
    print(extract_and_sum_digits(sample4))
    sample5 = ""12345""
    print(extract_and_sum_digits(sample5))",True,True,False,,4,149,0_8_4.py
0,8,Extract digits from mixed strings,Implement an optimized Python function that extracts digits from a mixed string and returns the sum of those digits as an integer.,"def sum_digits_in_string(s):
    total = 0
    for char in s:
        if char.isdigit():
            total += int(char)
    return total

if __name__ == '__main__':
    sample1 = ""a1b2c3""
    sample2 = ""no digits here""
    sample3 = ""12345""
    sample4 = ""h3ll0 w0rld!""
    
    print(sum_digits_in_string(sample1))
    print(sum_digits_in_string(sample2))
    print(sum_digits_in_string(sample3))
    print(sum_digits_in_string(sample4))",True,True,False,,5,150,0_8_5.py
0,7,Extract digits from mixed strings,"Write a professional Python function that extracts digits from a mixed string, joins them, and returns the result as a string while raising a custom exception if no digits exist.","class DigitExtractionFailure(Exception):
    def __init__(self, text):
        super().__init__(f""DigitExtractionFailure: The string '{text}' contains no digits."")

def isolate_numerals(source):
    numeric_part = []
    for index in range(len(source)):
        symbol = source[index]
        if symbol in ""0123456789"":
            numeric_part.append(symbol)
    return numeric_part

def format_digit_sequence(raw_input):
    collected_chars = isolate_numerals(raw_input)
    total_count = len(collected_chars)
    if total_count == 0:
        raise DigitExtractionFailure(raw_input)
    final_output = """".join(collected_chars)
    return final_output

def run_extraction_workflow():
    input_one = ""Data_2023_Version""
    input_two = ""Alpha Beta Gamma""
    input_three = ""100200300""
    input_four = ""NoNumbers!""
    print(format_digit_sequence(input_one))
    print(format_digit_sequence(input_two))
    print(format_digit_sequence(input_three))
    try:
        format_digit_sequence(input_four)
    except DigitExtractionFailure as error:
        print(error)

if __name__ == '__main__':
    run_extraction_workflow()",True,True,False,,6,151,0_7_6.py
0,5,Extract digits from mixed strings,"Implement a Python utility that extracts digits from a mixed string and returns a list of individual integer digits, handling Unicode digit characters efficiently.","import unicodedata

def extract_unicode_digits(text: str) -> list[int]:
    result = []
    for char in text:
        if unicodedata.category(char) == 'Nd':
            result.append(int(char))
    return result

if __name__ == '__main__':
    sample_string = ""Room 12, Section ٣, Floor ⁵, Code αβγ""
    extracted_digits = extract_unicode_digits(sample_string)
    print(extracted_digits)
    
    empty_string = ""No digits here! @#$""
    empty_result = extract_unicode_digits(empty_string)
    print(empty_result)
    
    mixed_unicode = ""123٤٥٦⁷⁸⁹""
    mixed_result = extract_unicode_digits(mixed_unicode)
    print(mixed_result)",True,True,False,,19,152,0_5_19.py
0,9,Extract digits from mixed strings,"Write a deterministic Python script that defines a mixed string variable, extracts all digits using a generator expression, and prints the final concatenated digit string.","def extract_digits(s):
    return ''.join(ch for ch in s if ch.isdigit())

if __name__ == '__main__':
    text = ""a1b2c3d4e5""
    result = extract_digits(text)
    print(result)",True,True,False,,0,153,0_9.py
0,8,Extract digits from mixed strings,Implement an optimized Python function that extracts digits from a mixed string and returns the sum of those digits as an integer.,"def sum_of_digits(mixed_string):
    total = 0
    for char in mixed_string:
        if char.isdigit():
            total += int(char)
    return total

if __name__ == '__main__':
    test_string_1 = ""abc123xyz45""
    test_string_2 = ""no_digits_here""
    test_string_3 = ""9a8b7c6d5e4f3g2h1i""
    
    print(sum_of_digits(test_string_1))
    print(sum_of_digits(test_string_2))
    print(sum_of_digits(test_string_3))",True,True,False,,6,154,0_8_6.py
0,7,Extract digits from mixed strings,"Write a professional Python function that extracts digits from a mixed string, joins them, and returns the result as a string while raising a custom exception if no digits exist.","class EmptyDigitResult(Exception):
    def __init__(self):
        super().__init__(""No digits were found in the provided string"")

def isolate_numeric_characters(text):
    cleaned = []
    for item in text:
        if item.isdigit():
            cleaned.append(item)
    return cleaned

def process_mixed_input(source):
    numeric_chars = isolate_numeric_characters(source)
    if not numeric_chars:
        raise EmptyDigitResult()
    return """".join(numeric_chars)

if __name__ == '__main__':
    test_a = ""a1b2c3""
    test_b = ""nodigits""
    test_c = ""42islife""
    
    try:
        output_a = process_mixed_input(test_a)
        print(output_a)
    except EmptyDigitResult as error:
        print(error)
        
    try:
        output_b = process_mixed_input(test_b)
        print(output_b)
    except EmptyDigitResult as error:
        print(error)
        
    try:
        output_c = process_mixed_input(test_c)
        print(output_c)
    except EmptyDigitResult as error:
        print(error)",True,True,False,,7,155,0_7_7.py
0,9,Extract digits from mixed strings,"Write a deterministic Python script that defines a mixed string variable, extracts all digits using a generator expression, and prints the final concatenated digit string.","def extract_digits(mixed_string: str) -> str:
    return """".join((char for char in mixed_string if char.isdigit()))

if __name__ == '__main__':
    sample_text = ""Order 1234 items on shelf 5B by 2024.""
    result = extract_digits(sample_text)
    print(result)",True,True,False,,1,156,0_9_1.py
0,9,Extract digits from mixed strings,"Write a deterministic Python script that defines a mixed string variable, extracts all digits using a generator expression, and prints the final concatenated digit string.","def extract_digits(text):
    return ''.join(char for char in text if char.isdigit())

if __name__ == '__main__':
    sample_string = ""abc123def456ghi789""
    result = extract_digits(sample_string)
    print(result)",True,True,False,,2,157,0_9_2.py
0,8,Extract digits from mixed strings,Implement an optimized Python function that extracts digits from a mixed string and returns the sum of those digits as an integer.,"def sum_digits_from_string(text):
    return sum(int(ch) for ch in text if ch.isdigit())

if __name__ == '__main__':
    sample_text = ""abc123x4y5z6""
    result = sum_digits_from_string(sample_text)
    print(result)",True,True,False,,7,158,0_8_7.py
0,9,Extract digits from mixed strings,"Write a deterministic Python script that defines a mixed string variable, extracts all digits using a generator expression, and prints the final concatenated digit string.","mixed_string = ""Year2023: Temperature 25°C, Humidity 60%, ID 998877""

def extract_digits(text):
    return """".join(char for char in text if char.isdigit())

if __name__ == '__main__':
    result = extract_digits(mixed_string)
    print(result)",True,True,False,,3,159,0_9_3.py
0,9,Extract digits from mixed strings,"Write a deterministic Python script that defines a mixed string variable, extracts all digits using a generator expression, and prints the final concatenated digit string.","def extract_digits(text):
    return ''.join(ch for ch in text if ch.isdigit())

if __name__ == '__main__':
    mixed_string = ""abc123def456""
    result = extract_digits(mixed_string)
    print(result)",True,True,False,,4,160,0_9_4.py
0,8,Extract digits from mixed strings,Implement an optimized Python function that extracts digits from a mixed string and returns the sum of those digits as an integer.,"def sum_digits_from_string(s):
    total = 0
    for char in s:
        if char.isdigit():
            total += int(char)
    return total

if __name__ == '__main__':
    print(sum_digits_from_string(""abc123def45""))
    print(sum_digits_from_string(""no digits here""))
    print(sum_digits_from_string(""1a2b3c""))",True,True,False,,8,161,0_8_8.py
0,7,Extract digits from mixed strings,"Write a professional Python function that extracts digits from a mixed string, joins them, and returns the result as a string while raising a custom exception if no digits exist.","class ExtractionError(Exception):
    def __init__(self, message):
        super().__init__(message)

def scan_for_digits(source_string):
    found_digits = []
    for char in source_string:
        if char.isdigit():
            found_digits.append(char)
    return found_digits

def assemble_digit_string(mixed_input):
    extracted = scan_for_digits(mixed_input)
    if not extracted:
        raise ExtractionError(""The input string does not contain any digits."")
    return """".join(extracted)

if __name__ == '__main__':
    test_input_alpha_numeric = ""Order#A99-X22-Confirm""
    test_input_no_digits = ""Status: Pending""
    test_input_all_digits = ""1234567890""
    
    print(assemble_digit_string(test_input_alpha_numeric))
    
    try:
        assemble_digit_string(test_input_no_digits)
    except ExtractionError as error:
        print(error)
        
    print(assemble_digit_string(test_input_all_digits))",True,True,False,,8,162,0_7_8.py
0,8,Extract digits from mixed strings,Implement an optimized Python function that extracts digits from a mixed string and returns the sum of those digits as an integer.,"def sum_digits(s):
    total = 0
    for char in s:
        if char.isdigit():
            total += int(char)
    return total

if __name__ == '__main__':
    test_string = ""a1b2c3d4""
    result = sum_digits(test_string)
    print(result)",True,True,False,,9,163,0_8_9.py
0,9,Extract digits from mixed strings,"Write a deterministic Python script that defines a mixed string variable, extracts all digits using a generator expression, and prints the final concatenated digit string.","def extract_digits(mixed_string):
    digits = (char for char in mixed_string if char.isdigit())
    return ''.join(digits)

if __name__ == '__main__':
    sample = ""a1b2c3d4e5""
    result = extract_digits(sample)
    print(result)",True,True,False,,5,164,0_9_5.py
0,8,Extract digits from mixed strings,Implement an optimized Python function that extracts digits from a mixed string and returns the sum of those digits as an integer.,"def sum_digits(mixed_string):
    total = 0
    for char in mixed_string:
        if char.isdigit():
            total += int(char)
    return total

if __name__ == '__main__':
    sample_values = [
        ""abc123"",
        ""hello45world67"",
        ""no_digits_here"",
        ""9876543210"",
        ""a1b2c3d4e5""
    ]
    for value in sample_values:
        result = sum_digits(value)
        print(result)",True,True,False,,10,165,0_8_10.py
0,7,Extract digits from mixed strings,"Write a professional Python function that extracts digits from a mixed string, joins them, and returns the result as a string while raising a custom exception if no digits exist.","class NoDigitsError(Exception):
    def __init__(self, message):
        super().__init__(message)

def extract_and_join_digits(input_string):
    digit_buffer = []
    for char in input_string:
        if char.isdigit():
            digit_buffer.append(char)
    if len(digit_buffer) == 0:
        raise NoDigitsError(""No numeric characters were detected in the provided text."")
    return """".join(digit_buffer)

if __name__ == '__main__':
    test_string_a = ""Order #442 contains 5 items""
    test_string_b = ""AlphaBetaGamma""
    test_string_c = ""Code: 789-X""
    
    print(extract_and_join_digits(test_string_a))
    
    try:
        print(extract_and_join_digits(test_string_b))
    except NoDigitsError as err:
        print(f""Error caught: {err}"")
        
    print(extract_and_join_digits(test_string_c))",True,True,False,,9,166,0_7_9.py
0,8,Extract digits from mixed strings,Implement an optimized Python function that extracts digits from a mixed string and returns the sum of those digits as an integer.,"def extract_and_sum_digits(s):
    total = 0
    for char in s:
        if char.isdigit():
            total += int(char)
    return total

if __name__ == '__main__':
    sample1 = ""a1b2c3""
    sample2 = ""no digits here""
    sample3 = ""123abc456def789""
    print(extract_and_sum_digits(sample1))
    print(extract_and_sum_digits(sample2))
    print(extract_and_sum_digits(sample3))",True,True,False,,11,167,0_8_11.py
0,8,Extract digits from mixed strings,Implement an optimized Python function that extracts digits from a mixed string and returns the sum of those digits as an integer.,"def sum_of_digits(s):
    total = 0
    for char in s:
        if char.isdigit():
            total += int(char)
    return total

if __name__ == '__main__':
    sample_string = ""a1b2c3d4""
    result = sum_of_digits(sample_string)
    print(result)",True,True,False,,12,168,0_8_12.py
0,9,Extract digits from mixed strings,"Write a deterministic Python script that defines a mixed string variable, extracts all digits using a generator expression, and prints the final concatenated digit string.","def extract_digits(text):
    return ''.join(c for c in text if c.isdigit())

if __name__ == '__main__':
    mixed_string = ""a1b2c3d4e5""
    result = extract_digits(mixed_string)
    print(result)",True,True,False,,6,169,0_9_6.py
0,8,Extract digits from mixed strings,Implement an optimized Python function that extracts digits from a mixed string and returns the sum of those digits as an integer.,"def extract_and_sum_digits(s):
    total = 0
    for char in s:
        if char.isdigit():
            total += int(char)
    return total

if __name__ == '__main__':
    sample1 = ""a1b2c3""
    print(extract_and_sum_digits(sample1))
    sample2 = ""no digits here""
    print(extract_and_sum_digits(sample2))
    sample3 = ""999""
    print(extract_and_sum_digits(sample3))
    sample4 = ""abc123xyz789""
    print(extract_and_sum_digits(sample4))
    sample5 = """"
    print(extract_and_sum_digits(sample5))",True,True,False,,13,170,0_8_13.py
0,9,Extract digits from mixed strings,"Write a deterministic Python script that defines a mixed string variable, extracts all digits using a generator expression, and prints the final concatenated digit string.","def extract_digits(text):
    return """".join(char for char in text if char.isdigit())

if __name__ == '__main__':
    mixed_string = ""a1b2c3d4e5""
    result = extract_digits(mixed_string)
    print(result)",True,True,False,,7,171,0_9_7.py
0,9,Extract digits from mixed strings,"Write a deterministic Python script that defines a mixed string variable, extracts all digits using a generator expression, and prints the final concatenated digit string.","def extract_digits(mixed_string):
    return ''.join(d for d in mixed_string if d.isdigit())

if __name__ == '__main__':
    sample = ""abc123def456ghi789""
    result = extract_digits(sample)
    print(result)",True,True,False,,8,172,0_9_8.py
0,8,Extract digits from mixed strings,Implement an optimized Python function that extracts digits from a mixed string and returns the sum of those digits as an integer.,"def sum_of_digits(s: str) -> int:
    total = 0
    for char in s:
        if char.isdigit():
            total += int(char)
    return total

if __name__ == '__main__':
    sample_input = ""a1b2c3d4""
    result = sum_of_digits(sample_input)
    print(result)",True,True,False,,14,173,0_8_14.py
0,8,Extract digits from mixed strings,Implement an optimized Python function that extracts digits from a mixed string and returns the sum of those digits as an integer.,"def extract_and_sum_digits(s):
    total = 0
    for char in s:
        if '0' <= char <= '9':
            total += int(char)
    return total

if __name__ == '__main__':
    sample_string = ""a1b2c3d4e5f6""
    result = extract_and_sum_digits(sample_string)
    print(result)",True,True,False,,15,174,0_8_15.py
0,8,Extract digits from mixed strings,Implement an optimized Python function that extracts digits from a mixed string and returns the sum of those digits as an integer.,"def extract_and_sum_digits(s):
    digits = []
    for char in s:
        if char.isdigit():
            digits.append(int(char))
    return sum(digits)

if __name__ == '__main__':
    print(extract_and_sum_digits(""abc123def45""))
    print(extract_and_sum_digits(""no digits here""))
    print(extract_and_sum_digits(""9a8b7""))
    print(extract_and_sum_digits(""""))
    print(extract_and_sum_digits(""000""))
    print(extract_and_sum_digits(""123abc456def789""))",True,True,False,,16,175,0_8_16.py
0,9,Extract digits from mixed strings,"Write a deterministic Python script that defines a mixed string variable, extracts all digits using a generator expression, and prints the final concatenated digit string.","def extract_digits(text):
    return """".join(c for c in text if c.isdigit())

if __name__ == '__main__':
    mixed_string = ""abc123def456ghi789""
    result = extract_digits(mixed_string)
    print(result)",True,True,False,,9,176,0_9_9.py
0,7,Extract digits from mixed strings,"Write a professional Python function that extracts digits from a mixed string, joins them, and returns the result as a string while raising a custom exception if no digits exist.","class NoDigitsFoundError(Exception):
    def __init__(self, message):
        super().__init__(message)

DIGIT_FILTER_CHARS = ""0123456789""

def is_valid_digit(character):
    return character in DIGIT_FILTER_CHARS

def scan_for_digits(input_text):
    extracted_list = []
    for symbol in input_text:
        if is_valid_digit(symbol):
            extracted_list.append(symbol)
    return extracted_list

def assemble_digit_string(input_text):
    gathered_digits = scan_for_digits(input_text)
    if len(gathered_digits) == 0:
        raise NoDigitsFoundError(""The provided string contains no numeric digits."")
    return """".join(gathered_digits)

if __name__ == '__main__':
    valid_sample = ""Order #442-99: shipped to Zone 7""
    invalid_sample = ""No numbers in this line of text""
    
    result_one = assemble_digit_string(valid_sample)
    print(result_one)
    
    try:
        assemble_digit_string(invalid_sample)
    except NoDigitsFoundError as error:
        print(error)
    
    another_test = ""v1.0.45""
    print(assemble_digit_string(another_test))",True,True,False,,10,177,0_7_10.py
0,9,Extract digits from mixed strings,"Write a deterministic Python script that defines a mixed string variable, extracts all digits using a generator expression, and prints the final concatenated digit string.","def extract_digits(text):
    return ''.join(c for c in text if c.isdigit())

if __name__ == '__main__':
    sample_text = ""abc123def45ghi678jkl""
    result = extract_digits(sample_text)
    print(result)",True,True,False,,10,178,0_9_10.py
0,7,Extract digits from mixed strings,"Write a professional Python function that extracts digits from a mixed string, joins them, and returns the result as a string while raising a custom exception if no digits exist.","class EmptyDigitResultError(Exception):
    def __init__(self, message):
        super().__init__(message)

def filter_numeric_characters(source_text):
    return [char for char in source_text if char.isdigit()]

def extract_and_join_digits(mixed_input):
    numeric_chars = filter_numeric_characters(mixed_input)
    if not numeric_chars:
        raise EmptyDigitResultError(""No numeric characters found in input"")
    joined_result = """".join(numeric_chars)
    return joined_result

if __name__ == '__main__':
    test_strings = [
        ""abc123def456"",
        ""no digits in this string"",
        ""007jamesbond"",
        ""purely alphabetic""
    ]
    for sample_input in test_strings:
        try:
            extracted_value = extract_and_join_digits(sample_input)
            print(extracted_value)
        except EmptyDigitResultError as error:
            print(str(error))",True,True,False,,11,179,0_7_11.py
0,9,Extract digits from mixed strings,"Write a deterministic Python script that defines a mixed string variable, extracts all digits using a generator expression, and prints the final concatenated digit string.","def extract_digits(s):
    return """".join(c for c in s if c.isdigit())

if __name__ == '__main__':
    mixed_string = ""Project99: alpha-2024-beta3""
    result = extract_digits(mixed_string)
    print(result)",True,True,False,,11,180,0_9_11.py
0,9,Extract digits from mixed strings,"Write a deterministic Python script that defines a mixed string variable, extracts all digits using a generator expression, and prints the final concatenated digit string.","def extract_digits(mixed_string: str) -> str:
    return """".join(char for char in mixed_string if char.isdigit())

if __name__ == ""__main__"":
    sample_data = ""abc123def456ghi789""
    result = extract_digits(sample_data)
    print(result)",True,True,False,,12,181,0_9_12.py
0,9,Extract digits from mixed strings,"Write a deterministic Python script that defines a mixed string variable, extracts all digits using a generator expression, and prints the final concatenated digit string.","def extract_digits(mixed_string):
    digit_gen = (char for char in mixed_string if char.isdigit())
    return ''.join(digit_gen)

if __name__ == '__main__':
    sample = ""a1b2c3d4e5""
    result = extract_digits(sample)
    print(result)",True,True,False,,13,182,0_9_13.py
0,8,Extract digits from mixed strings,Implement an optimized Python function that extracts digits from a mixed string and returns the sum of those digits as an integer.,"def extract_digits_and_sum(text):
    total = 0
    for char in text:
        if char.isdigit():
            total += int(char)
    return total

if __name__ == '__main__':
    sample_string = ""abc123def456""
    result = extract_digits_and_sum(sample_string)
    print(result)",True,True,False,,17,183,0_8_17.py
0,8,Extract digits from mixed strings,Implement an optimized Python function that extracts digits from a mixed string and returns the sum of those digits as an integer.,"def extract_and_sum_digits(s):
    total = 0
    for char in s:
        if char.isdigit():
            total += int(char)
    return total

if __name__ == '__main__':
    sample_string = ""abc123def45""
    result = extract_and_sum_digits(sample_string)
    print(result)",True,True,False,,18,184,0_8_18.py
0,7,Extract digits from mixed strings,"Write a professional Python function that extracts digits from a mixed string, joins them, and returns the result as a string while raising a custom exception if no digits exist.","class EmptyDigitResultError(Exception):
    def __init__(self, message):
        super().__init__(message)

CHARACTER_ENCODING_OFFSET = ord('0')

def is_digit_character(character):
    code = ord(character)
    return CHARACTER_ENCODING_OFFSET <= code <= CHARACTER_ENCODING_OFFSET + 9

def isolate_numeric_characters(source_text):
    numeric_sequence = []
    for item in source_text:
        if is_digit_character(item):
            numeric_sequence.append(item)
    return numeric_sequence

def extract_and_concatenate_digits(input_value):
    extracted_numbers = isolate_numeric_characters(input_value)
    if not extracted_numbers:
        raise EmptyDigitResultError(""No digits were detected in the provided string."")
    return """".join(extracted_numbers)

if __name__ == '__main__':
    first_sample = ""test123string456""
    second_sample = ""only letters here""
    third_sample = ""0000""

    try:
        output_one = extract_and_concatenate_digits(first_sample)
        print(output_one)
    except EmptyDigitResultError as exception_object:
        print(exception_object)

    try:
        output_two = extract_and_concatenate_digits(second_sample)
        print(output_two)
    except EmptyDigitResultError as exception_object:
        print(exception_object)

    try:
        output_three = extract_and_concatenate_digits(third_sample)
        print(output_three)
    except EmptyDigitResultError as exception_object:
        print(exception_object)",True,True,False,,12,185,0_7_12.py
0,7,Extract digits from mixed strings,"Write a professional Python function that extracts digits from a mixed string, joins them, and returns the result as a string while raising a custom exception if no digits exist.","class EmptyDigitResult(Exception):
    def __init__(self, message):
        super().__init__(message)

def extract_digits_only(source_text):
    digit_chars = []
    for character in source_text:
        if character.isdigit():
            digit_chars.append(character)
    if not digit_chars:
        raise EmptyDigitResult(""The provided string contains no numeric digits."")
    joined_digits = """".join(digit_chars)
    return joined_digits

if __name__ == '__main__':
    sample_input_a = ""phone: 555-0192 ext 4""
    sample_input_b = ""no numbers here""
    sample_input_c = ""1a2b3c""
    try:
        output_a = extract_digits_only(sample_input_a)
        print(output_a)
    except EmptyDigitResult as error:
        print(error)
    try:
        output_b = extract_digits_only(sample_input_b)
        print(output_b)
    except EmptyDigitResult as error:
        print(error)
    try:
        output_c = extract_digits_only(sample_input_c)
        print(output_c)
    except EmptyDigitResult as error:
        print(error)",True,True,False,,13,186,0_7_13.py
0,9,Extract digits from mixed strings,"Write a deterministic Python script that defines a mixed string variable, extracts all digits using a generator expression, and prints the final concatenated digit string.","def extract_digits(text):
    return """".join(ch for ch in text if ch.isdigit())

if __name__ == '__main__':
    mixed_string = ""a1b2c3d4e5f6""
    result = extract_digits(mixed_string)
    print(result)",True,True,False,,14,187,0_9_14.py
0,8,Extract digits from mixed strings,Implement an optimized Python function that extracts digits from a mixed string and returns the sum of those digits as an integer.,"def sum_digits_from_string(mixed_string: str) -> int:
    total = 0
    for char in mixed_string:
        if char.isdigit():
            total += int(char)
    return total

if __name__ == '__main__':
    sample_string = ""abc123xyz456""
    result = sum_digits_from_string(sample_string)
    print(result)",True,True,False,,19,188,0_8_19.py
0,9,Extract digits from mixed strings,"Write a deterministic Python script that defines a mixed string variable, extracts all digits using a generator expression, and prints the final concatenated digit string.","def extract_digits(s):
    return ''.join(ch for ch in s if ch.isdigit())

if __name__ == '__main__':
    mixed_string = ""abc123def456ghi789""
    result = extract_digits(mixed_string)
    print(result)",True,True,False,,15,189,0_9_15.py
0,10,Extract digits from mixed strings,"Implement a high-performance Python function using regular expressions to extract all contiguous sequences of digits from a mixed string, returning them as a list of integers.","import re

def extract_digits(mixed_string):
    matches = re.findall(r'\d+', mixed_string)
    return [int(m) for m in matches]

if __name__ == '__main__':
    sample_input = ""abc123def456ghi789jkl0""
    result = extract_digits(sample_input)
    print(result)",True,True,False,,0,190,0_10.py
0,7,Extract digits from mixed strings,"Write a professional Python function that extracts digits from a mixed string, joins them, and returns the result as a string while raising a custom exception if no digits exist.","class DigitNotFoundException(Exception):
    def __init__(self, message):
        super().__init__(message)

DIGIT_MIN = 0
DIGIT_MAX = 9

def validate_has_digits(char_list):
    if len(char_list) == 0:
        raise DigitNotFoundException(""The provided string contains no numeric digits."")

def build_digit_string(char_list):
    return """".join(char_list)

def extract_and_return_digits(raw_text):
    extracted_chars = []
    for char in raw_text:
        if char.isdigit():
            extracted_chars.append(char)
    validate_has_digits(extracted_chars)
    return build_digit_string(extracted_chars)

if __name__ == '__main__':
    test_string_1 = ""Order_99x2024""
    test_string_2 = ""alpha_beta_gamma""
    test_string_3 = ""v2.0.1_patch""

    print(extract_and_return_digits(test_string_1))

    try:
        extract_and_return_digits(test_string_2)
    except DigitNotFoundException as error:
        print(str(error))

    print(extract_and_return_digits(test_string_3))",True,True,False,,14,191,0_7_14.py
0,9,Extract digits from mixed strings,"Write a deterministic Python script that defines a mixed string variable, extracts all digits using a generator expression, and prints the final concatenated digit string.","def extract_digits_from_string(input_string):
    digits = (char for char in input_string if char.isdigit())
    return """".join(digits)

if __name__ == '__main__':
    sample_string = ""abc123xyz456""
    result = extract_digits_from_string(sample_string)
    print(result)",True,True,False,,16,192,0_9_16.py
0,10,Extract digits from mixed strings,"Implement a high-performance Python function using regular expressions to extract all contiguous sequences of digits from a mixed string, returning them as a list of integers.","import re

def extract_digit_sequences(s):
    matches = re.findall(r'\d+', s)
    return [int(match) for match in matches]

if __name__ == '__main__':
    sample1 = ""abc123def45ghi6""
    sample2 = ""no digits here""
    sample3 = ""100 apples and 200 oranges""
    print(extract_digit_sequences(sample1))
    print(extract_digit_sequences(sample2))
    print(extract_digit_sequences(sample3))",True,True,False,,1,193,0_10_1.py
0,10,Extract digits from mixed strings,"Implement a high-performance Python function using regular expressions to extract all contiguous sequences of digits from a mixed string, returning them as a list of integers.","import re

def extract_digits(s):
    return [int(x) for x in re.findall(r'\d+', s)]

if __name__ == '__main__':
    sample = ""abc123def45ghi6789jkl0mno""
    result = extract_digits(sample)
    print(result)",True,True,False,,2,194,0_10_2.py
0,9,Extract digits from mixed strings,"Write a deterministic Python script that defines a mixed string variable, extracts all digits using a generator expression, and prints the final concatenated digit string.","mixed_string = ""abc123def456ghi789""

def extract_digits(text):
    return """".join(char for char in text if char.isdigit())

if __name__ == '__main__':
    sample_input = ""Hello99World2024""
    result = extract_digits(sample_input)
    print(result)",True,True,False,,17,195,0_9_17.py
0,9,Extract digits from mixed strings,"Write a deterministic Python script that defines a mixed string variable, extracts all digits using a generator expression, and prints the final concatenated digit string.","mixed_string = ""abc123def456ghi789""

def extract_digits(s):
    return """".join(c for c in s if c.isdigit())

if __name__ == '__main__':
    result = extract_digits(mixed_string)
    print(result)",True,True,False,,18,196,0_9_18.py
0,9,Extract digits from mixed strings,"Write a deterministic Python script that defines a mixed string variable, extracts all digits using a generator expression, and prints the final concatenated digit string.","def extract_digits(mixed_string):
    return ''.join(char for char in mixed_string if char.isdigit())

if __name__ == '__main__':
    sample = ""abc123def456""
    print(extract_digits(sample))",True,True,False,,19,197,0_9_19.py
0,10,Extract digits from mixed strings,"Implement a high-performance Python function using regular expressions to extract all contiguous sequences of digits from a mixed string, returning them as a list of integers.","import re

def extract_digits(s: str) -> list[int]:
    return [int(x) for x in re.findall(r'\d+', s)]

if __name__ == '__main__':
    print(extract_digits(""abc123def456""))",True,True,False,,3,198,0_10_3.py
0,11,Extract digits from mixed strings,"Write a robust Python script that iterates through a hardcoded mixed string, filters characters based on ASCII values to isolate digits, and joins them into a single integer string without using regex.","def extract_digits(mixed_string: str) -> str:
    digits = []
    for char in mixed_string:
        if '0' <= char <= '9':
            digits.append(char)
    return ''.join(digits)

if __name__ == '__main__':
    result = extract_digits(""abc123xyz456"")
    print(result)",True,True,False,,0,199,0_11.py
0,10,Extract digits from mixed strings,"Implement a high-performance Python function using regular expressions to extract all contiguous sequences of digits from a mixed string, returning them as a list of integers.","import re

def extract_digits_as_integers(text: str) -> list[int]:
    if not text:
        return []
    digit_strings = re.findall(r'\d+', text)
    return [int(num) for num in digit_strings]

if __name__ == '__main__':
    sample_input = ""User ID 42 logged in at 14:30 and accessed file 998.txt.""
    result = extract_digits_as_integers(sample_input)
    print(result)",True,True,False,,4,200,0_10_4.py
0,10,Extract digits from mixed strings,"Implement a high-performance Python function using regular expressions to extract all contiguous sequences of digits from a mixed string, returning them as a list of integers.","import re

def extract_digits(s):
    return [int(x) for x in re.findall(r'\d+', s)]

if __name__ == '__main__':
    sample_text = ""abc123def4567gh89jkl001""
    result = extract_digits(sample_text)
    print(result)",True,True,False,,5,201,0_10_5.py
0,7,Extract digits from mixed strings,"Write a professional Python function that extracts digits from a mixed string, joins them, and returns the result as a string while raising a custom exception if no digits exist.","class CustomDigitExtractionError(Exception):
    def __init__(self, value):
        self.value = value
        super().__init__(f""DigitExtractionError: {value}"")

def get_numeric_characters(text):
    result = []
    for char in text:
        if char in '0123456789':
            result.append(char)
    return result

def process_string_for_digits(input_text):
    chars = get_numeric_characters(input_text)
    if not chars:
        raise CustomDigitExtractionError(""No digits found"")
    return ''.join(chars)

if __name__ == '__main__':
    sample1 = ""abc123""
    print(process_string_for_digits(sample1))
    sample2 = ""xyz""
    try:
        process_string_for_digits(sample2)
    except CustomDigitExtractionError as e:
        print(e.value)
    sample3 = ""98765""
    print(process_string_for_digits(sample3))",True,True,False,,15,202,0_7_15.py
0,11,Extract digits from mixed strings,"Write a robust Python script that iterates through a hardcoded mixed string, filters characters based on ASCII values to isolate digits, and joins them into a single integer string without using regex.","def extract_digits_as_string(mixed_string):
    digit_chars = []
    for char in mixed_string:
        ascii_val = ord(char)
        if 48 <= ascii_val <= 57:
            digit_chars.append(char)
    return ''.join(digit_chars)

if __name__ == '__main__':
    sample_strings = [
        ""a1b2c3"",
        ""hello123world"",
        ""no_digits_here"",
        ""007jamesbond"",
        ""99 balloons"",
        """",
        ""12345"",
        ""abc123def456ghi789""
    ]
    for s in sample_strings:
        result = extract_digits_as_string(s)
        print(result)",True,True,False,,1,203,0_11_1.py
0,10,Extract digits from mixed strings,"Implement a high-performance Python function using regular expressions to extract all contiguous sequences of digits from a mixed string, returning them as a list of integers.","import re

def extract_digits_as_integers(text):
    return [int(match) for match in re.findall(r'\d+', text)]

if __name__ == '__main__':
    sample_text = ""abc123def45ghi6789""
    result = extract_digits_as_integers(sample_text)
    print(result)",True,True,False,,6,204,0_10_6.py
0,11,Extract digits from mixed strings,"Write a robust Python script that iterates through a hardcoded mixed string, filters characters based on ASCII values to isolate digits, and joins them into a single integer string without using regex.","def extract_digits_from_mixed_string(input_string):
    digit_list = []
    for char in input_string:
        ascii_val = ord(char)
        if 48 <= ascii_val <= 57:
            digit_list.append(char)
    return """".join(digit_list)

if __name__ == '__main__':
    sample_mixed_string = ""abc123xyz45!67""
    result = extract_digits_from_mixed_string(sample_mixed_string)
    print(result)",True,True,False,,2,205,0_11_2.py
0,10,Extract digits from mixed strings,"Implement a high-performance Python function using regular expressions to extract all contiguous sequences of digits from a mixed string, returning them as a list of integers.","import re

def extract_digits_as_integers(text):
    matches = re.findall(r'\d+', text)
    return [int(match) for match in matches]

if __name__ == '__main__':
    sample_text = ""abc123def45ghi6789jkl""
    result = extract_digits_as_integers(sample_text)
    print(result)",True,True,False,,7,206,0_10_7.py
0,10,Extract digits from mixed strings,"Implement a high-performance Python function using regular expressions to extract all contiguous sequences of digits from a mixed string, returning them as a list of integers.","import re

def extract_digits(text):
    return [int(match) for match in re.findall(r'\d+', text)]

if __name__ == '__main__':
    sample_text = ""The temperature is 23 degrees, and the pressure is 1013 with 2 variations.""
    result = extract_digits(sample_text)
    print(result)",True,True,False,,8,207,0_10_8.py
0,10,Extract digits from mixed strings,"Implement a high-performance Python function using regular expressions to extract all contiguous sequences of digits from a mixed string, returning them as a list of integers.","import re

def extract_digits_as_integers(s):
    return [int(x) for x in re.findall(r'\d+', s)]

if __name__ == '__main__':
    sample = ""abc123def45ghi678""
    print(extract_digits_as_integers(sample))",True,True,False,,9,208,0_10_9.py
0,11,Extract digits from mixed strings,"Write a robust Python script that iterates through a hardcoded mixed string, filters characters based on ASCII values to isolate digits, and joins them into a single integer string without using regex.","def extract_digits(text):
    digits = []
    for char in text:
        code = ord(char)
        if 48 <= code <= 57:
            digits.append(char)
    return ''.join(digits)

if __name__ == '__main__':
    sample_string = ""abc123def456ghi789jkl""
    result = extract_digits(sample_string)
    print(result)",True,True,False,,3,209,0_11_3.py
0,10,Extract digits from mixed strings,"Implement a high-performance Python function using regular expressions to extract all contiguous sequences of digits from a mixed string, returning them as a list of integers.","import re

def extract_digits(text: str) -> list[int]:
    matches = re.findall('\\d+', text)
    return [int(match) for match in matches]
if __name__ == '__main__':
    sample_text = 'abc123def456ghi789jkl'
    result = extract_digits(sample_text)
    print(result)",True,True,False,,10,210,0_10_10.py
0,10,Extract digits from mixed strings,"Implement a high-performance Python function using regular expressions to extract all contiguous sequences of digits from a mixed string, returning them as a list of integers.","import re

def extract_digits(input_string: str) -> list[int]:
    matches = re.findall('\\d+', input_string)
    return [int(match) for match in matches]
if __name__ == '__main__':
    sample_text = 'abc123def456ghi789'
    result = extract_digits(sample_text)
    print(result)",True,True,False,,11,211,0_10_11.py
0,7,Extract digits from mixed strings,"Write a professional Python function that extracts digits from a mixed string, joins them, and returns the result as a string while raising a custom exception if no digits exist.","class MissingNumericCharacters(Exception):
    def __init__(self, message):
        super().__init__(message)

DIGIT_SET = ""0123456789""

def build_digit_buffer(source):
    buffer = []
    for symbol in source:
        if symbol in DIGIT_SET:
            buffer.append(symbol)
    return buffer

def extract_and_concatenate_numeric(source):
    numeric_buffer = build_digit_buffer(source)
    if len(numeric_buffer) == 0:
        raise MissingNumericCharacters(""Input lacks any numeric characters"")
    return """".join(numeric_buffer)

if __name__ == '__main__':
    case_a = ""alpha-9-beta-88""
    case_b = ""pure-letters-only""
    case_c = ""42""
    
    test_cases = [case_a, case_b, case_c]
    
    for item in test_cases:
        try:
            output = extract_and_concatenate_numeric(item)
            print(output)
        except MissingNumericCharacters as err:
            print(err)",True,True,False,,16,212,0_7_16.py
0,10,Extract digits from mixed strings,"Implement a high-performance Python function using regular expressions to extract all contiguous sequences of digits from a mixed string, returning them as a list of integers.","import re

def extract_digits(s):
    matches = re.findall(r'\d+', s)
    return [int(x) for x in matches]

if __name__ == '__main__':
    sample_input = ""abc123def45gh67890xyz""
    result = extract_digits(sample_input)
    print(result)",True,True,False,,12,213,0_10_12.py
0,11,Extract digits from mixed strings,"Write a robust Python script that iterates through a hardcoded mixed string, filters characters based on ASCII values to isolate digits, and joins them into a single integer string without using regex.","def extract_digits_to_string(mixed_string):
    digit_chars = []
    for char in mixed_string:
        ascii_val = ord(char)
        if 48 <= ascii_val <= 57:
            digit_chars.append(char)
    return """".join(digit_chars)

if __name__ == '__main__':
    sample_string = ""a1b2c3!@#456""
    result = extract_digits_to_string(sample_string)
    print(result)",True,True,False,,4,214,0_11_4.py
0,7,Extract digits from mixed strings,"Write a professional Python function that extracts digits from a mixed string, joins them, and returns the result as a string while raising a custom exception if no digits exist.","class NoDigitsError(Exception):
    def __init__(self, message=""No digits found in the input string""):
        self.message = message
        super().__init__(self.message)

def extract_digits(s):
    digits = [char for char in s if char.isdigit()]
    if not digits:
        raise NoDigitsError()
    return ''.join(digits)

if __name__ == '__main__':
    sample_string = ""a1b2c3""
    result = extract_digits(sample_string)
    print(result)

    try:
        no_digit_string = ""abc""
        extract_digits(no_digit_string)
    except NoDigitsError as e:
        print(e.message)",True,True,False,,17,215,0_7_17.py
0,11,Extract digits from mixed strings,"Write a robust Python script that iterates through a hardcoded mixed string, filters characters based on ASCII values to isolate digits, and joins them into a single integer string without using regex.","def extract_digits_from_string(mixed_string):
    digit_chars = []
    for char in mixed_string:
        ascii_val = ord(char)
        if 48 <= ascii_val <= 57:
            digit_chars.append(char)
    return """".join(digit_chars)

if __name__ == '__main__':
    sample_input = ""abc123def45gh6789""
    result = extract_digits_from_string(sample_input)
    print(result)",True,True,False,,5,216,0_11_5.py
0,7,Extract digits from mixed strings,"Write a professional Python function that extracts digits from a mixed string, joins them, and returns the result as a string while raising a custom exception if no digits exist.","class ExtractionError(Exception):
    def __init__(self, message):
        super().__init__(message)

DIGIT_CHARS = ""0123456789""

def isolate_numeric_sequence(text):
    buffer = []
    for symbol in text:
        if symbol in DIGIT_CHARS:
            buffer.append(symbol)
    return buffer

def construct_digit_string(source_text):
    collected_sequence = isolate_numeric_sequence(source_text)
    if len(collected_sequence) == 0:
        raise ExtractionError(""The provided text lacks any numeric digits."")
    return """".join(collected_sequence)

if __name__ == '__main__':
    scenario_one = ""Room 304-B""
    scenario_two = ""alpha-beta-gamma""
    scenario_three = ""ID: 998877""
    
    try:
        print(construct_digit_string(scenario_one))
    except ExtractionError as error:
        print(error)
    
    try:
        print(construct_digit_string(scenario_two))
    except ExtractionError as error:
        print(error)
        
    try:
        print(construct_digit_string(scenario_three))
    except ExtractionError as error:
        print(error)",True,True,False,,18,217,0_7_18.py
0,10,Extract digits from mixed strings,"Implement a high-performance Python function using regular expressions to extract all contiguous sequences of digits from a mixed string, returning them as a list of integers.","import re

def extract_digits(text: str) -> list[int]:
    return [int(m) for m in re.findall(r'\d+', text)]

if __name__ == '__main__':
    result = extract_digits(""a1b23c456"")
    print(result)",True,True,False,,13,218,0_10_13.py
0,10,Extract digits from mixed strings,"Implement a high-performance Python function using regular expressions to extract all contiguous sequences of digits from a mixed string, returning them as a list of integers.","import re

def extract_digits(text):
    return [int(match) for match in re.findall(r'\d+', text)]

if __name__ == '__main__':
    result = extract_digits(""abc123def456ghi789jkl012"")
    print(result)",True,True,False,,14,219,0_10_14.py
0,10,Extract digits from mixed strings,"Implement a high-performance Python function using regular expressions to extract all contiguous sequences of digits from a mixed string, returning them as a list of integers.","import re

def extract_digits(text):
    return [int(x) for x in re.findall(r'\d+', text)]

if __name__ == '__main__':
    sample_string = ""The price is 42 dollars and 15 cents, total 57 units.""
    result = extract_digits(sample_string)
    print(result)",True,True,False,,15,220,0_10_15.py
0,7,Extract digits from mixed strings,"Write a professional Python function that extracts digits from a mixed string, joins them, and returns the result as a string while raising a custom exception if no digits exist.","class EmptyDigitSetError(Exception):
    def __init__(self, message=""No digits were found in the provided string""):
        super().__init__(message)

def extract_and_concatenate_numeric_characters(source_text):
    numeric_chars = []
    for character in source_text:
        if character in ""0123456789"":
            numeric_chars.append(character)
    if not numeric_chars:
        raise EmptyDigitSetError()
    concatenated_result = """".join(numeric_chars)
    return concatenated_result

if __name__ == ""__main__"":
    test_input_with_numbers = ""abc123def45gh6""
    test_input_without_numbers = ""xyzqrs""
    test_input_only_numbers = ""102030""

    output_a = extract_and_concatenate_numeric_characters(test_input_with_numbers)
    print(output_a)

    try:
        output_b = extract_and_concatenate_numeric_characters(test_input_without_numbers)
        print(output_b)
    except EmptyDigitSetError as err:
        print(err)

    output_c = extract_and_concatenate_numeric_characters(test_input_only_numbers)
    print(output_c)",True,True,False,,19,221,0_7_19.py
0,12,Extract digits from mixed strings,"Create an optimized Python function that extracts individual digit characters from a complex string containing letters, symbols, and whitespace, ensuring O(n) time complexity and minimal memory usage.","def extract_digits(s):
    result = []
    for char in s:
        if char >= '0' and char <= '9':
            result.append(char)
    return result

if __name__ == '__main__':
    sample_string = ""a1b2c3d4e5f6g7h8i9j0!@#$%^&*()""
    print(extract_digits(sample_string))",True,True,False,,0,222,0_12.py
0,12,Extract digits from mixed strings,"Create an optimized Python function that extracts individual digit characters from a complex string containing letters, symbols, and whitespace, ensuring O(n) time complexity and minimal memory usage.","def extract_digits(s):
    return [c for c in s if c.isdigit()]

if __name__ == '__main__':
    sample = ""abc123 def!@# 456xyz 789""
    print(extract_digits(sample))",True,True,False,,1,223,0_12_1.py
0,11,Extract digits from mixed strings,"Write a robust Python script that iterates through a hardcoded mixed string, filters characters based on ASCII values to isolate digits, and joins them into a single integer string without using regex.","def extract_digits_from_string(text):
    result = []
    for char in text:
        if '0' <= char <= '9':
            result.append(char)
    return ''.join(result)

if __name__ == '__main__':
    mixed_string = ""abc123def456ghi789""
    digits_str = extract_digits_from_string(mixed_string)
    result = int(digits_str) if digits_str else 0
    print(result)",True,True,False,,6,224,0_11_6.py
0,12,Extract digits from mixed strings,"Create an optimized Python function that extracts individual digit characters from a complex string containing letters, symbols, and whitespace, ensuring O(n) time complexity and minimal memory usage.","def extract_digits(text):
    return [ch for ch in text if ch.isdigit()]

if __name__ == '__main__':
    sample_text = ""abc123!@# 456 def789""
    result = extract_digits(sample_text)
    print(result)",True,True,False,,2,225,0_12_2.py
0,11,Extract digits from mixed strings,"Write a robust Python script that iterates through a hardcoded mixed string, filters characters based on ASCII values to isolate digits, and joins them into a single integer string without using regex.","def extract_digits(mixed_string):
    result = []
    for char in mixed_string:
        ascii_value = ord(char)
        if 48 <= ascii_value <= 57:
            result.append(char)
    return """".join(result)

if __name__ == '__main__':
    sample_input = ""a1b2c3D4e5f6G7h8i9j0X!@#""
    extracted_digits = extract_digits(sample_input)
    print(extracted_digits)",True,True,False,,7,226,0_11_7.py
0,12,Extract digits from mixed strings,"Create an optimized Python function that extracts individual digit characters from a complex string containing letters, symbols, and whitespace, ensuring O(n) time complexity and minimal memory usage.","def extract_digits(text):
    result = []
    for char in text:
        if char.isdigit():
            result.append(char)
    return ''.join(result)

if __name__ == '__main__':
    sample = ""a1b2c3!@# d4e5f6 7g8h9i0""
    print(extract_digits(sample))",True,True,False,,3,227,0_12_3.py
0,10,Extract digits from mixed strings,"Implement a high-performance Python function using regular expressions to extract all contiguous sequences of digits from a mixed string, returning them as a list of integers.","import re

def extract_digits(s: str) -> list[int]:
    if not isinstance(s, str):
        raise TypeError(""Input must be a string"")
    matches = re.findall(r'\d+', s)
    return [int(m) for m in matches]

if __name__ == '__main__':
    result = extract_digits(""abc123def456ghi789"")
    print(result)",True,True,False,,16,228,0_10_16.py
0,12,Extract digits from mixed strings,"Create an optimized Python function that extracts individual digit characters from a complex string containing letters, symbols, and whitespace, ensuring O(n) time complexity and minimal memory usage.","def extract_digits(complex_string: str) -> str:
    return """".join(char for char in complex_string if char.isdigit())

if __name__ == '__main__':
    sample_data = ""User: A1b@2#C3$D4%5E6&7*8(9)0-!~`|;:',.<>?/""
    result = extract_digits(sample_data)
    print(result)",True,True,False,,4,229,0_12_4.py
0,11,Extract digits from mixed strings,"Write a robust Python script that iterates through a hardcoded mixed string, filters characters based on ASCII values to isolate digits, and joins them into a single integer string without using regex.","def extract_digits_from_mixed_string(input_string):
    digits = []
    for char in input_string:
        if '0' <= char <= '9':
            digits.append(char)
    return """".join(digits)

if __name__ == '__main__':
    mixed_str = ""a1b2c3d4e5f6g7h8i9j0""
    result = extract_digits_from_mixed_string(mixed_str)
    print(result)",True,True,False,,8,230,0_11_8.py
0,10,Extract digits from mixed strings,"Implement a high-performance Python function using regular expressions to extract all contiguous sequences of digits from a mixed string, returning them as a list of integers.","import re

def extract_digits(string):
    return [int(match) for match in re.findall(r'\d+', string)]

if __name__ == '__main__':
    sample_strings = [
        ""abc123def456"",
        ""no digits here"",
        ""123"",
        ""a1b2c3"",
        ""100hello200world300"",
        ""  456  789  "",
        ""test123test456test789test""
    ]
    for s in sample_strings:
        print(extract_digits(s))",True,True,False,,17,231,0_10_17.py
0,11,Extract digits from mixed strings,"Write a robust Python script that iterates through a hardcoded mixed string, filters characters based on ASCII values to isolate digits, and joins them into a single integer string without using regex.","def extract_digits_from_string(mixed_string):
    result = """"
    for char in mixed_string:
        ascii_val = ord(char)
        if 48 <= ascii_val <= 57:
            result += char
    return result

if __name__ == '__main__':
    sample_input = ""a1b2c3!@#456xyz789""
    extracted = extract_digits_from_string(sample_input)
    print(extracted)",True,True,False,,9,232,0_11_9.py
0,12,Extract digits from mixed strings,"Create an optimized Python function that extracts individual digit characters from a complex string containing letters, symbols, and whitespace, ensuring O(n) time complexity and minimal memory usage.","def extract_digits(text: str) -> list:
    result = []
    for char in text:
        if '0' <= char <= '9':
            result.append(char)
    return result

if __name__ == '__main__':
    sample_string = ""abc123!@#456 def 789""
    digits = extract_digits(sample_string)
    print(digits)",True,True,False,,5,233,0_12_5.py
0,11,Extract digits from mixed strings,"Write a robust Python script that iterates through a hardcoded mixed string, filters characters based on ASCII values to isolate digits, and joins them into a single integer string without using regex.","def extract_digits(input_string):
    digits = []
    for char in input_string:
        if '0' <= char <= '9':
            digits.append(char)
    if not digits:
        return """"
    return """".join(digits)

if __name__ == '__main__':
    mixed_string = ""a1b2c3d4e5f6g7h8i9j0""
    result = extract_digits(mixed_string)
    print(result)",True,True,False,,10,234,0_11_10.py
0,10,Extract digits from mixed strings,"Implement a high-performance Python function using regular expressions to extract all contiguous sequences of digits from a mixed string, returning them as a list of integers.","import re
def get_integer_sequences(input_text):
    raw_matches = re.finditer(r'\d+', input_text)
    digits_list = []
    for match in raw_matches:
        segment = match.group(0)
        digits_list.append(int(segment))
    return digits_list

if __name__ == '__main__':
    test_data = ""x99y88z77w66v55u44t33s22r11q0""
    output = get_integer_sequences(test_data)
    print(output)",True,True,False,,18,235,0_10_18.py
0,12,Extract digits from mixed strings,"Create an optimized Python function that extracts individual digit characters from a complex string containing letters, symbols, and whitespace, ensuring O(n) time complexity and minimal memory usage.","def extract_digits(input_string: str) -> str:
    result = []
    for char in input_string:
        if char.isdigit():
            result.append(char)
    return """".join(result)

if __name__ == '__main__':
    sample_data = ""Hello123! World@45# 678""
    extracted_digits = extract_digits(sample_data)
    print(extracted_digits)",True,True,False,,6,236,0_12_6.py
0,11,Extract digits from mixed strings,"Write a robust Python script that iterates through a hardcoded mixed string, filters characters based on ASCII values to isolate digits, and joins them into a single integer string without using regex.","def extract_digits_as_int_string(mixed_string):
    digits = []
    for char in mixed_string:
        ascii_val = ord(char)
        if 48 <= ascii_val <= 57:
            digits.append(char)
    return ''.join(digits)

if __name__ == '__main__':
    sample = ""a1b2c3!@#45d6""
    result = extract_digits_as_int_string(sample)
    print(result)",True,True,False,,11,237,0_11_11.py
0,10,Extract digits from mixed strings,"Implement a high-performance Python function using regular expressions to extract all contiguous sequences of digits from a mixed string, returning them as a list of integers.","import re

def extract_digits(s: str) -> list[int]:
    return [int(match) for match in re.findall(r'\d+', s)]

if __name__ == '__main__':
    sample_input = ""The code 123 is in file 456 with version 7890.""
    result = extract_digits(sample_input)
    print(result)",True,True,False,,19,238,0_10_19.py
0,13,Extract digits from mixed strings,"Develop a Python utility function that processes a predefined string to find and return all numeric substrings as floating-point numbers, handling potential decimal points accurately while ignoring non-numeric noise.","import re

def extract_floats(text):
    pattern = r'-?\d+(?:\.\d+)?'
    matches = re.findall(pattern, text)
    return [float(num) for num in matches]

if __name__ == '__main__':
    sample_string = ""The temperature dropped to -5.5 degrees while the pressure rose to 101.3 and 42 units of force were applied. Ignore text99abc.""
    result = extract_floats(sample_string)
    print(result)",True,True,False,,0,239,0_13.py
0,12,Extract digits from mixed strings,"Create an optimized Python function that extracts individual digit characters from a complex string containing letters, symbols, and whitespace, ensuring O(n) time complexity and minimal memory usage.","def extract_digits(text):
    return [ch for ch in text if ch.isdigit()]

if __name__ == '__main__':
    sample = ""a1b2!3@4#5c6d7 e8f9g0""
    result = extract_digits(sample)
    print(result)",True,True,False,,7,240,0_12_7.py
0,13,Extract digits from mixed strings,"Develop a Python utility function that processes a predefined string to find and return all numeric substrings as floating-point numbers, handling potential decimal points accurately while ignoring non-numeric noise.","import re

def extract_floats(text):
    pattern = r'-?\d+\.?\d*'
    matches = re.findall(pattern, text)
    return [float(m) for m in matches if m != '-' and m != '.']

if __name__ == '__main__':
    sample = ""The values are 3.14, -2.7, 100, and also 42.0001 in the noise abc!@#""
    result = extract_floats(sample)
    print(result)",True,True,False,,1,241,0_13_1.py
0,13,Extract digits from mixed strings,"Develop a Python utility function that processes a predefined string to find and return all numeric substrings as floating-point numbers, handling potential decimal points accurately while ignoring non-numeric noise.","import re

def extract_floats(text):
    pattern = r'-?\d+\.?\d*'
    matches = re.findall(pattern, text)
    results = []
    for match in matches:
        if match.endswith('.') and match.count('.') == 1 and len(match) == 1:
            continue
        if match == '.' or match == '-':
            continue
        try:
            results.append(float(match))
        except ValueError:
            continue
    return results

if __name__ == '__main__':
    sample_string = ""The temperature is 23.5 degrees, but yesterday it was -5.2 or just 0. and noise like 123abc.456 and 999.9999.""
    extracted_values = extract_floats(sample_string)
    print(extracted_values)",True,True,False,,2,242,0_13_2.py
0,13,Extract digits from mixed strings,"Develop a Python utility function that processes a predefined string to find and return all numeric substrings as floating-point numbers, handling potential decimal points accurately while ignoring non-numeric noise.","def extract_floats(text):
    numbers = []
    current_number = []
    in_number = False
    has_decimal = False
    
    for char in text:
        if char.isdigit() or char == '.':
            if char == '.':
                if has_decimal:
                    if current_number:
                        number_str = ''.join(current_number)
                        if number_str:
                            numbers.append(float(number_str))
                            current_number = []
                            has_decimal = False
                    else:
                        has_decimal = False
                        current_number = []
                    continue
                else:
                    has_decimal = True
            current_number.append(char)
            in_number = True
        else:
            if current_number:
                number_str = ''.join(current_number)
                if number_str:
                    numbers.append(float(number_str))
                    current_number = []
                    has_decimal = False
                else:
                    current_number = []
                    has_decimal = False
            in_number = False
    
    if current_number:
        number_str = ''.join(current_number)
        if number_str:
            numbers.append(float(number_str))
    
    return numbers

if __name__ == '__main__':
    sample_text = ""There are 3.14 apples, 42 oranges, and 0.005 bananas. Also -7.5 and 100.""
    result = extract_floats(sample_text)
    print(result)",True,True,False,,3,243,0_13_3.py
0,11,Extract digits from mixed strings,"Write a robust Python script that iterates through a hardcoded mixed string, filters characters based on ASCII values to isolate digits, and joins them into a single integer string without using regex.","def extract_digits_from_string(input_string):
    digits = []
    for char in input_string:
        if '0' <= char <= '9':
            digits.append(char)
    return ''.join(digits)

if __name__ == '__main__':
    mixed_string = ""abc123def456ghi789""
    result = extract_digits_from_string(mixed_string)
    print(result)",True,True,False,,12,244,0_11_12.py
0,12,Extract digits from mixed strings,"Create an optimized Python function that extracts individual digit characters from a complex string containing letters, symbols, and whitespace, ensuring O(n) time complexity and minimal memory usage.","def extract_digits(text):
    return [char for char in text if char.isdigit()]

if __name__ == '__main__':
    sample_string = ""abc123!@#456 def 789""
    result = extract_digits(sample_string)
    print(result)",True,True,False,,8,245,0_12_8.py
0,13,Extract digits from mixed strings,"Develop a Python utility function that processes a predefined string to find and return all numeric substrings as floating-point numbers, handling potential decimal points accurately while ignoring non-numeric noise.","import re

def extract_floats(text):
    pattern = r'\d+\.\d+|\d+'
    matches = re.findall(pattern, text)
    return [float(match) for match in matches]

if __name__ == '__main__':
    text = ""Value is 3.14 and count is 42. Also -10 and 0.5.""
    result = extract_floats(text)
    print(result)",True,True,False,,4,246,0_13_4.py
0,11,Extract digits from mixed strings,"Write a robust Python script that iterates through a hardcoded mixed string, filters characters based on ASCII values to isolate digits, and joins them into a single integer string without using regex.","def extract_digits(s: str) -> str:
    result = []
    for char in s:
        ascii_val = ord(char)
        if 48 <= ascii_val <= 57:
            result.append(char)
    return """".join(result)

if __name__ == '__main__':
    sample_string = ""a1b2c3D4e5F6g7H8i9J0!@#kLmN""
    extracted = extract_digits(sample_string)
    print(extracted)",True,True,False,,13,247,0_11_13.py
0,13,Extract digits from mixed strings,"Develop a Python utility function that processes a predefined string to find and return all numeric substrings as floating-point numbers, handling potential decimal points accurately while ignoring non-numeric noise.","import re

def extract_floats(text):
    return [float(match) for match in re.finditer(r'-?\d+\.\d+|-?\d+', text)]

if __name__ == '__main__':
    sample_text = ""Price is 100.5 and cost is -20 or 300. No text here.""
    result = extract_floats(sample_text)
    print(result)",True,True,False,,5,248,0_13_5.py
0,12,Extract digits from mixed strings,"Create an optimized Python function that extracts individual digit characters from a complex string containing letters, symbols, and whitespace, ensuring O(n) time complexity and minimal memory usage.","def extract_digits(text):
    return [char for char in text if char.isdigit()]

if __name__ == '__main__':
    sample1 = ""abc123def456ghi""
    sample2 = ""Hello World! 123 @#$ 456""
    sample3 = """"
    sample4 = ""no digits here""
    sample5 = ""9a8b7c6d5e4f3g2h1i0j""

    print(extract_digits(sample1))
    print(extract_digits(sample2))
    print(extract_digits(sample3))
    print(extract_digits(sample4))
    print(extract_digits(sample5))",True,True,False,,9,249,0_12_9.py
0,12,Extract digits from mixed strings,"Create an optimized Python function that extracts individual digit characters from a complex string containing letters, symbols, and whitespace, ensuring O(n) time complexity and minimal memory usage.","def extract_digits(s: str) -> list:
    return [c for c in s if c.isdigit()]

if __name__ == '__main__':
    result = extract_digits(""abc123!@#456"")
    print(result)",True,True,False,,10,250,0_12_10.py
0,11,Extract digits from mixed strings,"Write a robust Python script that iterates through a hardcoded mixed string, filters characters based on ASCII values to isolate digits, and joins them into a single integer string without using regex.","def extract_digits_from_string(mixed_string):
    result = []
    for char in mixed_string:
        if 48 <= ord(char) <= 57:
            result.append(char)
    return """".join(result)

if __name__ == '__main__':
    sample_data = ""Order: 99 items, Total: $150.05, Customer ID: X7Y2Z""
    extracted_digits = extract_digits_from_string(sample_data)
    print(extracted_digits)",True,True,False,,14,251,0_11_14.py
0,13,Extract digits from mixed strings,"Develop a Python utility function that processes a predefined string to find and return all numeric substrings as floating-point numbers, handling potential decimal points accurately while ignoring non-numeric noise.","import re

def extract_numeric_substrings(text):
    pattern = r'-?\b\d+\.?\d*\b|-\d+\.\d+|\b\d+\b'
    matches = re.findall(r'-?\d+\.?\d*', text)
    result = []
    for match in matches:
        try:
            if '.' in match:
                result.append(float(match))
            else:
                result.append(float(match))
        except ValueError:
            continue
    return result

if __name__ == '__main__':
    sample_text = ""The temperature was -3.14 degrees, and the pressure is 101.3 kPa. Also 42 and 0.005.""
    print(extract_numeric_substrings(sample_text))",True,True,False,,6,252,0_13_6.py
0,12,Extract digits from mixed strings,"Create an optimized Python function that extracts individual digit characters from a complex string containing letters, symbols, and whitespace, ensuring O(n) time complexity and minimal memory usage.","def extract_digits(text):
    result = []
    for char in text:
        if char.isdigit():
            result.append(char)
    return result

if __name__ == '__main__':
    sample_data = ""Hello 123 World! @# $5678 & Test 9""
    print(extract_digits(sample_data))",True,True,False,,11,253,0_12_11.py
0,11,Extract digits from mixed strings,"Write a robust Python script that iterates through a hardcoded mixed string, filters characters based on ASCII values to isolate digits, and joins them into a single integer string without using regex.","def extract_digits_as_integer_string(mixed_string):
    digit_chars = []
    for char in mixed_string:
        ascii_val = ord(char)
        if 48 <= ascii_val <= 57:
            digit_chars.append(char)
    return ''.join(digit_chars)

if __name__ == '__main__':
    sample_input = ""a1b2c3d4e5f6g7h8i9j0!@#""
    result = extract_digits_as_integer_string(sample_input)
    print(result)",True,True,False,,15,254,0_11_15.py
0,12,Extract digits from mixed strings,"Create an optimized Python function that extracts individual digit characters from a complex string containing letters, symbols, and whitespace, ensuring O(n) time complexity and minimal memory usage.","def extract_digits(input_string):
    result = []
    for char in input_string:
        if '0' <= char <= '9':
            result.append(char)
    return result

if __name__ == '__main__':
    sample_data = ""User123@Example#45.67-xyz""
    extracted = extract_digits(sample_data)
    print(extracted)",True,True,False,,12,255,0_12_12.py
0,11,Extract digits from mixed strings,"Write a robust Python script that iterates through a hardcoded mixed string, filters characters based on ASCII values to isolate digits, and joins them into a single integer string without using regex.","def extract_digits_from_string(mixed_string):
    digits = []
    for char in mixed_string:
        ascii_val = ord(char)
        if 48 <= ascii_val <= 57:
            digits.append(char)
    return ''.join(digits)

if __name__ == '__main__':
    sample_mixed_string = ""a1b2c3d4e5f6g7h8i9j0""
    result = extract_digits_from_string(sample_mixed_string)
    print(result)",True,True,False,,16,256,0_11_16.py
0,11,Extract digits from mixed strings,"Write a robust Python script that iterates through a hardcoded mixed string, filters characters based on ASCII values to isolate digits, and joins them into a single integer string without using regex.","def extract_digits_as_int(s):
    digit_chars = []
    for char in s:
        if 48 <= ord(char) <= 57:
            digit_chars.append(char)
    return """".join(digit_chars)

if __name__ == '__main__':
    sample_string = ""Price: $123.45 or 678-90""
    result = extract_digits_as_int(sample_string)
    print(result)",True,True,False,,17,257,0_11_17.py
0,11,Extract digits from mixed strings,"Write a robust Python script that iterates through a hardcoded mixed string, filters characters based on ASCII values to isolate digits, and joins them into a single integer string without using regex.","def extract_digits_as_integer_string(mixed_string):
    digits = []
    for char in mixed_string:
        ascii_value = ord(char)
        if 48 <= ascii_value <= 57:
            digits.append(char)
    return ''.join(digits)

if __name__ == '__main__':
    sample_input = ""abc123def456ghi789""
    result = extract_digits_as_integer_string(sample_input)
    print(result)",True,True,False,,18,258,0_11_18.py
0,13,Extract digits from mixed strings,"Develop a Python utility function that processes a predefined string to find and return all numeric substrings as floating-point numbers, handling potential decimal points accurately while ignoring non-numeric noise.","import re

def extract_floats(text):
    pattern = r'-?\d+\.\d+|-?\d+'
    matches = re.findall(pattern, text)
    return [float(match) for match in matches]

if __name__ == '__main__':
    sample_text = ""The temperature dropped to -4.5 degrees, from 30.1 earlier.""
    result = extract_floats(sample_text)
    print(result)",True,True,False,,7,259,0_13_7.py
0,12,Extract digits from mixed strings,"Create an optimized Python function that extracts individual digit characters from a complex string containing letters, symbols, and whitespace, ensuring O(n) time complexity and minimal memory usage.","def extract_digits(input_string):
    return [char for char in input_string if char.isdigit()]

if __name__ == '__main__':
    sample = ""a1b2c3!@# 4$ 5% 6^ 7& 8* 9( 0) + = - _ ""
    result = extract_digits(sample)
    print(result)",True,True,False,,13,260,0_12_13.py
0,13,Extract digits from mixed strings,"Develop a Python utility function that processes a predefined string to find and return all numeric substrings as floating-point numbers, handling potential decimal points accurately while ignoring non-numeric noise.","import re

def extract_floats(text):
    pattern = r'[-+]?\d*\.?\d+'
    matches = re.findall(pattern, text)
    floats = []
    for match in matches:
        try:
            floats.append(float(match))
        except ValueError:
            continue
    return floats

if __name__ == '__main__':
    sample_text = ""The temperature is -3.5 degrees, and the pressure is 101.3 hPa, but the noise is 123abc456.78xyz!""
    result = extract_floats(sample_text)
    print(result)",True,True,False,,8,261,0_13_8.py
0,11,Extract digits from mixed strings,"Write a robust Python script that iterates through a hardcoded mixed string, filters characters based on ASCII values to isolate digits, and joins them into a single integer string without using regex.","def extract_digits(input_string: str) -> str:
    digits = []
    for char in input_string:
        ascii_val = ord(char)
        if 48 <= ascii_val <= 57:
            digits.append(char)
    return ''.join(digits)

if __name__ == '__main__':
    mixed_string = ""abc123!@#456def789""
    result = extract_digits(mixed_string)
    print(result)",True,True,False,,19,262,0_11_19.py
0,14,Extract digits from mixed strings,"Write a concise Python one-liner using list comprehensions and the isdigit method to filter out all non-digit characters from a given mixed string, returning the result as a list of single-digit integers.","def filter_digits(s):
    return [int(char) for char in s if char.isdigit()]

if __name__ == '__main__':
    sample_string = ""a1b2c3d4""
    print(filter_digits(sample_string))",True,True,False,,0,263,0_14.py
0,13,Extract digits from mixed strings,"Develop a Python utility function that processes a predefined string to find and return all numeric substrings as floating-point numbers, handling potential decimal points accurately while ignoring non-numeric noise.","import re

def extract_floats(text):
    pattern = r'-?\d+\.\d+|-?\d+'
    matches = re.findall(pattern, text)
    return [float(m) for m in matches]

if __name__ == '__main__':
    sample_text = ""The values are 12.34, -5.6, 789, and not_a_number, 42.0""
    result = extract_floats(sample_text)
    print(result)",True,True,False,,9,264,0_13_9.py
0,12,Extract digits from mixed strings,"Create an optimized Python function that extracts individual digit characters from a complex string containing letters, symbols, and whitespace, ensuring O(n) time complexity and minimal memory usage.","def extract_digits(s: str) -> str:
    return ''.join(c for c in s if c.isdigit())

if __name__ == '__main__':
    sample1 = ""Hello, World! 123 456 @#$ abc""
    sample2 = ""No digits here!""
    sample3 = ""0a1b2c3d4e5f""
    print(extract_digits(sample1))
    print(extract_digits(sample2))
    print(extract_digits(sample3))",True,True,False,,14,265,0_12_14.py
0,14,Extract digits from mixed strings,"Write a concise Python one-liner using list comprehensions and the isdigit method to filter out all non-digit characters from a given mixed string, returning the result as a list of single-digit integers.","def filter_digits(s):
    return [int(c) for c in s if c.isdigit()]

if __name__ == '__main__':
    sample = ""abc123def456""
    print(filter_digits(sample))",True,True,False,,1,266,0_14_1.py
0,12,Extract digits from mixed strings,"Create an optimized Python function that extracts individual digit characters from a complex string containing letters, symbols, and whitespace, ensuring O(n) time complexity and minimal memory usage.","def extract_digits(s):
    result = []
    for char in s:
        if '0' <= char <= '9':
            result.append(char)
    return ''.join(result)

if __name__ == '__main__':
    sample_string = ""a1b2!c3 d4@5""
    digits = extract_digits(sample_string)
    print(digits)",True,True,False,,15,267,0_12_15.py
0,14,Extract digits from mixed strings,"Write a concise Python one-liner using list comprehensions and the isdigit method to filter out all non-digit characters from a given mixed string, returning the result as a list of single-digit integers.","def extract_digits_as_ints(s):
    return [int(ch) for ch in s if ch.isdigit()]

if __name__ == '__main__':
    sample = ""a1b2c3!@#456xyz789""
    print(extract_digits_as_ints(sample))",True,True,False,,2,268,0_14_2.py
0,14,Extract digits from mixed strings,"Write a concise Python one-liner using list comprehensions and the isdigit method to filter out all non-digit characters from a given mixed string, returning the result as a list of single-digit integers.","def extract_digits(mixed_string):
    return [int(char) for char in mixed_string if char.isdigit()]

if __name__ == '__main__':
    sample_data = ""abc123def45g6""
    print(extract_digits(sample_data))",True,True,False,,3,269,0_14_3.py
0,14,Extract digits from mixed strings,"Write a concise Python one-liner using list comprehensions and the isdigit method to filter out all non-digit characters from a given mixed string, returning the result as a list of single-digit integers.","def extract_digits(s):
    return [int(c) for c in s if c.isdigit()]

if __name__ == '__main__':
    sample = ""a1b2c3!@#""
    print(extract_digits(sample))",True,True,False,,4,270,0_14_4.py
0,13,Extract digits from mixed strings,"Develop a Python utility function that processes a predefined string to find and return all numeric substrings as floating-point numbers, handling potential decimal points accurately while ignoring non-numeric noise.","import re

def extract_floats(text):
    pattern = r'-?\d+\.\d+|-?\d+'
    matches = re.findall(pattern, text)
    return [float(m) for m in matches]

if __name__ == '__main__':
    sample_text = ""Value is 12.34, another is -5, noise 12abc34.56""
    result = extract_floats(sample_text)
    print(result)",True,True,False,,10,271,0_13_10.py
0,12,Extract digits from mixed strings,"Create an optimized Python function that extracts individual digit characters from a complex string containing letters, symbols, and whitespace, ensuring O(n) time complexity and minimal memory usage.","def extract_digits(s):
    return [c for c in s if c.isdigit()]

if __name__ == '__main__':
    sample_string = ""abc123!@#456 def 789""
    result = extract_digits(sample_string)
    print(result)",True,True,False,,16,272,0_12_16.py
0,13,Extract digits from mixed strings,"Develop a Python utility function that processes a predefined string to find and return all numeric substrings as floating-point numbers, handling potential decimal points accurately while ignoring non-numeric noise.","import re

def extract_floats(text):
    pattern = r'-?\d+\.\d+|-?\d+'
    matches = re.findall(pattern, text)
    return [float(match) for match in matches]

if __name__ == '__main__':
    sample_string = ""The temperature is 23.5 degrees, and the pressure dropped to -10.2 units while the count was 500. It seems 3.14159 is a good approximation, but 7 is not a decimal.""
    result = extract_floats(sample_string)
    print(result)",True,True,False,,11,273,0_13_11.py
0,14,Extract digits from mixed strings,"Write a concise Python one-liner using list comprehensions and the isdigit method to filter out all non-digit characters from a given mixed string, returning the result as a list of single-digit integers.","def filter_digits(s):
    return [int(ch) for ch in s if ch.isdigit()]

if __name__ == '__main__':
    print(filter_digits(""abc123xy4""))",True,True,False,,5,274,0_14_5.py
0,12,Extract digits from mixed strings,"Create an optimized Python function that extracts individual digit characters from a complex string containing letters, symbols, and whitespace, ensuring O(n) time complexity and minimal memory usage.","def extract_digits(s: str) -> str:
    return ''.join(c for c in s if c.isdigit())

if __name__ == '__main__':
    sample_strings = [
        ""abc123def456"",
        ""hello world! @# 789"",
        ""no digits here"",
        ""0.123-456+789"",
        ""  "",
        ""a1b2c3d4e5"",
    ]
    for s in sample_strings:
        print(extract_digits(s))",True,True,False,,17,275,0_12_17.py
0,13,Extract digits from mixed strings,"Develop a Python utility function that processes a predefined string to find and return all numeric substrings as floating-point numbers, handling potential decimal points accurately while ignoring non-numeric noise.","import re

def extract_floats(text):
    pattern = r'-?\d+\.\d+|-?\d+'
    matches = re.findall(pattern, text)
    results = [float(match) for match in matches]
    return results

if __name__ == '__main__':
    sample_text = ""Value is 42.5 and another one is -3.14, noise 100""
    values = extract_floats(sample_text)
    print(values)",True,True,False,,12,276,0_13_12.py
0,13,Extract digits from mixed strings,"Develop a Python utility function that processes a predefined string to find and return all numeric substrings as floating-point numbers, handling potential decimal points accurately while ignoring non-numeric noise.","import re

def extract_floats(text):
    pattern = r'-?\d+\.\d+|-?\d+'
    matches = re.findall(pattern, text)
    results = [float(m) for m in matches]
    return results

if __name__ == '__main__':
    sample_text = ""Temperature: 23.5°C, Pressure: -101.325kPa, Count: 42""
    values = extract_floats(sample_text)
    print(values)",True,True,False,,13,277,0_13_13.py
0,14,Extract digits from mixed strings,"Write a concise Python one-liner using list comprehensions and the isdigit method to filter out all non-digit characters from a given mixed string, returning the result as a list of single-digit integers.","def extract_digits(s):
    return [int(c) for c in s if c.isdigit()]

if __name__ == '__main__':
    sample_string = ""a1b2c3""
    result = extract_digits(sample_string)
    print(result)",True,True,False,,6,278,0_14_6.py
0,12,Extract digits from mixed strings,"Create an optimized Python function that extracts individual digit characters from a complex string containing letters, symbols, and whitespace, ensuring O(n) time complexity and minimal memory usage.","def extract_digits(s):
    result = []
    for char in s:
        if char.isdigit():
            result.append(char)
    return ''.join(result)

if __name__ == '__main__':
    sample = ""a1b2!c3 d4#e5""
    print(extract_digits(sample))",True,True,False,,18,279,0_12_18.py
0,13,Extract digits from mixed strings,"Develop a Python utility function that processes a predefined string to find and return all numeric substrings as floating-point numbers, handling potential decimal points accurately while ignoring non-numeric noise.","import re

def extract_floats(text):
    if not text:
        return []
    pattern = r'-?\d+(?:\.\d+)?'
    matches = re.findall(pattern, text)
    return [float(num) for num in matches if num]

if __name__ == '__main__':
    sample_input = ""The sensor read 42.5 units, then dropped to -3.14, and finally stabilized at 100.""
    result = extract_floats(sample_input)
    print(result)",True,True,False,,14,280,0_13_14.py
0,14,Extract digits from mixed strings,"Write a concise Python one-liner using list comprehensions and the isdigit method to filter out all non-digit characters from a given mixed string, returning the result as a list of single-digit integers.","def extract_digits(s):
    return [int(ch) for ch in s if ch.isdigit()]

if __name__ == '__main__':
    sample = ""a1b2c3!@#4d5""
    print(extract_digits(sample))",True,True,False,,7,281,0_14_7.py
0,13,Extract digits from mixed strings,"Develop a Python utility function that processes a predefined string to find and return all numeric substrings as floating-point numbers, handling potential decimal points accurately while ignoring non-numeric noise.","import re

def extract_floats(text):
    pattern = r'-?\d+\.?\d*'
    matches = re.findall(pattern, text)
    result = []
    for match in matches:
        if match.strip().count('.') > 1:
            continue
        try:
            val = float(match)
            result.append(val)
        except ValueError:
            continue
    return result

if __name__ == '__main__':
    sample_input = ""The temperature dropped from 72.5 to -10.3 degrees, while the noise level was 85.2. Ignore abc123 and xyz9.9.9.""
    extracted_values = extract_floats(sample_input)
    print(extracted_values)",True,True,False,,15,282,0_13_15.py
0,14,Extract digits from mixed strings,"Write a concise Python one-liner using list comprehensions and the isdigit method to filter out all non-digit characters from a given mixed string, returning the result as a list of single-digit integers.","def extract_digits_as_ints(s):
    return [int(c) for c in s if c.isdigit()]

if __name__ == '__main__':
    sample_string = ""a1b2c3!@#""
    result = extract_digits_as_ints(sample_string)
    print(result)",True,True,False,,8,283,0_14_8.py
0,12,Extract digits from mixed strings,"Create an optimized Python function that extracts individual digit characters from a complex string containing letters, symbols, and whitespace, ensuring O(n) time complexity and minimal memory usage.","def extract_digits(text):
    result = []
    for char in text:
        if '0' <= char <= '9':
            result.append(char)
    return ''.join(result)

if __name__ == '__main__':
    sample_text = ""abc123!@# 456 xyz 789""
    digits = extract_digits(sample_text)
    print(digits)",True,True,False,,19,284,0_12_19.py
0,14,Extract digits from mixed strings,"Write a concise Python one-liner using list comprehensions and the isdigit method to filter out all non-digit characters from a given mixed string, returning the result as a list of single-digit integers.","def extract_digits(s):
    return [int(c) for c in s if c.isdigit()]

if __name__ == '__main__':
    sample_string = ""a1b2c3d4e5""
    print(extract_digits(sample_string))",True,True,False,,9,285,0_14_9.py
1,0,Validate email address format,Write a robust Python script that validates email addresses by parsing the domain name and checking for valid local-part characters. Use a compiled regular expression pattern stored as a constant for efficiency. Return a boolean result for a list of hard-coded test email strings.,"import re

VALID_EMAIL_PATTERN = re.compile(r'^[a-zA-Z0-9._%+-]+@[a-zA-Z0-9.-]+\.[a-zA-Z]{2,}$')

def validate_email(email):
    return bool(VALID_EMAIL_PATTERN.match(email))

if __name__ == '__main__':
    test_emails = [
        ""user@example.com"",
        ""invalid-email@"",
        ""@missing-local.com"",
        ""user.name+tag@domain.co.uk"",
        ""bad spaces@email.com"",
        ""a@b.c""
    ]
    results = [validate_email(email) for email in test_emails]
    print(results)",True,True,False,,0,286,1_0.py
1,0,Validate email address format,Write a robust Python script that validates email addresses by parsing the domain name and checking for valid local-part characters. Use a compiled regular expression pattern stored as a constant for efficiency. Return a boolean result for a list of hard-coded test email strings.,"import re
import socket

EMAIL_PATTERN = re.compile(r""^[a-zA-Z0-9_.+-]+@[a-zA-Z0-9-]+\.[a-zA-Z0-9-.]+$"")

def validate_email(email):
    if not isinstance(email, str) or not email:
        return False
    if not EMAIL_PATTERN.match(email):
        return False
    try:
        local_part, domain = email.rsplit(""@"", 1)
        if not local_part or not domain:
            return False
        if local_part.startswith(""."") or local_part.endswith(""."") or "".."" in local_part:
            return False
        socket.gethostbyname(domain)
        return True
    except (socket.gaierror, ValueError):
        return False

if __name__ == '__main__':
    test_emails = [
        ""user@example.com"",
        ""user.name+tag@domain.co.uk"",
        ""invalid-email@"",
        ""@missinglocal.com"",
        ""user@invalid-domain"",
        ""user@sub.domain.com"",
        ""user..double@domain.com"",
        ""valid.user_123@test-site.org""
    ]
    results = {email: validate_email(email) for email in test_emails}
    for email, is_valid in results.items():
        print(f""{email}: {is_valid}"")",True,True,False,,1,287,1_0_1.py
1,0,Validate email address format,Write a robust Python script that validates email addresses by parsing the domain name and checking for valid local-part characters. Use a compiled regular expression pattern stored as a constant for efficiency. Return a boolean result for a list of hard-coded test email strings.,"import re

EMAIL_PATTERN = re.compile(
    r'^[a-zA-Z0-9.!#$%&\'*+/=?^_`{|}~-]+@[a-zA-Z0-9](?:[a-zA-Z0-9-]{0,61}[a-zA-Z0-9])?(?:\.[a-zA-Z0-9](?:[a-zA-Z0-9-]{0,61}[a-zA-Z0-9])?)*$'
)

def validate_email(email):
    return bool(EMAIL_PATTERN.match(email))

if __name__ == '__main__':
    test_emails = [
        ""user@example.com"",
        ""invalid-email@"",
        ""@missing-local.com"",
        ""user.name+tag@domain.co.uk"",
        ""bad@.com"",
        ""spaces in@email.com"",
        ""valid123@sub.domain.org"",
        ""a@b""
    ]
    for email in test_emails:
        result = validate_email(email)
        print(result)",True,True,False,,2,288,1_0_2.py
0,13,Extract digits from mixed strings,"Develop a Python utility function that processes a predefined string to find and return all numeric substrings as floating-point numbers, handling potential decimal points accurately while ignoring non-numeric noise.","import re

def extract_floats(text):
    pattern = r'-?\d+\.\d+|-?\d+'
    matches = re.findall(pattern, text)
    return [float(num) for num in matches]

if __name__ == '__main__':
    sample_text = ""The value is 12.34 and the discount is -5.67 or just 8. The noise 99a is ignored.""
    result = extract_floats(sample_text)
    print(result)",True,True,False,,16,289,0_13_16.py
0,13,Extract digits from mixed strings,"Develop a Python utility function that processes a predefined string to find and return all numeric substrings as floating-point numbers, handling potential decimal points accurately while ignoring non-numeric noise.","import re

def extract_floats(text):
    pattern = r'-?\d+\.?\d*'
    matches = re.findall(pattern, text)
    return [float(num) for num in matches if num != '.']

if __name__ == '__main__':
    sample_data = ""Price is 10.5 dollars and -3.75 cents with noise 99abc""
    result = extract_floats(sample_data)
    print(result)",True,True,False,,17,290,0_13_17.py
0,13,Extract digits from mixed strings,"Develop a Python utility function that processes a predefined string to find and return all numeric substrings as floating-point numbers, handling potential decimal points accurately while ignoring non-numeric noise.","import re

def extract_floats(text):
    pattern = r'-?\d+\.?\d*|-\.\d+'
    matches = re.findall(pattern, text)
    return [float(m) for m in matches]

if __name__ == '__main__':
    sample_text = ""Values are 3.14, -2.5, and 100 with noise like abc and 0.001""
    print(extract_floats(sample_text))",True,True,False,,18,291,0_13_18.py
0,14,Extract digits from mixed strings,"Write a concise Python one-liner using list comprehensions and the isdigit method to filter out all non-digit characters from a given mixed string, returning the result as a list of single-digit integers.","def filter_digits(s): return [int(c) for c in s if c.isdigit()]

if __name__ == '__main__':
    print(filter_digits(""abc123def456""))",True,True,False,,10,292,0_14_10.py
0,14,Extract digits from mixed strings,"Write a concise Python one-liner using list comprehensions and the isdigit method to filter out all non-digit characters from a given mixed string, returning the result as a list of single-digit integers.","def filter_digits(s):
    return [int(char) for char in s if char.isdigit()]

if __name__ == '__main__':
    sample_string = ""a1b2c3d4e5""
    print(filter_digits(sample_string))",True,True,False,,11,293,0_14_11.py
0,13,Extract digits from mixed strings,"Develop a Python utility function that processes a predefined string to find and return all numeric substrings as floating-point numbers, handling potential decimal points accurately while ignoring non-numeric noise.","import re

def extract_floats(text):
    pattern = r'-?\d+\.\d+|-?\d+'
    matches = re.findall(pattern, text)
    result = []
    for match in matches:
        try:
            value = float(match)
            result.append(value)
        except ValueError:
            continue
    return result

if __name__ == '__main__':
    sample_text = ""The values are 12.5, -3.14, abc, 100, and .5.""
    floats = extract_floats(sample_text)
    print(floats)",True,True,False,,19,294,0_13_19.py
0,14,Extract digits from mixed strings,"Write a concise Python one-liner using list comprehensions and the isdigit method to filter out all non-digit characters from a given mixed string, returning the result as a list of single-digit integers.","def extract_digits(s):
    return [int(c) for c in s if c.isdigit()]

if __name__ == '__main__':
    sample = ""a1b2c3""
    print(extract_digits(sample))",True,True,False,,12,295,0_14_12.py
1,1,Validate email address format,Develop a fast Python utility function to validate email addresses using the 're' module with lookaheads to ensure domain validity. The code should be strictly procedural and avoid object-oriented structures. Use hard-coded sample emails for demonstration.,"import re

def is_valid_email(email):
    pattern = re.compile(
        r'^'
        r'(?=.{6,254}$)'
        r'(?=.*\.)'
        r'(?![.][.]*)'
        r'([a-zA-Z0-9_.+-]+)'
        r'@'
        r'([a-zA-Z0-9-]+)'
        r'(\.[a-zA-Z0-9-]+)*'
        r'\.'
        r'[a-zA-Z0-9-]{2,}'
        r'$'
    )
    return bool(pattern.match(email))

if __name__ == '__main__':
    emails = [""user@example.com"", ""invalid@"", ""test.user@domain.co.uk"", ""no-at-sign.com"", ""@missing.com""]
    for email in emails:
        result = is_valid_email(email)
        print(f""{email}: {result}"")",True,True,False,,0,296,1_1.py
0,14,Extract digits from mixed strings,"Write a concise Python one-liner using list comprehensions and the isdigit method to filter out all non-digit characters from a given mixed string, returning the result as a list of single-digit integers.","def filter_digits(s):
    return [int(c) for c in s if c.isdigit()]

if __name__ == '__main__':
    sample_string = ""a1b2c3""
    print(filter_digits(sample_string))",True,True,False,,13,297,0_14_13.py
0,14,Extract digits from mixed strings,"Write a concise Python one-liner using list comprehensions and the isdigit method to filter out all non-digit characters from a given mixed string, returning the result as a list of single-digit integers.","def filter_digits(s):
    return [int(c) for c in s if c.isdigit()]

if __name__ == '__main__':
    result = filter_digits(""abc123def456"")
    print(result)",True,True,False,,14,298,0_14_14.py
1,1,Validate email address format,Develop a fast Python utility function to validate email addresses using the 're' module with lookaheads to ensure domain validity. The code should be strictly procedural and avoid object-oriented structures. Use hard-coded sample emails for demonstration.,"import re

def validate_email(email):
    pattern = r'^[a-zA-Z0-9_.+-]+@[a-zA-Z0-9-]+\.[a-zA-Z]{2,}$'
    return bool(re.match(pattern, email))

if __name__ == '__main__':
    sample_emails = [
        ""user@example.com"",
        ""invalid.email@"",
        ""test@domain.org"",
        ""@missinguser.com"",
        ""user@.com"",
        ""valid.email+tag@sub.domain.co.uk"",
        ""spaces in@email.com"",
        ""user@domain"",
        ""user@domain.c"",
        ""a@b.cc""
    ]
    for email in sample_emails:
        result = validate_email(email)
        print(result)",True,True,False,,1,299,1_1_1.py
0,14,Extract digits from mixed strings,"Write a concise Python one-liner using list comprehensions and the isdigit method to filter out all non-digit characters from a given mixed string, returning the result as a list of single-digit integers.","def filter_digits(s):
    return [int(c) for c in s if c.isdigit()]

if __name__ == '__main__':
    sample_string = ""a1b2c3d4e5""
    result = filter_digits(sample_string)
    print(result)",True,True,False,,15,300,0_14_15.py
1,1,Validate email address format,Develop a fast Python utility function to validate email addresses using the 're' module with lookaheads to ensure domain validity. The code should be strictly procedural and avoid object-oriented structures. Use hard-coded sample emails for demonstration.,"import re

def validate_email(email):
    pattern = r'^[a-zA-Z0-9_.+-]+@[a-zA-Z0-9-]+\.[a-zA-Z]{2,}$'
    if re.match(pattern, email):
        domain = email.split('@')[1]
        if len(domain.split('.')) >= 2 and len(domain.split('.')[-1]) >= 2:
            return True
        return False
    return False

if __name__ == '__main__':
    sample_emails = ['test@example.com', 'invalid.email', 'user@domain.org', 'bad@.com', 'good@sub.domain.co.uk']
    for email in sample_emails:
        print(validate_email(email))",True,True,False,,2,301,1_1_2.py
1,1,Validate email address format,Develop a fast Python utility function to validate email addresses using the 're' module with lookaheads to ensure domain validity. The code should be strictly procedural and avoid object-oriented structures. Use hard-coded sample emails for demonstration.,"import re

def validate_email(email):
    if not isinstance(email, str):
        return False
    pattern = re.compile(
        r""^(?!.*\.\.)(?!.*\.$)(?!^\.)""
        r""[a-zA-Z0-9_.+-]+""
        r""@""
        r""(?=[a-zA-Z0-9-]{1,63}\.)""
        r""[a-zA-Z0-9-]+""
        r""\.[a-zA-Z]{2,}$""
    )
    return bool(pattern.match(email))

if __name__ == '__main__':
    test_emails = [
        ""user@example.com"",
        ""valid.name+tag@sub.domain.org"",
        ""invalid..email@test.com"",
        ""no-at-symbol.com"",
        ""missing@domain"",
        ""trailing.@test.com"",
        ""good_user123@mail.server.net""
    ]
    results = []
    for email in test_emails:
        result = validate_email(email)
        results.append(result)
    print(results)",True,True,False,,3,302,1_1_3.py
1,1,Validate email address format,Develop a fast Python utility function to validate email addresses using the 're' module with lookaheads to ensure domain validity. The code should be strictly procedural and avoid object-oriented structures. Use hard-coded sample emails for demonstration.,"import re

def validate_email(email):
    pattern = re.compile(r""""""
        ^
        (?=.*@[a-zA-Z0-9.-]+\.[a-zA-Z]{2,}$)
        [a-zA-Z0-9._%+-]+@[a-zA-Z0-9.-]+\.[a-zA-Z]{2,}
        $
        """""", re.VERBOSE)
    return bool(pattern.match(email))

if __name__ == '__main__':
    sample_emails = [
        ""user@example.com"",
        ""invalid-email@"",
        ""another.email+tag@domain.co.uk"",
        ""@missing-local.com"",
        ""no-at-sign.com"",
        ""user@.invalid"",
        ""user@domain.""
    ]
    results = [validate_email(email) for email in sample_emails]
    print(results)",True,True,False,,4,303,1_1_4.py
1,0,Validate email address format,Write a robust Python script that validates email addresses by parsing the domain name and checking for valid local-part characters. Use a compiled regular expression pattern stored as a constant for efficiency. Return a boolean result for a list of hard-coded test email strings.,"import re

VALID_EMAIL_PATTERN = re.compile(
    r'^[a-zA-Z0-9_.+-]+@[a-zA-Z0-9-]+\.[a-zA-Z0-9-.]+$'
)

def validate_email(email: str) -> bool:
    return bool(VALID_EMAIL_PATTERN.match(email))

def main():
    test_emails = [
        ""user@example.com"",
        ""invalid.email"",
        ""another.user@domain.org"",
        ""bad@.com"",
        ""test@sub.domain.co.uk""
    ]
    results = {email: validate_email(email) for email in test_emails}
    print(results)

if __name__ == '__main__':
    main()",True,True,False,,3,304,1_0_3.py
0,14,Extract digits from mixed strings,"Write a concise Python one-liner using list comprehensions and the isdigit method to filter out all non-digit characters from a given mixed string, returning the result as a list of single-digit integers.","def filter_digits(s):
    return [int(c) for c in s if c.isdigit()]

if __name__ == '__main__':
    result = filter_digits(""abc123xyz456"")
    print(result)",True,True,False,,16,305,0_14_16.py
1,1,Validate email address format,Develop a fast Python utility function to validate email addresses using the 're' module with lookaheads to ensure domain validity. The code should be strictly procedural and avoid object-oriented structures. Use hard-coded sample emails for demonstration.,"import re

def validate_email(email: str) -> bool:
    pattern = r'^(?!(?:@[a-z]+\.))([a-zA-Z0-9._%+-]+)@(?!(?:invalid\.))([a-zA-Z0-9.-]+\.[a-zA-Z]{2,})$'
    match = re.match(pattern, email)
    return match is not None

if __name__ == '__main__':
    samples = ['test@example.com', 'user@invalid.', 'bad@@sym.com', 'valid+tag@sub.domain.org']
    results = [validate_email(s) for s in samples]
    print(results)",True,True,False,,5,306,1_1_5.py
1,0,Validate email address format,Write a robust Python script that validates email addresses by parsing the domain name and checking for valid local-part characters. Use a compiled regular expression pattern stored as a constant for efficiency. Return a boolean result for a list of hard-coded test email strings.,"import re
import socket
import socket.gaierror

EMAIL_REGEX = re.compile(
    r'^(?P<local>[a-zA-Z0-9!#$%&\'*+/=?^_`{|}~-]+(?:\.[a-zA-Z0-9!#$%&\'*+/=?^_`{|}~-]+)*)'
    r'@'
    r'(?P<domain>[a-zA-Z0-9](?:[a-zA-Z0-9-]*[a-zA-Z0-9])?(?:\.[a-zA-Z0-9](?:[a-zA-Z0-9-]*[a-zA-Z0-9])?)*)$'
)

def validate_email(email: str) -> bool:
    if not isinstance(email, str):
        return False
    match = EMAIL_REGEX.match(email)
    if not match:
        return False
    local_part = match.group('local')
    domain_part = match.group('domain')
    if not local_part or len(local_part) > 64:
        return False
    if len(local_part) > 64:
        return False
    if '.' in local_part:
        for segment in local_part.split('.'):
            if not segment:
                return False
            if segment[0] == '-' or segment[-1] == '-':
                return False
    if '.' in domain_part:
        domain_labels = domain_part.split('.')
        if not domain_labels or any(len(label) == 0 for label in domain_labels):
            return False
        if len(domain_labels) < 2:
            return False
        for label in domain_labels:
            if len(label) > 63:
                return False
            if label[0] == '-' or label[-1] == '-':
                return False
            if not all(c.isalnum() or c == '-' for c in label):
                return False
    else:
        if len(domain_part) > 255:
            return False
        if domain_part[0] == '-' or domain_part[-1] == '-':
            return False
        if not all(c.isalnum() or c == '-' for c in domain_part):
            return False
    return True

if __name__ == '__main__':
    test_emails = [
        ""user@example.com"",
        ""user.name@sub.domain.co.uk"",
        ""invalid@"",
        ""@example.com"",
        ""user@.com"",
        ""user@domain..com"",
        ""user@-domain.com"",
        ""user@domain-"",
        ""user@domain.c"",
        ""user name@example.com"",
        ""user@ex ample.com"",
        ""valid+tag@domain.org""
    ]
    results = {}
    for email in test_emails:
        results[email] = validate_email(email)
    for email, is_valid in results.items():
        print(f""{email}: {is_valid}"")",True,True,False,,4,307,1_0_4.py
1,1,Validate email address format,Develop a fast Python utility function to validate email addresses using the 're' module with lookaheads to ensure domain validity. The code should be strictly procedural and avoid object-oriented structures. Use hard-coded sample emails for demonstration.,"import re

def validate_email(email: str) -> bool:
    pattern = r'^(?!.*\.\.)(?!.*@@)[a-zA-Z0-9._%+-]+@(?!.*\.\.)(?!.*--)(?!.*_\.)(?!.*\._)[a-zA-Z0-9.-]+(?:\.[a-zA-Z]{2,})+$'
    if not re.match(pattern, email):
        return False
    local_part, domain_part = email.rsplit('@', 1)
    if not local_part or len(local_part) > 64:
        return False
    domain_labels = domain_part.split('.')
    if len(domain_labels) < 2:
        return False
    for label in domain_labels:
        if not label or len(label) > 63:
            return False
        if label.startswith('-') or label.endswith('-'):
            return False
        if not re.match(r'^[a-zA-Z0-9-]+$', label):
            return False
    return True

if __name__ == '__main__':
    samples = ['user@example.com', 'invalid.@domain.com', 'bad..domain@domain.com', 'valid-name+tag@sub.domain.org', 'missing@tld']
    results = [validate_email(email) for email in samples]
    print(results)",True,True,False,,6,308,1_1_6.py
0,14,Extract digits from mixed strings,"Write a concise Python one-liner using list comprehensions and the isdigit method to filter out all non-digit characters from a given mixed string, returning the result as a list of single-digit integers.","def extract_digits(s):
    return [int(c) for c in s if c.isdigit()]

if __name__ == '__main__':
    sample = ""a1b2c3!@#45d6""
    print(extract_digits(sample))",True,True,False,,17,309,0_14_17.py
1,0,Validate email address format,Write a robust Python script that validates email addresses by parsing the domain name and checking for valid local-part characters. Use a compiled regular expression pattern stored as a constant for efficiency. Return a boolean result for a list of hard-coded test email strings.,"import re
import socket

EMAIL_REGEX = re.compile(r'^(?!.*\.\.)(?!.*\.$)^[A-Za-z0-9._%+-]+@[A-Za-z0-9.-]+\.[A-Za-z]{2,}$')

def validate_emails(email_list):
    results = {}
    for email in email_list:
        is_valid = False
        reason = """"
        
        if EMAIL_REGEX.match(email):
            parts = email.split('@')
            local_part = parts[0]
            domain = parts[1]
            
            valid_chars = set(""abcdefghijklmnopqrstuvwxyzABCDEFGHIJKLMNOPQRSTUVWXYZ0123456789._%+-"")
            if all(char in valid_chars for char in local_part):
                try:
                    socket.gethostbyname(domain)
                    is_valid = True
                    reason = ""Valid""
                except socket.gaierror:
                    is_valid = False
                    reason = ""Invalid DNS""
            else:
                is_valid = False
                reason = ""Invalid local-part characters""
        else:
            is_valid = False
            reason = ""Regex mismatch""
        
        results[email] = {""valid"": is_valid, ""reason"": reason}
    
    return results

if __name__ == '__main__':
    test_emails = [
        ""user@example.com"",
        ""user.name@sub.domain.co.uk"",
        ""invalid@.com"",
        ""bad..char@test.com"",
        ""valid_user+tag@server.org"",
        ""missing@domain"",
        ""@missinglocal.com"",
        ""no-at-symbol.com""
    ]
    
    output = validate_emails(test_emails)
    for email, info in output.items():
        print(f""{email}: {info}"")",True,True,False,,5,310,1_0_5.py
1,1,Validate email address format,Develop a fast Python utility function to validate email addresses using the 're' module with lookaheads to ensure domain validity. The code should be strictly procedural and avoid object-oriented structures. Use hard-coded sample emails for demonstration.,"import re

def validate_email(email):
    if not isinstance(email, str):
        return False
    pattern = r'^[a-zA-Z0-9._%+-]+@(?:[a-zA-Z0-9](?:[a-zA-Z0-9-]{0,61}[a-zA-Z0-9])?\.)+[a-zA-Z]{2,}$'
    return bool(re.match(pattern, email))

if __name__ == '__main__':
    sample_emails = [
        ""user@example.com"",
        ""invalid-email@"",
        ""test.user@domain.org"",
        ""@missing-local.com"",
        ""another@sub.domain.co.uk"",
        ""spaces in@email.com"",
        ""valid123@test.net""
    ]
    for email in sample_emails:
        print(validate_email(email))",True,True,False,,7,311,1_1_7.py
1,0,Validate email address format,Write a robust Python script that validates email addresses by parsing the domain name and checking for valid local-part characters. Use a compiled regular expression pattern stored as a constant for efficiency. Return a boolean result for a list of hard-coded test email strings.,"import re

EMAIL_PATTERN = re.compile(r'^[a-zA-Z0-9._%+-]+@[a-zA-Z0-9.-]+\.[a-zA-Z]{2,}$')

def validate_email_addresses(emails):
    results = {}
    for email in emails:
        if EMAIL_PATTERN.match(email):
            domain_part = email.split('@')[1]
            results[email] = domain_part
        else:
            results[email] = False
    return results

if __name__ == '__main__':
    test_emails = [
        ""user@example.com"",
        ""first.last@sub.domain.co.uk"",
        ""invalid-email@"",
        ""@missing-local.com"",
        ""no-at-sign.com"",
        ""user+tag@domain.org"",
        ""bad..dots@domain.com"",
        ""valid@123.45""
    ]
    validation_results = validate_email_addresses(test_emails)
    for email, result in validation_results.items():
        print(f""{email}: {result}"")",True,True,False,,6,312,1_0_6.py
1,1,Validate email address format,Develop a fast Python utility function to validate email addresses using the 're' module with lookaheads to ensure domain validity. The code should be strictly procedural and avoid object-oriented structures. Use hard-coded sample emails for demonstration.,"import re

def validate_email(email):
    pattern = re.compile(
        r'^(?!.*\.\.)'
        r'[a-zA-Z0-9._%+-]+'
        r'@'
        r'(?!-)'
        r'[a-zA-Z0-9-]+'
        r'(?:\.[a-zA-Z0-9-]+)*'
        r'\.[a-zA-Z]{2,}$'
    )
    return bool(pattern.match(email))

if __name__ == '__main__':
    sample_emails = [
        ""user@example.com"",
        ""invalid.email@"",
        ""@missing.com"",
        ""user.name+tag@domain.co.uk"",
        ""bad..dot@domain.com"",
        ""no-at-sign.com"",
        ""user@domain"",
        ""test@sub.domain.org"",
        ""spaces@domain .com"",
        ""valid123@test-domain.com""
    ]
    results = [(email, validate_email(email)) for email in sample_emails]
    for email, is_valid in results:
        print(f""{email}: {is_valid}"")",True,True,False,,8,313,1_1_8.py
1,1,Validate email address format,Develop a fast Python utility function to validate email addresses using the 're' module with lookaheads to ensure domain validity. The code should be strictly procedural and avoid object-oriented structures. Use hard-coded sample emails for demonstration.,"import re

def validate_email(email):
    pattern = r'^(?!.*\.\.)[a-zA-Z0-9._%+-]+@[a-zA-Z0-9-]+(\.[a-zA-Z]{2,})+$'
    lookahead_pattern = r'^(?=.*[a-zA-Z0-9])(?!.*\.\.)'
    domain_pattern = r'^[a-zA-Z0-9._%+-]+@'
    
    if not re.search(lookahead_pattern, email):
        return False
    if not re.match(domain_pattern, email):
        return False
    
    full_match = re.match(pattern, email)
    return bool(full_match)

if __name__ == '__main__':
    samples = [
        ""user@example.com"",
        ""user..name@example.com"",
        ""invalid-email@"",
        ""another@valid-domain.org"",
        ""no-at-sign.com"",
        ""bad@.com"",
        ""good.name+tag@sub.domain.co""
    ]
    for s in samples:
        result = validate_email(s)
        print(result)",True,True,False,,9,314,1_1_9.py
1,1,Validate email address format,Develop a fast Python utility function to validate email addresses using the 're' module with lookaheads to ensure domain validity. The code should be strictly procedural and avoid object-oriented structures. Use hard-coded sample emails for demonstration.,"import re

def validate_email(email):
    pattern = (
        r'^(?!.*\.\.)(?!.*\.$)[a-zA-Z0-9._%+-]+@[a-zA-Z0-9.-]+\.[a-zA-Z]{2,}$'
    )
    return bool(re.match(pattern, email))

if __name__ == '__main__':
    samples = [
        ""user@example.com"",
        ""invalid.email@.com"",
        ""test@domain.co.uk"",
        ""bad@domain"",
        ""another..dot@test.org"",
        ""valid+tag@gmail.com""
    ]
    results = [validate_email(email) for email in samples]
    print(results)",True,True,False,,10,315,1_1_10.py
0,14,Extract digits from mixed strings,"Write a concise Python one-liner using list comprehensions and the isdigit method to filter out all non-digit characters from a given mixed string, returning the result as a list of single-digit integers.","def extract_digits(s):
    return [int(c) for c in s if c.isdigit()]

if __name__ == '__main__':
    print(extract_digits(""a1b2c3d4""))",True,True,False,,18,316,0_14_18.py
1,0,Validate email address format,Write a robust Python script that validates email addresses by parsing the domain name and checking for valid local-part characters. Use a compiled regular expression pattern stored as a constant for efficiency. Return a boolean result for a list of hard-coded test email strings.,"import re

EMAIL_PATTERN = re.compile(r'^[a-zA-Z0-9_.+-]+@[a-zA-Z0-9-]+\.[a-zA-Z0-9-.]+$')

def validate_emails(email_list):
    results = []
    for email in email_list:
        results.append(bool(EMAIL_PATTERN.match(email)))
    return results

if __name__ == '__main__':
    test_emails = [
        ""user@example.com"",
        ""invalid.email"",
        ""test@sub.domain.co.uk"",
        ""@nodomain.com"",
        ""no-at-sign.org"",
        ""user@.invalid"",
        ""user@invalid..com""
    ]
    valid_results = validate_emails(test_emails)
    print(valid_results)",True,True,False,,7,317,1_0_7.py
0,14,Extract digits from mixed strings,"Write a concise Python one-liner using list comprehensions and the isdigit method to filter out all non-digit characters from a given mixed string, returning the result as a list of single-digit integers.","def filter_digits(s):
    return [int(c) for c in s if c.isdigit()]

if __name__ == '__main__':
    sample_string = ""a1b2c3d4""
    result = filter_digits(sample_string)
    print(result)",True,True,False,,19,318,0_14_19.py
1,1,Validate email address format,Develop a fast Python utility function to validate email addresses using the 're' module with lookaheads to ensure domain validity. The code should be strictly procedural and avoid object-oriented structures. Use hard-coded sample emails for demonstration.,"import re

def validate_email(email: str) -> bool:
    pattern = re.compile(
        r""^(?=[a-zA-Z0-9._%-]+@[a-zA-Z0-9.-]+\.[a-zA-Z]{2,}$)""
        r""(?=[^@]*$)""
        r""^[a-zA-Z0-9._%-]+@[a-zA-Z0-9.-]+\.[a-zA-Z]{2,}$""
    )
    return pattern.match(email) is not None

def get_domain(email: str) -> str:
    if ""@"" in email:
        return email.split(""@"")[-1]
    return """"

if __name__ == '__main__':
    sample_emails = [
        ""user@example.com"",
        ""invalid.email@"",
        ""another.user@sub.domain.org"",
        ""@missing-local.com"",
        ""no-at-sign.com""
    ]

    for email in sample_emails:
        is_valid = validate_email(email)
        domain = get_domain(email)
        print(f""{email}: valid={is_valid}, domain={domain}"")",True,True,False,,11,319,1_1_11.py
1,2,Validate email address format,Implement a Python function that validates email addresses by splitting the string at the '@' symbol and validating each part separately. Use standard string methods and a pre-compiled regex for the domain part. Return a boolean value without any side effects.,"import re
import string

_DOMAIN_PATTERN = re.compile(
    r'^(?=.{1,253}\.[a-z0-9]|\.[a-z0-9]{1,63})([a-z0-9]+(-[a-z0-9]+)*\.)+[a-z]{2,63}$'
)

_VALID_LOCAL_CHARACTERS = set(string.ascii_letters + string.digits + '._%+-')

def is_valid_email(email: str) -> bool:
    if not isinstance(email, str):
        return False
    
    if email.count('@') != 1:
        return False
    
    local_part, domain_part = email.split('@')
    
    if not local_part:
        return False
    
    if len(local_part) > 64:
        return False
    
    for char in local_part:
        if char not in _VALID_LOCAL_CHARACTERS:
            return False
    
    if local_part[0] == '.' or local_part[-1] == '.':
        return False
    
    if '..' in local_part:
        return False
    
    if not _DOMAIN_PATTERN.match(domain_part):
        return False
    
    return True

if __name__ == '__main__':
    sample_email = 'user.name+tag@subdomain.example.com'
    result = is_valid_email(sample_email)
    print(result)",True,True,False,,0,320,1_2.py
1,0,Validate email address format,Write a robust Python script that validates email addresses by parsing the domain name and checking for valid local-part characters. Use a compiled regular expression pattern stored as a constant for efficiency. Return a boolean result for a list of hard-coded test email strings.,"import re

EMAIL_REGEX = re.compile(
    r'^[a-zA-Z0-9._%+-]+@[a-zA-Z0-9.-]+\.[a-zA-Z]{2,}$'
)

def validate_email(email):
    return bool(EMAIL_REGEX.match(email))

if __name__ == '__main__':
    test_emails = [
        ""user@example.com"",
        ""invalid-email@"",
        ""test.user+tag@domain.co.uk"",
        ""@missing-local.com"",
        ""spaces in@email.com"",
        ""valid123@sub.domain.org"",
        ""no-at-sign.com"",
        ""a@b""
    ]
    
    results = [validate_email(email) for email in test_emails]
    print(results)",True,True,False,,8,321,1_0_8.py
1,0,Validate email address format,Write a robust Python script that validates email addresses by parsing the domain name and checking for valid local-part characters. Use a compiled regular expression pattern stored as a constant for efficiency. Return a boolean result for a list of hard-coded test email strings.,"import re

EMAIL_PATTERN = re.compile(r'^[a-zA-Z0-9._%+-]+@[a-zA-Z0-9.-]+\.[a-zA-Z]{2,}$')

TEST_EMAILS = [
    ""user@example.com"",
    ""invalid-email@.com"",
    ""name@subdomain.example.co.uk"",
    ""@missing-local.com"",
    ""spaces in@email.com"",
    ""normal+tag@domain.org""
]

def validate_emails(emails):
    results = []
    for email in emails:
        results.append(bool(EMAIL_PATTERN.match(email)))
    return results

if __name__ == '__main__':
    print(validate_emails(TEST_EMAILS))",True,True,False,,9,322,1_0_9.py
1,1,Validate email address format,Develop a fast Python utility function to validate email addresses using the 're' module with lookaheads to ensure domain validity. The code should be strictly procedural and avoid object-oriented structures. Use hard-coded sample emails for demonstration.,"import re

def validate_email(address):
    if not address or not isinstance(address, str):
        return False
    pattern = r""^(?=[a-zA-Z0-9._%+-]{1,64}@)(?=[a-zA-Z0-9.-]{1,255}$)(?=(?:[a-zA-Z0-9]{2,})@)(?=(?:[a-zA-Z0-9-]+\.)+[a-zA-Z]{2,}$)[a-zA-Z0-9._%+-]+@[a-zA-Z0-9.-]+\.[a-zA-Z]{2,}$""
    return bool(re.match(pattern, address))

if __name__ == ""__main__"":
    samples = [
        ""user@example.com"",
        ""invalid.email"",
        ""name@domain.co.uk"",
        ""@missinglocal.com"",
        ""missing@domain"",
        ""spaces @bad.com""
    ]
    for email in samples:
        print(validate_email(email))",True,True,False,,12,323,1_1_12.py
1,2,Validate email address format,Implement a Python function that validates email addresses by splitting the string at the '@' symbol and validating each part separately. Use standard string methods and a pre-compiled regex for the domain part. Return a boolean value without any side effects.,"import re

_DOMAIN_RE = re.compile(r'^[a-zA-Z0-9]([a-zA-Z0-9\-]*[a-zA-Z0-9])?(\.[a-zA-Z0-9]([a-zA-Z0-9\-]*[a-zA-Z0-9])?)*$')

def validate_email(email: str) -> bool:
    if not isinstance(email, str) or '@' not in email:
        return False
    
    parts = email.split('@')
    if len(parts) != 2:
        return False
    
    local_part, domain_part = parts
    
    if not local_part or not domain_part:
        return False
    
    for char in local_part:
        if not (char.isalnum() or char in '.-_+'):
            return False
        if char == '.' and (local_part.startswith('.') or local_part.endswith('.') or '..' in local_part):
            return False
    
    if not _DOMAIN_RE.match(domain_part):
        return False
    
    if '..' in domain_part or domain_part.startswith('-') or domain_part.endswith('-'):
        return False
    
    return True

if __name__ == '__main__':
    print(validate_email(""user@example.com""))
    print(validate_email(""invalid-email.com""))
    print(validate_email(""user@.com""))
    print(validate_email(""user@com""))
    print(validate_email(""user.name@sub.domain.com""))
    print(validate_email(""@domain.com""))
    print(validate_email(""user@""))
    print(validate_email(""""))",True,True,False,,1,324,1_2_1.py
1,0,Validate email address format,Write a robust Python script that validates email addresses by parsing the domain name and checking for valid local-part characters. Use a compiled regular expression pattern stored as a constant for efficiency. Return a boolean result for a list of hard-coded test email strings.,"import re

VALID_EMAIL_PATTERN = re.compile(r""^[a-zA-Z0-9._%+-]+@[a-zA-Z0-9.-]+\.[a-zA-Z]{2,}$"")

def is_valid_email(email: str) -> bool:
    if not email or not isinstance(email, str):
        return False
    return bool(VALID_EMAIL_PATTERN.match(email))

if __name__ == '__main__':
    test_emails = [
        ""user@example.com"",
        ""user.name+tag@sub.domain.org"",
        ""invalid-email@"",
        ""@missing-local.com"",
        ""no-at-symbol.com"",
        ""user@invalid-domain"",
        ""another.valid-email@co.uk""
    ]
    results = {email: is_valid_email(email) for email in test_emails}
    for email, is_valid in results.items():
        print(email, is_valid)",True,True,False,,10,325,1_0_10.py
1,0,Validate email address format,Write a robust Python script that validates email addresses by parsing the domain name and checking for valid local-part characters. Use a compiled regular expression pattern stored as a constant for efficiency. Return a boolean result for a list of hard-coded test email strings.,"import re

VALID_LOCAL_PART = re.compile(r""^[A-Za-z0-9._%+-]+@[A-Za-z0-9.-]+\.[A-Za-z]{2,}$"")

def validate_emails(email_list):
    results = []
    for email in email_list:
        if VALID_LOCAL_PART.match(email):
            domain_parts = email.split(""@"")
            if len(domain_parts) == 2:
                local_part, domain = domain_parts
                domain_name = domain.split(""."")[0]
                if len(domain_name) > 0:
                    results.append(True)
                    continue
        results.append(False)
    return results

if __name__ == ""__main__"":
    test_emails = [
        ""user@example.com"",
        ""user.name@sub.domain.co.uk"",
        ""invalid-email@"",
        ""@invalid.com"",
        ""user@invalid"",
        ""user+tag@valid.org""
    ]
    output = validate_emails(test_emails)
    print(output)",True,True,False,,11,326,1_0_11.py
1,1,Validate email address format,Develop a fast Python utility function to validate email addresses using the 're' module with lookaheads to ensure domain validity. The code should be strictly procedural and avoid object-oriented structures. Use hard-coded sample emails for demonstration.,"import re

def validate_email(email):
    pattern = (
        r'^'
        r'(?=.*[a-zA-Z0-9._%+-]+@)'
        r'(?=.*[a-zA-Z]{2,}\.?[a-zA-Z]*$)'
        r'[a-zA-Z0-9._%+-]+@[a-zA-Z0-9.-]+\.[a-zA-Z]{2,}'
        r'$'
    )
    if re.match(pattern, email):
        return True
    return False

if __name__ == '__main__':
    samples = [
        ""user@example.com"",
        ""invalid-email"",
        ""user@.com"",
        ""user@com."",
        ""user name@example.com"",
        ""user@exam_ple.com"",
        ""a.b.c@test.co.uk""
    ]
    results = []
    for sample in samples:
        result = validate_email(sample)
        results.append(result)
    print(results)",True,True,False,,13,327,1_1_13.py
1,2,Validate email address format,Implement a Python function that validates email addresses by splitting the string at the '@' symbol and validating each part separately. Use standard string methods and a pre-compiled regex for the domain part. Return a boolean value without any side effects.,"import re

_email_domain_pattern = re.compile(r'^[a-zA-Z0-9](?:[a-zA-Z0-9-]*[a-zA-Z0-9])?(?:\.[a-zA-Z0-9](?:[a-zA-Z0-9-]*[a-zA-Z0-9])?)*\.[a-zA-Z]{2,}$')

def validate_email(email: str) -> bool:
    if '@' not in email:
        return False
    parts = email.split('@')
    if len(parts) != 2:
        return False
    local_part, domain_part = parts
    if not local_part or not domain_part:
        return False
    if len(local_part) > 64:
        return False
    if '..' in local_part:
        return False
    for char in local_part:
        if not (char.isalnum() or char in '.!#$%&\'*+/-=?^_`{|}~'):
            return False
    if _email_domain_pattern.match(domain_part):
        return True
    return False

if __name__ == '__main__':
    test_emails = [
        ""user@example.com"",
        ""invalid-email.com"",
        ""user@@example.com"",
        ""user@-invalid.com"",
        "".user@example.com"",
        ""user@.example.com""
    ]
    for email in test_emails:
        print(validate_email(email))",True,True,False,,2,328,1_2_2.py
1,0,Validate email address format,Write a robust Python script that validates email addresses by parsing the domain name and checking for valid local-part characters. Use a compiled regular expression pattern stored as a constant for efficiency. Return a boolean result for a list of hard-coded test email strings.,"import re

EMAIL_PATTERN = re.compile(r'^[a-zA-Z0-9._%+-]+@[a-zA-Z0-9.-]+\.[a-zA-Z]{2,}$')

def validate_email(email):
    if not isinstance(email, str):
        return False
    return EMAIL_PATTERN.match(email) is not None

def validate_emails(emails):
    return [validate_email(email) for email in emails]

if __name__ == '__main__':
    test_emails = [
        ""user@example.com"",
        ""invalid.email@.com"",
        ""another@domain.org"",
        ""@missing-local.com"",
        ""no-at-sign.com"",
        ""user@sub.domain.co.uk"",
        ""bad@@double.com"",
        ""spaces in@name.com"",
        ""valid.email+tag@provider.net"",
        ""a@b.co""
    ]
    results = validate_emails(test_emails)
    for email, is_valid in zip(test_emails, results):
        print(f""{email}: {is_valid}"")",True,True,False,,12,329,1_0_12.py
1,2,Validate email address format,Implement a Python function that validates email addresses by splitting the string at the '@' symbol and validating each part separately. Use standard string methods and a pre-compiled regex for the domain part. Return a boolean value without any side effects.,"import re

DOMAIN_PATTERN = re.compile(r'^[a-zA-Z0-9.-]+\.[a-zA-Z]{2,}$')

def validate_email(email: str) -> bool:
    if not isinstance(email, str):
        return False
    parts = email.split('@')
    if len(parts) != 2:
        return False
    local_part, domain_part = parts
    if not local_part:
        return False
    if '.' not in local_part and '_' not in local_part and '+' not in local_part and '-' not in local_part:
        if len(local_part) < 1 or len(local_part) > 64:
            return False
        if not local_part[0].isalnum() or not local_part[-1].isalnum():
            return False
    else:
        if not all(c.isalnum() or c in '._+-' for c in local_part):
            return False
        if local_part.startswith('.') or local_part.endswith('.') or '..' in local_part:
            return False
    if not domain_part:
        return False
    if not DOMAIN_PATTERN.match(domain_part):
        return False
    if '.' not in domain_part:
        return False
    return True

if __name__ == '__main__':
    test_emails = [
        ""user@example.com"",
        ""invalid.email"",
        ""user@.com"",
        ""user@domain"",
        ""@example.com"",
        ""user@sub.domain.co.uk""
    ]
    for email in test_emails:
        print(validate_email(email))",True,True,False,,3,330,1_2_3.py
1,0,Validate email address format,Write a robust Python script that validates email addresses by parsing the domain name and checking for valid local-part characters. Use a compiled regular expression pattern stored as a constant for efficiency. Return a boolean result for a list of hard-coded test email strings.,"import re

EMAIL_PATTERN = re.compile(
    r'^[a-zA-Z0-9._%+-]+@[a-zA-Z0-9.-]+\.[a-zA-Z]{2,}$'
)

def validate_email(email):
    return bool(EMAIL_PATTERN.match(email))

def validate_emails(emails):
    return [validate_email(email) for email in emails]

if __name__ == '__main__':
    test_emails = [
        ""user@example.com"",
        ""invalid.email@"",
        ""@missing-local.com"",
        ""user@.com"",
        ""user@com"",
        ""user_name+tag@domain.co.uk"",
        ""spaces in@email.com"",
        ""user@domain.c"",
        ""valid.email.name@sub.domain.com"",
        """",
        ""justtext""
    ]
    results = validate_emails(test_emails)
    print(results)",True,True,False,,13,331,1_0_13.py
1,0,Validate email address format,Write a robust Python script that validates email addresses by parsing the domain name and checking for valid local-part characters. Use a compiled regular expression pattern stored as a constant for efficiency. Return a boolean result for a list of hard-coded test email strings.,"import re

EMAIL_PATTERN = re.compile(r'^[a-zA-Z0-9._%+-]+@[a-zA-Z0-9.-]+\.[a-zA-Z]{2,}$')

def validate_emails(email_list):
    results = []
    for email in email_list:
        if EMAIL_PATTERN.match(email):
            results.append(True)
        else:
            results.append(False)
    return results

if __name__ == '__main__':
    test_emails = [
        ""user@example.com"",
        ""user.name+tag@sub.domain.co"",
        ""invalid-email@"",
        ""@missing-local.com"",
        ""no-domain"",
        ""special!char@test.com"",
        ""valid_user-123@domain-name.org""
    ]
    print(validate_emails(test_emails))",True,True,False,,14,332,1_0_14.py
1,0,Validate email address format,Write a robust Python script that validates email addresses by parsing the domain name and checking for valid local-part characters. Use a compiled regular expression pattern stored as a constant for efficiency. Return a boolean result for a list of hard-coded test email strings.,"import re

EMAIL_PATTERN = re.compile(
    r'^[a-zA-Z0-9._%+-]+@[a-zA-Z0-9.-]+\.[a-zA-Z]{2,}$'
)

def validate_email(email):
    if not isinstance(email, str):
        return False
    return bool(EMAIL_PATTERN.match(email))

if __name__ == '__main__':
    test_emails = [
        ""user@example.com"",
        ""invalid@.com"",
        ""@missing-local.com"",
        ""no-at-sign.com"",
        ""user@sub.domain.co.uk"",
        ""spaces in@name.com"",
        ""user@domain."",
        "".leading-dot@domain.com"",
        ""trailing-dot.@domain.com"",
        ""user+tag@domain.org""
    ]
    results = [validate_email(email) for email in test_emails]
    print(results)",True,True,False,,15,333,1_0_15.py
1,1,Validate email address format,Develop a fast Python utility function to validate email addresses using the 're' module with lookaheads to ensure domain validity. The code should be strictly procedural and avoid object-oriented structures. Use hard-coded sample emails for demonstration.,"import re

LOCAL_PART_PATTERN = r'[a-zA-Z0-9._%+-]+'
DOMAIN_PATTERN = r'[a-zA-Z0-9-]+\.[a-zA-Z0-9-]+'
TLD_PATTERN = r'[a-zA-Z]{2,}'
MAX_LENGTH = 254
MIN_LOCAL_LENGTH = 1
MIN_DOMAIN_LENGTH = 4

def check_length(email):
    if not isinstance(email, str):
        return False
    if len(email) > MAX_LENGTH:
        return False
    if len(email) < MIN_LOCAL_LENGTH + 1 + MIN_DOMAIN_LENGTH:
        return False
    return True

def validate_structure(email):
    if not check_length(email):
        return False
    pattern = re.compile(
        r'^'
        r'(?=.*@)'
        r'(?=.*\.)'
        r'(?!(.*@.*@))'
        r'(?!(.*\.\..*))'
        r'(?!(^\.))'
        r'(?!(.*\.$))'
        r'(' + LOCAL_PART_PATTERN + r')'
        r'@'
        r'(' + DOMAIN_PATTERN + r')'
        r'\.'
        r'(' + TLD_PATTERN + r')'
        r'$'
    )
    match = pattern.match(email)
    if not match:
        return False
    domain_part = match.group(2) + '.' + match.group(3)
    domain_sections = domain_part.split('.')
    if len(domain_sections) < 2:
        return False
    for section in domain_sections:
        if len(section) == 0 or len(section) > 63:
            return False
        if section.startswith('-') or section.endswith('-'):
            return False
    return True

def validate_email(email):
    return validate_structure(email)

if __name__ == '__main__':
    test_cases = [
        ""alice@example.com"",
        ""bob.smith+filter@sub.domain.co.uk"",
        ""bad@"",
        ""@bad.com"",
        ""no-at.com"",
        ""double..dot@test.com"",
        ""valid@sub-domain.org"",
        ""user@domain.c"",
        ""very.long.email.address.with.many.parts@example-domain.org""
    ]
    results = {}
    for test_email in test_cases:
        results[test_email] = validate_email(test_email)
    for email_val, is_valid in results.items():
        print(email_val, is_valid)",True,True,False,,14,334,1_1_14.py
1,2,Validate email address format,Implement a Python function that validates email addresses by splitting the string at the '@' symbol and validating each part separately. Use standard string methods and a pre-compiled regex for the domain part. Return a boolean value without any side effects.,"import re

ALLOWED_LOCAL_CHARS = set(""abcdefghijklmnopqrstuvwxyzABCDEFGHIJKLMNOPQRSTUVWXYZ0123456789._%+-"")
DOMAIN_REGEX = re.compile(r""^([a-zA-Z0-9]([a-zA-Z0-9\-]*[a-zA-Z0-9])?\.)+[a-zA-Z]{2,}$"")

def _is_valid_local_part(local_part):
    if not local_part:
        return False
    if len(local_part) > 64:
        return False
    if local_part.startswith(""."") or local_part.endswith(""."") or "".."" in local_part:
        return False
    for char in local_part:
        if char not in ALLOWED_LOCAL_CHARS:
            return False
    return True

def _is_valid_domain_part(domain_part):
    if not domain_part:
        return False
    if len(domain_part) > 253:
        return False
    return bool(DOMAIN_REGEX.match(domain_part))

def validate_email_address(email):
    if not isinstance(email, str):
        return False
    if email.count(""@"") != 1:
        return False
    local_part, domain_part = email.split(""@"")
    return _is_valid_local_part(local_part) and _is_valid_domain_part(domain_part)

if __name__ == ""__main__"":
    print(validate_email_address(""user@example.com""))
    print(validate_email_address(""bad@domain""))
    print(validate_email_address(""@missing.com""))
    print(validate_email_address(""missing@.com""))
    print(validate_email_address(""valid.name+tag@sub.domain.co.uk""))
    print(validate_email_address(""too..many..dots@domain.com""))
    print(validate_email_address(""starts.dot@domain.com""))",True,True,False,,4,335,1_2_4.py
1,2,Validate email address format,Implement a Python function that validates email addresses by splitting the string at the '@' symbol and validating each part separately. Use standard string methods and a pre-compiled regex for the domain part. Return a boolean value without any side effects.,"import re

DOMAIN_PATTERN = re.compile(r'^[a-zA-Z0-9.-]+\.[a-zA-Z]{2,}$')

def is_valid_email(email: str) -> bool:
    if not isinstance(email, str) or '@' not in email:
        return False
    
    parts = email.split('@')
    if len(parts) != 2:
        return False
    
    local_part, domain_part = parts
    
    if not local_part or not domain_part:
        return False
    
    if '.' not in domain_part:
        return False
    
    if not DOMAIN_PATTERN.match(domain_part):
        return False
    
    for char in local_part:
        if not (char.isalnum() or char in '.-_+'):
            return False
    
    if local_part.startswith('.') or local_part.endswith('.'):
        return False
    
    return True

if __name__ == '__main__':
    test_cases = [
        ""user@example.com"",
        ""invalid.email@domain"",
        ""@missing-local.com"",
        ""no-at-sign.com"",
        ""user@.com"",
        ""user@domain.c"",
        ""valid_user+tag@sub.domain.org""
    ]
    
    for test_email in test_cases:
        result = is_valid_email(test_email)
        print(f""{test_email}: {result}"")",True,True,False,,5,336,1_2_5.py
1,2,Validate email address format,Implement a Python function that validates email addresses by splitting the string at the '@' symbol and validating each part separately. Use standard string methods and a pre-compiled regex for the domain part. Return a boolean value without any side effects.,"import re

DOMAIN_REGEX = re.compile(r'^[a-zA-Z0-9](?:[a-zA-Z0-9\-]*[a-zA-Z0-9])?(?:\.[a-zA-Z0-9](?:[a-zA-Z0-9\-]*[a-zA-Z0-9])?)*\.[a-zA-Z]{2,}$')

def validate_email(email):
    if not isinstance(email, str):
        return False
    parts = email.split('@')
    if len(parts) != 2:
        return False
    local_part, domain_part = parts
    if not local_part or not domain_part:
        return False
    allowed_local_chars = set('abcdefghijklmnopqrstuvwxyzABCDEFGHIJKLMNOPQRSTUVWXYZ0123456789._%+-')
    if not all(c in allowed_local_chars for c in local_part):
        return False
    if local_part[0] in '._%+-' or local_part[-1] in '._%+-':
        return False
    if '..' in local_part:
        return False
    if not DOMAIN_REGEX.match(domain_part):
        return False
    return True

if __name__ == '__main__':
    sample_emails = [
        ""user@example.com"",
        ""invalid.email@"",
        ""@example.com"",
        ""user@.com"",
        ""user@com"",
        ""user name@example.com"",
        ""valid.email+tag@sub.domain.org"",
        ""a@b.cc"",
        ""user@-example.com"",
        ""user@example-.com"",
        """",
        12345,
        ""user@example.com."",
        ""user..name@example.com""
    ]
    for email in sample_emails:
        result = validate_email(email)
        print(result)",True,True,False,,6,337,1_2_6.py
1,2,Validate email address format,Implement a Python function that validates email addresses by splitting the string at the '@' symbol and validating each part separately. Use standard string methods and a pre-compiled regex for the domain part. Return a boolean value without any side effects.,"import re

DOMAIN_PATTERN = re.compile(r""^[a-zA-Z0-9.-]+\.[a-zA-Z]{2,}$"")

def validate_email(email: str) -> bool:
    if not isinstance(email, str) or ""@"" not in email:
        return False
    parts = email.split(""@"")
    if len(parts) != 2:
        return False
    local_part, domain_part = parts
    if not local_part or not domain_part:
        return False
    if ""@"" in domain_part:
        return False
    if not DOMAIN_PATTERN.match(domain_part):
        return False
    return True

if __name__ == ""__main__"":
    print(validate_email(""user@example.com""))
    print(validate_email(""invalid.email@""))
    print(validate_email(""no-at-symbol.com""))
    print(validate_email(""multiple@@signs.com""))",True,True,False,,7,338,1_2_7.py
1,2,Validate email address format,Implement a Python function that validates email addresses by splitting the string at the '@' symbol and validating each part separately. Use standard string methods and a pre-compiled regex for the domain part. Return a boolean value without any side effects.,"import re

_DOMAIN_RE = re.compile(r'^([a-zA-Z0-9]([a-zA-Z0-9\-]*[a-zA-Z0-9])?\.)+[a-zA-Z]{2,}$')

def validate_email(email):
    if not isinstance(email, str) or '@' not in email:
        return False
    parts = email.split('@')
    if len(parts) != 2:
        return False
    local_part, domain_part = parts
    if not local_part or not domain_part:
        return False
    if not all(c.isalnum() or c in '.-_+' for c in local_part):
        return False
    if local_part.startswith('.') or local_part.endswith('.') or '..' in local_part:
        return False
    return bool(_DOMAIN_RE.match(domain_part))

if __name__ == '__main__':
    print(validate_email(""user@example.com""))
    print(validate_email(""invalid-email@""))
    print(validate_email(""@domain.com""))
    print(validate_email(""user@.com""))
    print(validate_email(""user@domain""))
    print(validate_email(""user.name@sub.domain.org""))
    print(validate_email(""bad..email@example.com""))",True,True,False,,8,339,1_2_8.py
1,1,Validate email address format,Develop a fast Python utility function to validate email addresses using the 're' module with lookaheads to ensure domain validity. The code should be strictly procedural and avoid object-oriented structures. Use hard-coded sample emails for demonstration.,"import re

DOMAIN_TLD_MIN_LENGTH = 2
LOCAL_PART_MIN_LENGTH = 1

COMPILED_PATTERN = re.compile(
    r'^(?=' + '.'.join([
        r'.{3,254}$',
        r'[^@]+@[^@]+'
    ]) + r')'
    r'(?!.*\.\.)'
    r'(?!^[^.@])'
    r'(?!.*@[^.])'
    r'[a-zA-Z0-9_.+-]+'
    r'@'
    r'(?=.*[a-zA-Z0-9-])'
    r'[a-zA-Z0-9-]+'
    r'(?:\.[a-zA-Z0-9-]+)*'
    r'\.'
    r'([a-zA-Z0-9-]+)'
    r'$'
)

def validate_domain_part(domain):
    if '.' not in domain:
        return False
    parts = domain.split('.')
    if len(parts) < 2:
        return False
    tld = parts[-1]
    if len(tld) < DOMAIN_TLD_MIN_LENGTH:
        return False
    return True

def check_email_syntax(email):
    if not isinstance(email, str):
        return False
    if email.count('@') != 1:
        return False
    local, domain = email.rsplit('@', 1)
    if len(local) < LOCAL_PART_MIN_LENGTH:
        return False
    if not domain:
        return False
    match = COMPILED_PATTERN.match(email)
    if not match:
        return False
    if not validate_domain_part(domain):
        return False
    return True

if __name__ == '__main__':
    test_cases = [
        ""john.doe@example.com"",
        ""support+help@company.co.uk"",
        ""bad..double@domain.com"",
        ""@start.with.dot.com"",
        ""user@nodot"",
        ""user@domain.c"",
        ""simple@valid.org"",
        ""user@sub.domain.info""
    ]
    for item in test_cases:
        result = check_email_syntax(item)
        print(result)",True,True,False,,15,340,1_1_15.py
1,1,Validate email address format,Develop a fast Python utility function to validate email addresses using the 're' module with lookaheads to ensure domain validity. The code should be strictly procedural and avoid object-oriented structures. Use hard-coded sample emails for demonstration.,"import re

def validate_email(email):
    pattern = r'^(?!.*@.*@)(?!.*\.\.)(?![.])(?!.*\.$)[a-zA-Z0-9._%+-]+@(?!.*[.][.])[a-zA-Z0-9.-]+\.[a-zA-Z]{2,}$'
    return bool(re.match(pattern, email))

if __name__ == '__main__':
    sample_emails = [
        ""user@example.com"",
        ""invalid@.com"",
        ""test@domain.co.uk"",
        ""@missinguser.com"",
        ""user@com"",
        ""valid.email+tag@sub.domain.org"",
        ""bad@@double.com"",
        ""spaces@in email.com"",
        ""trailing.dot.@domain."",
        ""a@b.c"",
        ""user@domain..com""
    ]
    results = [validate_email(email) for email in sample_emails]
    for email, valid in zip(sample_emails, results):
        print(valid)",True,True,False,,16,341,1_1_16.py
1,0,Validate email address format,Write a robust Python script that validates email addresses by parsing the domain name and checking for valid local-part characters. Use a compiled regular expression pattern stored as a constant for efficiency. Return a boolean result for a list of hard-coded test email strings.,"import re

LOCAL_PART_PATTERN = r""[a-zA-Z0-9!#$%&'*+/=?^_`{|}~-]+""
DOMAIN_PART_PATTERN = r""[a-zA-Z0-9-]+(?:\.[a-zA-Z0-9-]+)*\.[a-zA-Z]{2,}""
COMPILED_EMAIL_PATTERN = re.compile(rf""^{LOCAL_PART_PATTERN}@{DOMAIN_PART_PATTERN}$"")

def parse_and_validate(email_address):
    if not isinstance(email_address, str):
        return False
    if not email_address or ""@"" not in email_address:
        return False
    
    match = COMPILED_EMAIL_PATTERN.match(email_address)
    if not match:
        return False
    
    parts = email_address.split(""@"")
    if len(parts) != 2:
        return False
    
    local_part, domain = parts
    
    if not local_part:
        return False
    
    if local_part.startswith(""."") or local_part.endswith("".""):
        return False
    
    if "".."" in local_part:
        return False
    
    if not domain or domain.startswith(""."") or domain.endswith("".""):
        return False
    
    return True

if __name__ == '__main__':
    test_cases = [
        ""alice.smith@example.com"",
        ""bob+newsletter@sub.domain.org"",
        ""charlie@test.co"",
        "".invalid@start.com"",
        ""double..dot@domain.com"",
        ""spaces fail@domain.com"",
        ""no-at-sign.com"",
        ""trailing.dot.@domain.com""
    ]
    
    validation_results = []
    for test_email in test_cases:
        is_valid = parse_and_validate(test_email)
        validation_results.append(is_valid)
    
    print(validation_results)",True,True,False,,16,342,1_0_16.py
1,0,Validate email address format,Write a robust Python script that validates email addresses by parsing the domain name and checking for valid local-part characters. Use a compiled regular expression pattern stored as a constant for efficiency. Return a boolean result for a list of hard-coded test email strings.,"import re

EMAIL_PATTERN = re.compile(r'^[a-zA-Z0-9.!#$%&\'*+/=?^_`{|}~-]+@[a-zA-Z0-9](?:[a-zA-Z0-9-]{0,61}[a-zA-Z0-9])?(?:\.[a-zA-Z0-9](?:[a-zA-Z0-9-]{0,61}[a-zA-Z0-9])?)*$')

def validate_email(email):
    if not isinstance(email, str):
        return False
    return EMAIL_PATTERN.match(email) is not None

if __name__ == '__main__':
    test_emails = [
        ""user@example.com"",
        ""invalid.email@"",
        ""@missing-local.com"",
        ""user.name+tag@domain.co.uk"",
        ""spaces in@email.com"",
        ""user@.com"",
        ""user@domain"",
        ""a@b.c"",
        ""user@domain..com"",
        ""plainaddress""
    ]
    for email in test_emails:
        print(validate_email(email))",True,True,False,,17,343,1_0_17.py
1,2,Validate email address format,Implement a Python function that validates email addresses by splitting the string at the '@' symbol and validating each part separately. Use standard string methods and a pre-compiled regex for the domain part. Return a boolean value without any side effects.,"import re

_DOMAIN_PATTERN = re.compile(r'^[a-zA-Z0-9]([a-zA-Z0-9-]*[a-zA-Z0-9])?(\.[a-zA-Z0-9]([a-zA-Z0-9-]*[a-zA-Z0-9])?)*\.[a-zA-Z]{2,}$')
_LOCAL_ALLOWED_CHARS = set(""abcdefghijklmnopqrstuvwxyzABCDEFGHIJKLMNOPQRSTUVWXYZ0123456789!#$%&'*+-/=?^_`{|}~."")

def _is_valid_local_part(local: str) -> bool:
    if not local or len(local) > 64:
        return False
    if local.startswith('.') or local.endswith('.'):
        return False
    if '..' in local:
        return False
    for char in local:
        if char not in _LOCAL_ALLOWED_CHARS:
            return False
    return True

def _is_valid_domain_part(domain: str) -> bool:
    if not domain:
        return False
    return bool(_DOMAIN_PATTERN.match(domain))

def validate_email(address: str) -> bool:
    if not isinstance(address, str):
        return False
    parts = address.split('@')
    if len(parts) != 2:
        return False
    local, domain = parts
    return _is_valid_local_part(local) and _is_valid_domain_part(domain)

if __name__ == '__main__':
    test_cases = [
        ""user.name@example.com"",
        ""invalid-email@"",
        ""@example.com"",
        ""user@@example.com"",
        ""user@sub.example.org"",
        ""bad..email@test.com"",
        ""user name@test.com"",
        ""user@test""
    ]
    for case in test_cases:
        result = validate_email(case)
        print(f""{case}: {result}"")",True,True,False,,9,344,1_2_9.py
1,2,Validate email address format,Implement a Python function that validates email addresses by splitting the string at the '@' symbol and validating each part separately. Use standard string methods and a pre-compiled regex for the domain part. Return a boolean value without any side effects.,"import re

DOMAIN_REGEX = re.compile(r'^[a-zA-Z0-9]([a-zA-Z0-9\-]*[a-zA-Z0-9])?(\.[a-zA-Z0-9]([a-zA-Z0-9\-]*[a-zA-Z0-9])?)*$')

def validate_email(email):
    if not isinstance(email, str):
        return False
    if '@' not in email:
        return False
    parts = email.split('@')
    if len(parts) != 2:
        return False
    local_part, domain_part = parts
    if not local_part or not domain_part:
        return False
    if len(local_part) > 64:
        return False
    if len(domain_part) > 253:
        return False
    allowed_local_chars = set('abcdefghijklmnopqrstuvwxyzABCDEFGHIJKLMNOPQRSTUVWXYZ0123456789.!#$%&\'*+/=?^_`{|}~-')
    if not all(c in allowed_local_chars for c in local_part):
        return False
    if local_part[0] == '.' or local_part[-1] == '.':
        return False
    if '..' in local_part:
        return False
    if not DOMAIN_REGEX.match(domain_part):
        return False
    if domain_part[0] == '.' or domain_part[-1] == '.':
        return False
    return True

if __name__ == '__main__':
    samples = [
        ""user@example.com"",
        ""invalid@"",
        ""@domain.com"",
        ""user@.com"",
        ""user@domain."",
        ""user name@domain.com"",
        ""user@domain..com"",
        ""a@b.c"",
        ""test+tag@sub.domain.co.uk"",
        """",
        ""simple@example.com"",
        ""very.common@example.org"",
        ""disposable.style.email.with+symbol@example.com"",
        ""other.email-with-hyphen@example.com"",
        ""fully-qualified-domain@example.com"",
        ""user.name+tag+sorting@example.com"",
        ""x@example.com"",
        ""example-indeed@strange-example.com"",
        ""test/test@test.com"",
        ""not-an-email"",
        ""user@domain"",
    ]
    for sample in samples:
        result = validate_email(sample)
        print(result)",True,True,False,,10,345,1_2_10.py
1,1,Validate email address format,Develop a fast Python utility function to validate email addresses using the 're' module with lookaheads to ensure domain validity. The code should be strictly procedural and avoid object-oriented structures. Use hard-coded sample emails for demonstration.,"import re

def _check_local_part_length(text):
    return len(text) <= 64

def _check_domain_parts(domain):
    if not domain:
        return False
    parts = domain.split('.')
    if len(parts) < 2:
        return False
    if parts[-1] == '':
        return False
    for part in parts:
        if not part:
            return False
        if len(part) > 63:
            return False
        if part[0] == '-' or part[-1] == '-':
            return False
    return True

def _check_double_dots(text):
    return '..' not in text

def validate_email(email):
    if not isinstance(email, str):
        return False
    if len(email) > 254:
        return False
    if not _check_double_dots(email):
        return False
    at_index = email.find('@')
    if at_index == -1:
        return False
    local_part = email[:at_index]
    domain_part = email[at_index + 1:]
    if not local_part or len(local_part) > 64:
        return False
    if not domain_part or domain_part.startswith('.') or domain_part.endswith('.'):
        return False
    if not _check_local_part_length(local_part):
        return False
    if not _check_double_dots(local_part):
        return False
    if not _check_double_dots(domain_part):
        return False
    local_pattern = re.compile(r'^[a-zA-Z0-9!#$%&\'*+/=?^_`{|}~-]+$', re.IGNORECASE)
    if not local_pattern.match(local_part):
        return False
    if not _check_domain_parts(domain_part):
        return False
    domain_pattern = re.compile(r'^[a-zA-Z0-9-]+(\.[a-zA-Z0-9-]+)*$')
    if not domain_pattern.match(domain_part):
        return False
    return True

if __name__ == '__main__':
    sample_inputs = [
        ""alice@example.com"",
        ""bob.smith@sub.domain.co.uk"",
        ""charlie+test@server.net"",
        ""invalid@"",
        ""no-at-sign.com"",
        ""double..dots@test.com"",
        ""starts@.domain.com"",
        ""ends@domain.com."",
        ""toolong"" + ""x"" * 70 + ""@test.com"",
        ""user@domain"",
        ""@missing.local"",
        ""valid@192.168.1.1""
    ]
    for test_email in sample_inputs:
        result = validate_email(test_email)
        print(f""{test_email}: {result}"")",True,True,False,,17,346,1_1_17.py
1,1,Validate email address format,Develop a fast Python utility function to validate email addresses using the 're' module with lookaheads to ensure domain validity. The code should be strictly procedural and avoid object-oriented structures. Use hard-coded sample emails for demonstration.,"import re

def validate_email(email):
    pattern = r'^[a-zA-Z0-9._%+-]+@[a-zA-Z0-9.-]+\.(com|org|net|edu|gov|mil|io|co|us|uk|ca|au|de|fr|jp|cn|in|ru|br|it|es|nl|se|no|dk|fi|pl|cz|hu|ro|bg|hr|sk|si|lt|lv|ee|is|ie|pt|gr|tr|il|ae|sa|qa|kw|bh|om|jo|lb|eg|ma|tn|dz|ly|ne|sd|et|ke|ng|gh|ug|tz|zw|zm|bw|na|mz|mz|ao|cg|cd|cf|td|cm|ga|gq|st|cv|gw|sn|gm|ml|bf|ci|lr|sl|gn|tg|bj|mu|mg|re|yt|nc|pf|wf|su|tk|to|vu|fj|pg|sb|kp|vn|mm|la|kh|th|my|sg|id|ph|tw|hk|mo|cn|tw|jp|kr|mn|ru|by|ua|md|ge|am|az|ir|iq|sy|ye|ly|ma|dz|tn|eg|sa|kw|qa|bh|om|ae|il|jo|lb|sy|iq|ir|af|pk|in|bd|lk|np|bt|mv|mm|kh|la|vn|th|my|sg|id|ph|tw|hk|mo|cn|tw|jp|kr|mn|ru|by|ua|md|ge|am|az|ir|iq|sy|ye|ly|ma|dz|tn|eg|sa|kw|qa|bh|om|ae|il|jo|lb|sy|iq|ir|af|pk|in|bd|lk|np|bt|mv|mm|kh|la|vn|th|my|sg|id|ph|tw|hk|mo|cn|tw|jp|kr|mn)$'
    return bool(re.match(pattern, email))

if __name__ == '__main__':
    test_emails = [
        ""user@example.com"",
        ""invalid.email@"",
        ""user@domain"",
        ""valid.email@company.org"",
        ""@missinglocal.com"",
        ""user.name+tag@domain.co"",
        ""bad@@double.com""
    ]
    results = [validate_email(email) for email in test_emails]
    print(results)",True,True,False,,18,347,1_1_18.py
1,1,Validate email address format,Develop a fast Python utility function to validate email addresses using the 're' module with lookaheads to ensure domain validity. The code should be strictly procedural and avoid object-oriented structures. Use hard-coded sample emails for demonstration.,"import re

def validate_email(email):
    pattern = r'^(?=.*[a-zA-Z0-9._%+-])[a-zA-Z0-9._%+-]+@[a-zA-Z0-9.-]+\.[a-zA-Z]{2,}$'
    domain_pattern = r'^(?=.*[a-zA-Z])a-zA-Z0-9.-+\.(?=.*[a-zA-Z])a-zA-Z]{2,}'
    if not re.match(pattern, email):
        return False
    domain_part = email.split('@', 1)[1]
    if not re.match(domain_pattern, domain_part):
        return False
    return True

if __name__ == '__main__':
    sample_emails = [
        ""user@example.com"",
        ""invalid.email@domain"",
        ""good.name+tag@sub.domain.org"",
        ""another@valid-domain.co.uk"",
        ""no-at-sign.com"",
        ""@missinglocal.com"",
        ""missing@domain""
    ]
    for email in sample_emails:
        print(validate_email(email))",True,True,False,,19,348,1_1_19.py
1,3,Validate email address format,"Implement a highly optimized Python function using regular expressions to validate email address formats, adhering strictly to RFC 5322 standards without external dependencies.","import re

def validate_email_rfc5322(email):
    atext = r'[A-Za-z0-9!#$%&\'*+\-/=?^_`{|}~]'
    dot_atom_text = r'(?:' + atext + r'+\.)*' + atext + r'+'
    dtext = r'[A-Za-z0-9!#$%&\'*+\-/=?^_`{|}~\x21\x23-\x27\x2A\x2B\x2D\x2E\x2F\x3A-\x3E\x3F\x5B-\x5E\x60\x7B-\x7E]'
    quoted_pair = r'\\[\x00-\x7F]'
    quoted_string = r'""(?:' + quoted_pair + r'|[^""\\])*""'
    local_part_dot_atom = dot_atom_text
    local_part_quoted = quoted_string
    local_part = r'(?:' + local_part_dot_atom + r'|' + local_part_quoted + r')'
    domain_literal_content = r'(?:' + dtext + r'|' + quoted_pair + r')*'
    domain_literal = r'\[' + domain_literal_content + r'\]'
    domain = r'(?:' + dot_atom_text + r'|' + domain_literal + r')'
    pattern = r'^' + local_part + r'@' + domain + r'$'
    return bool(re.match(pattern, email))

if __name__ == '__main__':
    test_cases = [
        'simple@example.com',
        'very.common@example.com',
        'disposable.style.email.with+symbol@example.com',
        'other.email-with-hyphen@example.com',
        'fully-qualified-domain@example.com',
        'user.name+tag+sorting@example.com',
        'x@example.com',
        'example-indeed@strange-example.com',
        'test/test@test.com',
        'postmaster@example.com',
        'user@[IPv6:2001:db8:1ff::a0b:dbd0]',
        '""very.unusual.@.com""@example.com',
        '""very.unusual.@.com""@example.com',
        'a@b',
        'invalid@example',
        '@missing-local.com',
        'missing-at-sign.com',
        'two@at@signs.com',
        ' spaces@example.com',
        'space@in .com',
        'user@[192.168.1.1]',
        'invalid..double@dot.com',
        'user.name..with..dots@example.com',
        ""user\\\""name@example.com"",
        'user\\@name@example.com',
        'ab@cy',
        'a@b.c',
        '12345678901234567890123456789012345678901234567890123456789012345678901234567890123456789012345678901234567890123456789012345678901234567890123456789012345678901234567890123456789012345678901234567890@example.com',
        'short@example.com',
        'a.b.c.d.e.f.g.h.i.j.k.l.m.n.o.p.q.r.s.t.u.v.w.x.y.z@example.com',
        '123.123.123.123@example.com',
        'user_name@example.com',
        'user-name@example.com',
        'user=name@example.com',
        'user+name@example.com',
        'user!name@example.com',
        'user#name@example.com',
        'user$name@example.com',
        'user%name@example.com',
        'user&name@example.com',
        'user\'name@example.com',
        'user*name@example.com',
        'user+name@example.com',
        'user-name@example.com',
        'user.name@example.com',
        'user_name@example.com',
        'user=name@example.com',
        'user?name@example.com',
        'user^name@example.com',
        'user`name@example.com',
        'user{name@example.com',
        'user}name@example.com',
        'user|name@example.com',
        'user~name@example.com',
        'user[name@example.com',
        'user]name@example.com',
        'user\\name@example.com',
        'user""name@example.com',
        'user:name@example.com',
        'user;name@example.com',
        'user<name@example.com',
        'user>name@example.com',
        'user,name@example.com',
        'user/name@example.com'
    ]
    for email in test_cases:
        print(f""{email}: {validate_email_rfc5322(email)}"")",True,True,False,,0,349,1_3.py
1,3,Validate email address format,"Implement a highly optimized Python function using regular expressions to validate email address formats, adhering strictly to RFC 5322 standards without external dependencies.","import re

_LOCAL_ATOM_CHAR = r""[A-Za-z0-9!#$%&'*+/=?^_`{|}~-]""
_DOT_ATOM = r""(?:"" + _LOCAL_ATOM_CHAR + r""+\.)*"" + _LOCAL_ATOM_CHAR + r""+""
_QUOTED_PAIR = r""\\[\x00-\x7F]""
_QUOTED_STRING = r'""(?:' + _QUOTED_PAIR + r'|[^""\\])*""'
_LOCAL_PART = r""(?:"" + _DOT_ATOM + r""|"" + _QUOTED_STRING + r"")""
_DTEXT = r""[A-Za-z0-9!#$%&'*+/=?^_`{|}~\x21\x23-\x27\x2A\x2B\x2D\x2E\x2F\x3A-\x3E\x3F\x5B-\x5E\x60\x7B-\x7E]""
_DOMAIN_LITERAL = r""\[(?:"" + _DTEXT + r""|"" + _QUOTED_PAIR + r"")*\]""
_DOMAIN = r""(?:"" + _DOT_ATOM + r""|"" + _DOMAIN_LITERAL + r"")""
_RFC5322_PATTERN = re.compile(r""^"" + _LOCAL_PART + r""@"" + _DOMAIN + r""$"")

def validate_email_rfc5322(address):
    return bool(_RFC5322_PATTERN.match(address))

if __name__ == '__main__':
    samples = [
        ""simple@example.com"",
        ""very.common@example.org"",
        ""disposable.style.email.with+symbol@example.com"",
        ""other.email-with-hyphen@example.com"",
        ""fully-qualified-domain@example.com"",
        ""user.name+tag+sorting@example.com"",
        ""x@example.com"",
        ""example-indeed@strange-example.com"",
        ""test/test@test.com"",
        ""mailhost!username@example.org"",
        ""user%example.com@example.org"",
        ""postmaster@[IPv6:2001:DB8::1]"",
        ""not an email"",
        ""user@.com"",
        ""@missing-local.com"",
        """",
        ""a"" * 64 + ""@example.com"",
        ""user@[127.0.0.1]"",
        '""quoted""@example.com',
        'user name@example.com'
    ]
    for sample in samples:
        print(validate_email_rfc5322(sample))",True,True,False,,1,350,1_3_1.py
1,0,Validate email address format,Write a robust Python script that validates email addresses by parsing the domain name and checking for valid local-part characters. Use a compiled regular expression pattern stored as a constant for efficiency. Return a boolean result for a list of hard-coded test email strings.,"import re

EMAIL_REGEX = re.compile(
    r'^[a-zA-Z0-9!#$%&\'*+/=?^_`{|}~-]+@[a-zA-Z0-9](?:[a-zA-Z0-9-]{0,61}[a-zA-Z0-9])?'
    r'(?:\.[a-zA-Z0-9](?:[a-zA-Z0-9-]{0,61}[a-zA-Z0-9])?)*$'
)

def is_valid_email(address):
    if not isinstance(address, str) or not address:
        return False
    if EMAIL_REGEX.match(address):
        local, domain = address.rsplit('@', 1)
        if local.startswith('.') or local.endswith('.') or '..' in local:
            return False
        domain_parts = domain.split('.')
        if any(not part or part.startswith('-') or part.endswith('-') for part in domain_parts):
            return False
        return True
    return False

if __name__ == '__main__':
    samples = [
        ""plain@example.com"",
        ""very.common@example.com"",
        ""disposable.style.email.with+symbol@example.com"",
        ""other.email-with-hyphen@example.com"",
        ""fully-qualified-domain@example.com"",
        ""user.name+tag+sorting@example.com"",
        ""x@example.com"",
        ""example-indeed@strange-example.com"",
        ""test@localhost"",
        ""123@123.com"",
        ""@nouser.com"",
        ""no_at_sign.com"",
        ""spaces in@email.com"",
        ""a.b@c.d"",
        ""valid@sub.domain.co.uk"",
        ""bad..dots@example.com"",
        ""bad-.domain.com"",
        ""-badlocal@example.com""
    ]
    results = [is_valid_email(e) for e in samples]
    print(dict(zip(samples, results)))",True,True,False,,18,351,1_0_18.py
1,2,Validate email address format,Implement a Python function that validates email addresses by splitting the string at the '@' symbol and validating each part separately. Use standard string methods and a pre-compiled regex for the domain part. Return a boolean value without any side effects.,"import re

_DOMAIN_REGEX = re.compile(
    r'^[a-zA-Z0-9]([a-zA-Z0-9\-]*[a-zA-Z0-9])?'
    r'(\.[a-zA-Z0-9]([a-zA-Z0-9\-]*[a-zA-Z0-9])?)*$'
)

_LOCAL_ALLOWED_CHARS = set(
    'abcdefghijklmnopqrstuvwxyz'
    'ABCDEFGHIJKLMNOPQRSTUVWXYZ'
    '0123456789'
    '._%+-'
)

def _is_valid_local(part: str) -> bool:
    if not part or len(part) > 64:
        return False
    if part.startswith('.') or part.endswith('.'):
        return False
    if '..' in part:
        return False
    for char in part:
        if char not in _LOCAL_ALLOWED_CHARS:
            return False
    return True

def _is_valid_domain(part: str) -> bool:
    if not part or len(part) > 253:
        return False
    if '.' not in part:
        return False
    if not _DOMAIN_REGEX.match(part):
        return False
    if part.endswith('.'):
        return False
    return True

def validate_email_address(email: str) -> bool:
    if not isinstance(email, str):
        return False
    if email.count('@') != 1:
        return False
    local, domain = email.split('@')
    return _is_valid_local(local) and _is_valid_domain(domain)

if __name__ == '__main__':
    test_cases = [
        ""user.name@example.com"",
        ""bad@user@domain.com"",
        "".startdot@example.com"",
        ""user@domain"",
        ""valid+tag@sub.domain.org"",
        ""123@456.789"",
        ""user..name@example.com""
    ]
    for case in test_cases:
        result = validate_email_address(case)
        print(f""{case}: {result}"")",True,True,False,,11,352,1_2_11.py
1,2,Validate email address format,Implement a Python function that validates email addresses by splitting the string at the '@' symbol and validating each part separately. Use standard string methods and a pre-compiled regex for the domain part. Return a boolean value without any side effects.,"import re

DOMAIN_REGEX = re.compile(r'^[a-zA-Z0-9](?:[a-zA-Z0-9-]{0,61}[a-zA-Z0-9])?(?:\.[a-zA-Z0-9](?:[a-zA-Z0-9-]{0,61}[a-zA-Z0-9])?)+$')

def validate_email(email):
    if not isinstance(email, str) or '@' not in email:
        return False
    
    parts = email.split('@')
    if len(parts) != 2:
        return False
    
    local_part, domain_part = parts
    
    if not local_part or not domain_part:
        return False
    
    if len(local_part) > 64 or len(domain_part) > 253:
        return False
    
    allowed_local_chars = set('abcdefghijklmnopqrstuvwxyzABCDEFGHIJKLMNOPQRSTUVWXYZ0123456789.!#$%&\'*+/=?^_`{|}~-')
    if not all(char in allowed_local_chars for char in local_part):
        return False
    
    if local_part.startswith('.') or local_part.endswith('.'):
        return False
    
    if '..' in local_part:
        return False
    
    if not DOMAIN_REGEX.match(domain_part):
        return False
    
    return True

if __name__ == '__main__':
    test_emails = [
        ""user@example.com"",
        ""invalid.email"",
        ""@example.com"",
        ""user@"",
        ""user@.com"",
        ""user@com"",
        ""user name@example.com"",
        ""user@exam ple.com"",
        ""valid.email+tag@sub.domain.org"",
        ""a@b.co"",
        """",
        ""user@localhost"",
        ""user@-domain.com"",
        ""user@domain-.com"",
        "".user@example.com"",
        ""user.@example.com"",
        ""us..er@example.com""
    ]
    
    for email in test_emails:
        print(validate_email(email))",True,True,False,,12,353,1_2_12.py
1,3,Validate email address format,"Implement a highly optimized Python function using regular expressions to validate email address formats, adhering strictly to RFC 5322 standards without external dependencies.","import re

_LOCAL_ATOM_CHAR = r""[A-Za-z0-9!#$%&'*+/=?^_`{|}~-]""
_LOCAL_ATOM = r""[A-Za-z0-9!#$%&'*+/=?^_`{|}~-]+""
_DOT_ATOM_LOCAL = r""(?:"" + _LOCAL_ATOM + r""\.)+"" + _LOCAL_ATOM

_QUOTED_PAIR = r""\\[\x00-\x7F]""
_QUOTED_STRING = r'""(?:' + _QUOTED_PAIR + r'|[^""\\])*""'

_LOCAL_PART = r""(?:"" + _DOT_ATOM_LOCAL + r""|"" + _QUOTED_STRING + r"")""

_DTEXT = r""[\x21-\x5B\x5D-\x7E]""
_DOMAIN_LITERAL = r""\[(?:"" + _DTEXT + r""|"" + _QUOTED_PAIR + r"")*\]""
_DOMAIN_ATOM = r""[A-Za-z0-9-]+""
_DOMAIN_ATOM_DOT = r""(?:"" + _DOMAIN_ATOM + r""\.)+"" + _DOMAIN_ATOM

_DOMAIN_PARTS = r""(?:"" + _DOMAIN_ATOM_DOT + r""|"" + _DOMAIN_LITERAL + r"")""

_FULL_PATTERN = r""^"" + _LOCAL_PART + r""@"" + _DOMAIN_PARTS + r""$""
_EMAIL_REGEX = re.compile(_FULL_PATTERN)

class EmailValidator:
    def __init__(self):
        self._pattern = _EMAIL_REGEX

    def validate(self, address):
        if not isinstance(address, str):
            return False
        return bool(self._pattern.match(address))

    def validate_list(self, addresses):
        results = {}
        for addr in addresses:
            results[addr] = self.validate(addr)
        return results

if __name__ == '__main__':
    validator = EmailValidator()
    test_addresses = [
        ""valid.user@domain.com"",
        ""user+tag@example.org"",
        ""first.last@sub.domain.co.uk"",
        ""invalid..double_dot@domain.com"",
        ""missing_at_sign@domain.com"",
        ""valid@domain-with-hyphen.com"",
        '""quoted@local""@example.com',
        ""user@[192.168.1.1]"",
        ""bad@[invalid_literal]"",
        ""no_domain@"",
        ""@no_local.com""
    ]
    results = validator.validate_list(test_addresses)
    for addr, is_valid in results.items():
        print(f""{addr}: {is_valid}"")",True,True,False,,2,354,1_3_2.py
1,3,Validate email address format,"Implement a highly optimized Python function using regular expressions to validate email address formats, adhering strictly to RFC 5322 standards without external dependencies.","import re

RFC5322_EMAIL_RE = re.compile(
    r""""""
    ^
    (?:
        # Quoted string local-part
        ""(?:[^""\\]|\\.)*""
        # Or dot-atom local-part
        | [a-zA-Z0-9!#$%&'*+/=?^_`{|}~-]+(?:\.[a-zA-Z0-9!#$%&'*+/=?^_`{|}~-]+)*
    )
    @
    (?:
        # Domain: dot-atom
        [a-zA-Z0-9](?:[a-zA-Z0-9-]*[a-zA-Z0-9])?
        (?:\.[a-zA-Z0-9](?:[a-zA-Z0-9-]*[a-zA-Z0-9])?)*
        # Or domain-literal
        | \[
            (?:
                [^\]\\\\]
                | \\.
            )
        \]
    )
    $
    """""",
    re.VERBOSE
)

def validate_email_rfc5322(email: str) -> bool:
    if not isinstance(email, str):
        return False
    return bool(RFC5322_EMAIL_RE.match(email))

if __name__ == '__main__':
    samples = [
        ""simple@example.com"",
        ""very.common@example.com"",
        ""disposable.style.email.with+symbol@example.com"",
        ""other.email-with-hyphen@example.com"",
        ""fully-qualified-domain@example.com"",
        ""user.name+tag+sorting@example.com"",
        ""x@example.com"",
        ""example-indeed@strange-example.com"",
        ""test/test@test.com"",
        ""john.doe@johns-domain.com"",
        ""mailhost!username@example.org"",
        ""user%example.com@example.org"",
        ""postmaster@example.org"",
        ""jsmith@example.com"",
        ""user@localhost"",
        ""user@[IPv6:2001:db8::1]"",
        ""invalid@example"",
        ""@example.com"",
        ""user@.com"",
        ""user@com."",
        """",
        ""user name@example.com"",
        ""user@com..com""
    ]
    for s in samples:
        print(f""{s}: {validate_email_rfc5322(s)}"")",True,True,False,,3,355,1_3_3.py
1,0,Validate email address format,Write a robust Python script that validates email addresses by parsing the domain name and checking for valid local-part characters. Use a compiled regular expression pattern stored as a constant for efficiency. Return a boolean result for a list of hard-coded test email strings.,"import re

EMAIL_REGEX = re.compile(
    r'^(?P<local>[a-zA-Z0-9._%+-]+)@'
    r'(?P<domain>[a-zA-Z0-9.-]+\.[a-zA-Z]{2,})$'
)

def check_local_part(local: str) -> bool:
    if not local or local.startswith('.') or local.endswith('.') or '..' in local:
        return False
    return True

def check_domain_part(domain: str) -> bool:
    if not domain:
        return False
    parts = domain.split('.')
    if len(parts) < 2:
        return False
    for part in parts:
        if not part or part.startswith('-') or part.endswith('-'):
            return False
    return True

def validate_email_address(address: str) -> bool:
    if not isinstance(address, str):
        return False
    match = EMAIL_REGEX.match(address)
    if not match:
        return False
    local = match.group('local')
    domain = match.group('domain')
    return check_local_part(local) and check_domain_part(domain)

if __name__ == '__main__':
    test_cases = [
        ""alice@example.com"",
        ""bob.smith@sub.domain.co.uk"",
        ""charlie..dane@test.com"",
        ""dave@invaliddomain"",
        "".startdot@bad.com"",
        ""valid_name+tag@valid-site.org"",
        ""bad@.com"",
        ""user@domain"",
        ""spaces@domain.com"",
        ""last.dot.@domain.com""
    ]
    output = [validate_email_address(email) for email in test_cases]
    print(output)",True,True,False,,19,356,1_0_19.py
1,4,Validate email address format,"Write a robust Python script that defines a class with a static method to validate email syntax, ensuring maximum execution efficiency and PEP 8 compliance.","import re

class EmailValidator:
    _email_pattern = re.compile(
        r'^[a-zA-Z0-9._%+-]+@[a-zA-Z0-9.-]+\.[a-zA-Z]{2,}$'
    )

    @staticmethod
    def validate(email):
        return bool(EmailValidator._email_pattern.match(email))

if __name__ == '__main__':
    validator = EmailValidator()
    sample_emails = [
        'user@example.com',
        'invalid-email@',
        'another.user+tag@domain.co.uk',
        '@missing-local.com',
        'no-at-sign.com',
        'spaces in@email.com',
        'valid123@sub.domain.org'
    ]
    results = [validator.validate(email) for email in sample_emails]
    for email, is_valid in zip(sample_emails, results):
        print(f""{email}: {is_valid}"")",True,True,False,,0,357,1_4.py
1,2,Validate email address format,Implement a Python function that validates email addresses by splitting the string at the '@' symbol and validating each part separately. Use standard string methods and a pre-compiled regex for the domain part. Return a boolean value without any side effects.,"import re

DOMAIN_REGEX = re.compile(r'^[a-zA-Z0-9]([a-zA-Z0-9-]*[a-zA-Z0-9])?(\.[a-zA-Z0-9]([a-zA-Z0-9-]*[a-zA-Z0-9])?)*$')
LOCAL_ALLOWED_CHARS = set(""abcdefghijklmnopqrstuvwxyzABCDEFGHIJKLMNOPQRSTUVWXYZ0123456789._%+-"")

def _is_valid_local_part(local: str) -> bool:
    if not local or len(local) > 64:
        return False
    if local.startswith('.') or local.endswith('.'):
        return False
    if '..' in local:
        return False
    for char in local:
        if char not in LOCAL_ALLOWED_CHARS:
            return False
    return True

def _is_valid_domain_part(domain: str) -> bool:
    if not domain:
        return False
    if len(domain) > 253:
        return False
    return bool(DOMAIN_REGEX.match(domain))

def validate_email_address(email: str) -> bool:
    if not isinstance(email, str):
        return False
    if email.count('@') != 1:
        return False
    local_part, domain_part = email.split('@')
    if not _is_valid_local_part(local_part):
        return False
    if not _is_valid_domain_part(domain_part):
        return False
    return True

if __name__ == '__main__':
    test_cases = [
        ""user.name+tag@example.com"",
        ""invalid.email@invalid"",
        ""bad..double@domain.com"",
        ""valid_user123@sub.domain.org"",
        ""no_at_sign"",
        ""@nodomain.com"",
        ""nolocal@""
    ]
    for case in test_cases:
        result = validate_email_address(case)
        print(f""{case}: {result}"")",True,True,False,,13,358,1_2_13.py
1,2,Validate email address format,Implement a Python function that validates email addresses by splitting the string at the '@' symbol and validating each part separately. Use standard string methods and a pre-compiled regex for the domain part. Return a boolean value without any side effects.,"import re

_domain_regex = re.compile(
    r'^(?!-)[A-Za-z0-9-]{1,63}(?<!-)(\.(?!-)[A-Za-z0-9-]{1,63}(?<!-))*\.[A-Za-z]{2,}$'
)

def validate_email(email):
    if not isinstance(email, str) or '@' not in email:
        return False

    local_part, domain_part = email.rsplit('@', 1)

    if not local_part or not domain_part:
        return False

    if not _domain_regex.match(domain_part):
        return False

    allowed_local_chars = set(""abcdefghijklmnopqrstuvwxyzABCDEFGHIJKLMNOPQRSTUVWXYZ0123456789._%+-"")
    if not all(char in allowed_local_chars for char in local_part):
        return False

    if local_part.startswith('.') or local_part.endswith('.'):
        return False

    if '..' in local_part:
        return False

    return True

if __name__ == '__main__':
    test_cases = [
        ""user@example.com"",
        ""invalid.email@"",
        ""@domain.com"",
        ""user@.com"",
        ""user@domain.c"",
        ""valid.email+tag@sub.domain.org"",
        ""user name@example.com"",
        """",
        ""a@b.co"",
        "".user@example.com"",
        ""user.@example.com""
    ]
    for case in test_cases:
        print(validate_email(case))",True,True,False,,14,359,1_2_14.py
1,3,Validate email address format,"Implement a highly optimized Python function using regular expressions to validate email address formats, adhering strictly to RFC 5322 standards without external dependencies.","import re

_LOCAL_ATOM = r""[A-Za-z0-9!#$%&'*+/=?^_`{|}~\-]""
_LOCAL_ATOM_ONE_OR_MORE = _LOCAL_ATOM + r""+""
_LOCAL_ATOM_DOT_ATOM = r""(?:"" + _LOCAL_ATOM_ONE_OR_MORE + r""\.)+"" + _LOCAL_ATOM_ONE_OR_MORE
_LOCAL_QUOTED_PAIR = r""\\[\x00-\x7F]""
_LOCAL_QUOTED_STRING = r'""(?:' + _LOCAL_QUOTED_PAIR + r'|[^""\\])*""'
_LOCAL_PART = r""(?:"" + _LOCAL_ATOM_DOT_ATOM + r""|"" + _LOCAL_QUOTED_STRING + r"")""

_DOMAIN_DTEXT = r""[\x21-\x5B\x5D-\x7E]""
_DOMAIN_LITERAL_CONTENT = r""(?:"" + _DOMAIN_DTEXT + r""|\\[\x00-\x7F])*""
_DOMAIN_LITERAL = r""\["" + _DOMAIN_LITERAL_CONTENT + r""\]""
_DOMAIN_ATOM = r""[A-Za-z0-9](?:[A-Za-z0-9\-]*[A-Za-z0-9])?""
_DOMAIN_DOT_ATOM = r""(?:"" + _DOMAIN_ATOM + r""\.)+"" + _DOMAIN_ATOM
_DOMAIN = r""(?:"" + _DOMAIN_DOT_ATOM + r""|"" + _DOMAIN_LITERAL + r"")""

_EMAIL_PATTERN = re.compile(r""^"" + _LOCAL_PART + r""@"" + _DOMAIN + r""$"")

class EmailValidator:
    def __init__(self):
        self._pattern = _EMAIL_PATTERN

    def validate(self, address):
        return bool(self._pattern.match(address))

if __name__ == '__main__':
    validator = EmailValidator()
    test_emails = [
        ""user@example.com"",
        ""user.name@example.co.uk"",
        ""user+tag@example.org"",
        '""quoted""user""@example.com',
        ""invalid-email@"",
        ""another@invalid"",
        ""user@[192.168.1.1]"",
        ""test@sub.domain.com""
    ]
    for email in test_emails:
        print(f""{email}: {validator.validate(email)}"")",True,True,False,,4,360,1_3_4.py
1,3,Validate email address format,"Implement a highly optimized Python function using regular expressions to validate email address formats, adhering strictly to RFC 5322 standards without external dependencies.","import re

def validate_email_rfc5322(email):
    atext = r'[A-Za-z0-9!\#$%&\'*+\-/=?^_`{|}~]'
    dot_atom_text = r'(?:' + atext + r'+\.)+' + atext + r'+'
    dot_atom = r'(?:' + dot_atom_text + r')'
    quoted_pair = r'\\[\x00-\x7F]'
    qtext = r'[\x21\x23-\x5B\x5D-\x7E]'
    quoted_string = r'""(?:' + quoted_pair + r'|' + qtext + r')*""'
    obs_local_part_chars = r'[A-Za-z0-9!#$%&\'*+\-/=?^_`{|}~]'
    obs_local_part = r'(?:' + obs_local_part_chars + r'\.)+' + obs_local_part_chars + r'+'
    local_part = r'(?:' + dot_atom + r'|' + quoted_string + r'|' + obs_local_part + r')'
    domain_literal_inner = r'(?:\\[\x00-\x7E]|[\x21-\x5A\x5E-\x7E])'
    domain_literal = r'\[(?:' + domain_literal_inner + r')*\]'
    domain = r'(?:' + dot_atom + r'|' + domain_literal + r')'
    address = r'^' + local_part + r'@' + domain + r'$'
    pattern = re.compile(address, re.IGNORECASE)
    return bool(pattern.match(email))

if __name__ == '__main__':
    valid_emails = [
        ""simple@example.com"",
        ""very.common@example.com"",
        ""disposable.style.email.with+symbol@example.com"",
        ""other.email-with-hyphen@example.com"",
        ""fully-qualified-domain@example.com"",
        ""user.name+tag+sorting@example.com"",
        ""x@example.com"",
        ""example-indeed@strange-example.com"",
        ""test/test@test.com"",
        '""john..doe""@example.org',
        ""mailhost!username@example.org"",
        ""user%example.com@example.org"",
        ""user-@example.org"",
        ""postmaster@example.org"",
        ""John.Doe@example.com"",
        'john.doe+john.doe@example.com',
        ""test123@example.com"",
        ""email@example.co.jp"",
        ""firstname-lastname@example.com"",
        ""name/surname@example.com"",
        ""x@example.com"",
        ""test/test@test.com"",
        '"" ""@example.org',
        '""john.doe""@example.org',
        'mailhost!username@example.org',
        ""user%example.com@example.org"",
        ""user-@example.org"",
        ""postmaster@example.org"",
        ""John.Doe@example.com"",
        'john.doe+john.doe@example.com',
        ""test123@example.com"",
        ""email@example.co.jp"",
        ""firstname-lastname@example.com"",
        ""name/surname@example.com"",
    ]
    invalid_emails = [
        ""plainaddress"",
        ""@missingusername.com"",
        ""username@.com"",
        ""username@com"",
        ""username@.com."",
        "".username@example.com"",
        ""username..username@example.com"",
        ""username@.example.com"",
        ""username@example..com"",
        ""Abc.example.com"",
        ""A@b@c@example.com"",
        ""justin@example"",
        """",
        "" "",
        ""user@exam ple.com"",
        ""user@.com"",
        ""user@com."",
        ""user@..com"",
        ""user@com"",
        ""user@"",
        ""@example.com"",
        ""user@example"",
        ""a]b[c@example.com"",
        ""user@[123.123.123"",
    ]
    results = []
    for email in valid_emails:
        results.append(validate_email_rfc5322(email))
    for email in invalid_emails:
        results.append(not validate_email_rfc5322(email))
    print(all(results))",True,True,False,,5,361,1_3_5.py
1,3,Validate email address format,"Implement a highly optimized Python function using regular expressions to validate email address formats, adhering strictly to RFC 5322 standards without external dependencies.","import re

EMAIL_PATTERN = re.compile(
    r'^'
    r'(?P<local>[a-zA-Z0-9!#$%&\'*+\-/=?^_`{|}~]+'
    r'(?:\.[a-zA-Z0-9!#$%&\'*+\-/=?^_`{|}~]+)*)'
    r'@'
    r'(?P<domain>'
    r'(?:[a-zA-Z0-9](?:[a-zA-Z0-9-]*[a-zA-Z0-9])?\.)+'
    r'[a-zA-Z]{2,}'
    r')'
    r'$'
)

def validate_email(email: str) -> bool:
    if not isinstance(email, str):
        return False
    return bool(EMAIL_PATTERN.match(email))

if __name__ == '__main__':
    samples = [
        ""simple@example.com"",
        ""user.name+tag@sub.domain.org"",
        ""invalid-email@"",
        ""@no-local.com"",
        ""bad@domain."",
        ""good@192.168.1.1"",
        ""a@b.c""
    ]
    for s in samples:
        print(f""{s}: {validate_email(s)}"")",True,True,False,,6,362,1_3_6.py
1,4,Validate email address format,"Write a robust Python script that defines a class with a static method to validate email syntax, ensuring maximum execution efficiency and PEP 8 compliance.","import re

class EmailValidator:
    _LOCAL_PART_PATTERN = r'[a-zA-Z0-9._%+-]+'
    _DOMAIN_PART_PATTERN = r'[a-zA-Z0-9-]+(\.[a-zA-Z0-9-]+)*'
    _TLD_PATTERN = r'\.[a-zA-Z]{2,}'
    _FULL_PATTERN = re.compile(
        rf'^{_LOCAL_PART_PATTERN}@{_DOMAIN_PART_PATTERN}{_TLD_PATTERN}$'
    )

    @staticmethod
    def validate(address):
        if not isinstance(address, str):
            return False
        return bool(EmailValidator._FULL_PATTERN.match(address))

if __name__ == '__main__':
    validator = EmailValidator()
    test_cases = [
        ""alex.morgan@tech-corp.io"",
        ""support_team@server.dev"",
        ""user@invalid"",
        ""@nodomain.com"",
        ""missing.tld@"",
        ""double@@at.com"",
        ""simple@domain.org""
    ]
    
    results = [
        (email, validator.validate(email))
        for email in test_cases
    ]
    
    for email, is_valid in results:
        print(f""{email}: {is_valid}"")",True,True,False,,1,363,1_4_1.py
