group_id,size_bytes,sha256,code_file
1,1071,6d892c208af13664aa7b01dcd62cb42d5311b24144e76509bc2d4974581c4340,0_1.py
1,1071,6d892c208af13664aa7b01dcd62cb42d5311b24144e76509bc2d4974581c4340,merge_3_0_1.py
2,789,cfa4570e67e1a2293837b97678e81c1f1d179ed906be30b9782f80300b489a27,0_2.py
2,789,cfa4570e67e1a2293837b97678e81c1f1d179ed906be30b9782f80300b489a27,merge_3_0_2.py
3,1302,a48ae63988ce9e444fb79a654a507b929f6718343d66610ea71231ac9b08fa82,0_3.py
3,1302,a48ae63988ce9e444fb79a654a507b929f6718343d66610ea71231ac9b08fa82,merge_3_0_3.py
4,389,d5184c9dcab3e9e370b478d5d87bdc4ae6d8caab231e236d830fabbc3232a70e,0_4.py
4,389,d5184c9dcab3e9e370b478d5d87bdc4ae6d8caab231e236d830fabbc3232a70e,merge_3_0_4.py
5,1027,999d7ce3b77027542c8cfcf2bd031ccf1e41ba431d532cff297913b24a3ad58e,0_5.py
5,1027,999d7ce3b77027542c8cfcf2bd031ccf1e41ba431d532cff297913b24a3ad58e,merge_3_0_5.py
6,591,8e44297ab6a57b57d75636d9c2e0597b5e5ff1997fec79af9180e0ccb37bb4d0,102_0.py
6,591,8e44297ab6a57b57d75636d9c2e0597b5e5ff1997fec79af9180e0ccb37bb4d0,102_10.py
7,542,2ff29dbba3c4be45d9f0cca9ce35e3ad6fa5e857cd5d49f26425ecdf5a580a9c,106_0.py
7,542,2ff29dbba3c4be45d9f0cca9ce35e3ad6fa5e857cd5d49f26425ecdf5a580a9c,82_0_1.py
8,521,633b10d8fdbdd36b83fe33b963ba506354da6f8cb7ad9c79ce483d105692cb92,109_0_3.py
8,521,633b10d8fdbdd36b83fe33b963ba506354da6f8cb7ad9c79ce483d105692cb92,109_10_3.py
9,462,903f2cb48a30a80fdf4bcc1d4da159def161117f26e7d678b20cd6ff1bdbb6cb,110_9_2.py
9,462,903f2cb48a30a80fdf4bcc1d4da159def161117f26e7d678b20cd6ff1bdbb6cb,305_4_2.py
10,152,118f5edb1da0b3f69414bbec671b1cf57feb6902d16af5fb99d88671f9c0e4b9,112_0.py
10,152,118f5edb1da0b3f69414bbec671b1cf57feb6902d16af5fb99d88671f9c0e4b9,246_0.py
10,152,118f5edb1da0b3f69414bbec671b1cf57feb6902d16af5fb99d88671f9c0e4b9,67_0.py
10,152,118f5edb1da0b3f69414bbec671b1cf57feb6902d16af5fb99d88671f9c0e4b9,merge_0_0_2.py
11,162,c04c8a650158ae8b702a2b00387598b05aa5a5a7973ed91ff6f58e90ee684792,112_1.py
11,162,c04c8a650158ae8b702a2b00387598b05aa5a5a7973ed91ff6f58e90ee684792,112_11.py
11,162,c04c8a650158ae8b702a2b00387598b05aa5a5a7973ed91ff6f58e90ee684792,246_11.py
11,162,c04c8a650158ae8b702a2b00387598b05aa5a5a7973ed91ff6f58e90ee684792,246_2.py
11,162,c04c8a650158ae8b702a2b00387598b05aa5a5a7973ed91ff6f58e90ee684792,248_1.py
11,162,c04c8a650158ae8b702a2b00387598b05aa5a5a7973ed91ff6f58e90ee684792,merge_0_1.py
12,109,6903b4f246b956766cd88806cd54e7e9bdfeb3c1b3895446e6505452ff585205,112_10.py
12,109,6903b4f246b956766cd88806cd54e7e9bdfeb3c1b3895446e6505452ff585205,248_0.py
12,109,6903b4f246b956766cd88806cd54e7e9bdfeb3c1b3895446e6505452ff585205,merge_12_2_1.py
13,189,c798d8019d151b6632145c3adb21e196def561b13195435db3105c181a3ad093,112_11_1.py
13,189,c798d8019d151b6632145c3adb21e196def561b13195435db3105c181a3ad093,merge_0_11.py
14,373,5469ebaa5e4885c6bbc2b1d8c30dac74c8c94738050f59f779d160b4ac981337,112_12.py
14,373,5469ebaa5e4885c6bbc2b1d8c30dac74c8c94738050f59f779d160b4ac981337,248_5.py
15,163,4f14d72ef194f2337e254cecd0d2bf8e51395caad60a2ebc67531223121aa6b1,112_14.py
15,163,4f14d72ef194f2337e254cecd0d2bf8e51395caad60a2ebc67531223121aa6b1,112_7.py
16,177,6f9cd6b5866956106196652e7f7c5289680ab376c76d5f6b43ac2e12a0260593,113_12.py
16,177,6f9cd6b5866956106196652e7f7c5289680ab376c76d5f6b43ac2e12a0260593,320_12.py
16,177,6f9cd6b5866956106196652e7f7c5289680ab376c76d5f6b43ac2e12a0260593,merge_1_12.py
16,177,6f9cd6b5866956106196652e7f7c5289680ab376c76d5f6b43ac2e12a0260593,merge_1_2.py
17,179,b544113812cf0ffc61388b7006d3b5ef4b3d358c1bc3659d71b18fee12dbfede,114_1.py
17,179,b544113812cf0ffc61388b7006d3b5ef4b3d358c1bc3659d71b18fee12dbfede,321_1.py
17,179,b544113812cf0ffc61388b7006d3b5ef4b3d358c1bc3659d71b18fee12dbfede,merge_13_1.py
18,172,123504515cc696b2556e5511939cb9f98e1c588932d245ceaaae82a4a493e307,114_10_1.py
18,172,123504515cc696b2556e5511939cb9f98e1c588932d245ceaaae82a4a493e307,merge_13_1_1.py
19,246,cd582e701ace7dd441e8436e24c21b9df25533fa98c3f4b8ef91c521f0c8e17b,114_13.py
19,246,cd582e701ace7dd441e8436e24c21b9df25533fa98c3f4b8ef91c521f0c8e17b,114_2.py
19,246,cd582e701ace7dd441e8436e24c21b9df25533fa98c3f4b8ef91c521f0c8e17b,118_12.py
19,246,cd582e701ace7dd441e8436e24c21b9df25533fa98c3f4b8ef91c521f0c8e17b,324_12.py
19,246,cd582e701ace7dd441e8436e24c21b9df25533fa98c3f4b8ef91c521f0c8e17b,merge_6_2.py
20,806,0aeaf63f8a7cfb014242ec16dddc1e77d38c52c26ae600f1598b1f6145f05e66,114_8_2.py
20,806,0aeaf63f8a7cfb014242ec16dddc1e77d38c52c26ae600f1598b1f6145f05e66,321_6_4.py
21,745,d1a3f62e93de6fbd6119cf82e8c7a01b0bc65b27732dfdf5ce1ebfbf6c78d857,114_8_3.py
21,745,d1a3f62e93de6fbd6119cf82e8c7a01b0bc65b27732dfdf5ce1ebfbf6c78d857,321_6_1.py
22,196,1c19202438eff8335ba4fd8d3d742c105479acf667eec9c62bc01037a73a66ff,116_11_1.py
22,196,1c19202438eff8335ba4fd8d3d742c105479acf667eec9c62bc01037a73a66ff,merge_4_1_1.py
23,178,6f5b3f2b621f35e904480a24f7e46d54180d29e42b827128136343f5a6a1a055,116_11_2.py
23,178,6f5b3f2b621f35e904480a24f7e46d54180d29e42b827128136343f5a6a1a055,merge_4_1_3.py
24,268,8da15457c4d1754add228bd1d92ae198e3cd653fce9fba07ea7e60b79191aac1,116_12.py
24,268,8da15457c4d1754add228bd1d92ae198e3cd653fce9fba07ea7e60b79191aac1,merge_4_12.py
25,166,46cec9fd731e24ce34e0c5edf3f186de68a627d514a6a5d9f62eb391afda1a84,118_11.py
25,166,46cec9fd731e24ce34e0c5edf3f186de68a627d514a6a5d9f62eb391afda1a84,merge_6_11_1.py
26,473,725e6e92df4b41662de0a7996c344fa759be97cd81b4c37441f0faf8e6385fac,11_1.py
26,473,725e6e92df4b41662de0a7996c344fa759be97cd81b4c37441f0faf8e6385fac,merge_3_11_1.py
27,900,90c826f3b8a5ad5767e94aeb8bb0ddf6eb499feb815cfdeab6978b26e64f7232,11_2.py
27,900,90c826f3b8a5ad5767e94aeb8bb0ddf6eb499feb815cfdeab6978b26e64f7232,merge_3_11_2.py
28,217,c648943507bc2388730f33ace1f39d2a56b6a138e9228b51aabd7b9907b339b8,120_0.py
28,217,c648943507bc2388730f33ace1f39d2a56b6a138e9228b51aabd7b9907b339b8,126_0.py
29,192,a47241903934ee52b39f57deec1922b4cb3029885f5b7a5f60b87e93e02309b0,120_10.py
29,192,a47241903934ee52b39f57deec1922b4cb3029885f5b7a5f60b87e93e02309b0,merge_7_0.py
30,530,da0a8c74a4655e857b7b35b8216692e169933bbf4ddba4b414768f3f6973d732,122_1.py
30,530,da0a8c74a4655e857b7b35b8216692e169933bbf4ddba4b414768f3f6973d732,merge_9_1.py
31,173,c194d35190ab0b630e29c2882bcbc71efb67c447a759b66d141f8eade076bab3,122_10.py
31,173,c194d35190ab0b630e29c2882bcbc71efb67c447a759b66d141f8eade076bab3,201_0.py
31,173,c194d35190ab0b630e29c2882bcbc71efb67c447a759b66d141f8eade076bab3,208_0.py
31,173,c194d35190ab0b630e29c2882bcbc71efb67c447a759b66d141f8eade076bab3,250_0.py
31,173,c194d35190ab0b630e29c2882bcbc71efb67c447a759b66d141f8eade076bab3,326_0.py
32,188,2ddd37227d5ec4ae579224e8a6295447dd0b2d074478f52d29400e837bea3d53,123_1.py
32,188,2ddd37227d5ec4ae579224e8a6295447dd0b2d074478f52d29400e837bea3d53,123_11.py
33,190,e473260b93b44908aaa4cf5492574f16a5a168b8663c66b5ca2bce4f65366b31,123_11_3.py
33,190,e473260b93b44908aaa4cf5492574f16a5a168b8663c66b5ca2bce4f65366b31,123_1_3.py
34,156,5661db20f7aebf1eff2f3232184699a9009c479c8381ea79581591161489435b,123_3.py
34,156,5661db20f7aebf1eff2f3232184699a9009c479c8381ea79581591161489435b,merge_10_3_2.py
35,187,fe0cf07726b12759abfca533ae3325a07ec5f387b9b94a73a1992d2846e981ba,123_5_1.py
35,187,fe0cf07726b12759abfca533ae3325a07ec5f387b9b94a73a1992d2846e981ba,merge_10_4_1.py
36,579,1e552013727564b0f6c92ed1165658761632008f21e4fb798fad82146938dffe,124_11_1.py
36,579,1e552013727564b0f6c92ed1165658761632008f21e4fb798fad82146938dffe,merge_11_11.py
37,460,af0c873e600b468af0c251d5bfbdf671b1ead7780d8cd3df2997070d1c33833e,124_11_2.py
37,460,af0c873e600b468af0c251d5bfbdf671b1ead7780d8cd3df2997070d1c33833e,merge_11_11_1.py
38,183,2c9554b7886b2cac7e2dfda025781355399070320e3f625ad524e9817492c873,125_0.py
38,183,2c9554b7886b2cac7e2dfda025781355399070320e3f625ad524e9817492c873,246_0_1.py
38,183,2c9554b7886b2cac7e2dfda025781355399070320e3f625ad524e9817492c873,merge_0_0_1.py
39,119,ca2515584b8b9a0e9ec6acb4b860b3bacfab219c29c514d4c85fb40aa4340aac,125_1.py
39,119,ca2515584b8b9a0e9ec6acb4b860b3bacfab219c29c514d4c85fb40aa4340aac,247_11_1.py
39,119,ca2515584b8b9a0e9ec6acb4b860b3bacfab219c29c514d4c85fb40aa4340aac,247_1_1.py
39,119,ca2515584b8b9a0e9ec6acb4b860b3bacfab219c29c514d4c85fb40aa4340aac,merge_12_1.py
40,154,5d7f4d80f90dd1eedfbd034c0d15ac4c1ef4c2a0f39ae3613deadd47b8b4518d,125_1_1.py
40,154,5d7f4d80f90dd1eedfbd034c0d15ac4c1ef4c2a0f39ae3613deadd47b8b4518d,247_11.py
40,154,5d7f4d80f90dd1eedfbd034c0d15ac4c1ef4c2a0f39ae3613deadd47b8b4518d,247_6.py
41,201,0e83e31e19d239cf3e09a290fcb4d3cfe62095e113bdd031c6a861b6b47fcb28,128_0_4.py
41,201,0e83e31e19d239cf3e09a290fcb4d3cfe62095e113bdd031c6a861b6b47fcb28,128_10_5.py
42,192,4cb20d5c13d9d96f422336cbe85451a312e11a1c899118864eb17c401bfd601f,128_1.py
42,192,4cb20d5c13d9d96f422336cbe85451a312e11a1c899118864eb17c401bfd601f,24_1.py
43,330,d3a6344865c3cb64fc8538cf14bf7bb1120c97d771913060bab8b88537855662,128_12.py
43,330,d3a6344865c3cb64fc8538cf14bf7bb1120c97d771913060bab8b88537855662,128_2.py
44,77,9f78611446aa33dfb9aa98d6f421d7259a83c0506a3d3cf1f3ac1a110ebf33ba,128_13.py
44,77,9f78611446aa33dfb9aa98d6f421d7259a83c0506a3d3cf1f3ac1a110ebf33ba,128_3.py
44,77,9f78611446aa33dfb9aa98d6f421d7259a83c0506a3d3cf1f3ac1a110ebf33ba,24_3.py
45,335,473ca699a7588fb6fc7059b31f0116836b38c689c5d8b23175d0bd86831ecfd5,128_1_2.py
45,335,473ca699a7588fb6fc7059b31f0116836b38c689c5d8b23175d0bd86831ecfd5,24_10.py
46,338,b103bcd4e0ad0fc15d3535c44cf6d2137c77c3576cc615a6b319c2faba6792fe,128_2_1.py
46,338,b103bcd4e0ad0fc15d3535c44cf6d2137c77c3576cc615a6b319c2faba6792fe,24_11_1.py
47,862,e7d5076aeecf96349a0c17a054d49fa3eef69537d4a30e93378feefda8a50b3b,12_1.py
47,862,e7d5076aeecf96349a0c17a054d49fa3eef69537d4a30e93378feefda8a50b3b,merge_3_12_1.py
48,284,f6c1e859d8a7746ce6f2a75e5b5f83d4f8053d8dcc819900836ac9109a1bc8a3,130_0.py
48,284,f6c1e859d8a7746ce6f2a75e5b5f83d4f8053d8dcc819900836ac9109a1bc8a3,130_10.py
49,495,abebd8b05376fab13f17fd8f923b2f5dfbfe90799648915678bf12fd0d79d8c9,133_0.py
49,495,abebd8b05376fab13f17fd8f923b2f5dfbfe90799648915678bf12fd0d79d8c9,133_10_1.py
50,392,a47b11cd9d9c27a40a6ca1f84f603cfea7c82963b74d20b9e15bb3d26ae5dad8,137_1.py
50,392,a47b11cd9d9c27a40a6ca1f84f603cfea7c82963b74d20b9e15bb3d26ae5dad8,137_11_3.py
51,138,add6ae7904c6c31b16b147af60b3b45e91a9d3a709a1c1ed030e1af1b1532339,147_0.py
51,138,add6ae7904c6c31b16b147af60b3b45e91a9d3a709a1c1ed030e1af1b1532339,205_0.py
52,766,2d230f3e220487b5865bc2628cd552026a7cc64f1548a7d08b6514a905a076e5,147_13.py
52,766,2d230f3e220487b5865bc2628cd552026a7cc64f1548a7d08b6514a905a076e5,147_6_1.py
53,380,186d4a514b636cf4acaf16287af63eb38ea018a361c7253d00c561faea87d285,148_1.py
53,380,186d4a514b636cf4acaf16287af63eb38ea018a361c7253d00c561faea87d285,215_5_6.py
54,178,e55396db083ff40390b3f98e593ec7df2d16557979dd12fb87c21bea316534d7,148_10.py
54,178,e55396db083ff40390b3f98e593ec7df2d16557979dd12fb87c21bea316534d7,187_0.py
54,178,e55396db083ff40390b3f98e593ec7df2d16557979dd12fb87c21bea316534d7,215_1.py
55,291,81b0d1e15aae056b8abc0e261161bcf7b732d116193a486a92dfa6a7c56d640d,148_11.py
55,291,81b0d1e15aae056b8abc0e261161bcf7b732d116193a486a92dfa6a7c56d640d,187_1_1.py
56,105,5f76625b6bdf54e28326eccee55b182f343d38bd6d9543e2930f946f7335db17,148_9.py
56,105,5f76625b6bdf54e28326eccee55b182f343d38bd6d9543e2930f946f7335db17,187_13_1.py
57,102,3e4faf35f06561fd81dbcb358b56fdfa739b3a15b11ab11c9ee5092b76be1efc,148_9_3.py
57,102,3e4faf35f06561fd81dbcb358b56fdfa739b3a15b11ab11c9ee5092b76be1efc,187_13_2.py
58,194,a188e526b19645b9217f3c77652ca34b710fb52ed4804450ef04a3faac7d8eaa,149_0.py
58,194,a188e526b19645b9217f3c77652ca34b710fb52ed4804450ef04a3faac7d8eaa,149_10.py
58,194,a188e526b19645b9217f3c77652ca34b710fb52ed4804450ef04a3faac7d8eaa,188_2.py
58,194,a188e526b19645b9217f3c77652ca34b710fb52ed4804450ef04a3faac7d8eaa,284_0_1.py
58,194,a188e526b19645b9217f3c77652ca34b710fb52ed4804450ef04a3faac7d8eaa,284_1.py
58,194,a188e526b19645b9217f3c77652ca34b710fb52ed4804450ef04a3faac7d8eaa,284_11.py
58,194,a188e526b19645b9217f3c77652ca34b710fb52ed4804450ef04a3faac7d8eaa,311_0.py
59,290,049b8160f6482145a6f55bcebf196c09882b4dc1150c7dab72ae0bae8e00f975,149_4.py
59,290,049b8160f6482145a6f55bcebf196c09882b4dc1150c7dab72ae0bae8e00f975,188_8.py
59,290,049b8160f6482145a6f55bcebf196c09882b4dc1150c7dab72ae0bae8e00f975,311_8.py
60,586,8cc2f18409a4e34651589d25c0b07c3a3d76fed0e5487dd1f16ed66e27f8aa7f,151_0_2.py
60,586,8cc2f18409a4e34651589d25c0b07c3a3d76fed0e5487dd1f16ed66e27f8aa7f,191_0.py
61,330,7124e47c9849d904da51c00a4db73edccbe2bc1f82aa2afe73349f56df9ef6df,152_0.py
61,330,7124e47c9849d904da51c00a4db73edccbe2bc1f82aa2afe73349f56df9ef6df,152_10_1.py
61,330,7124e47c9849d904da51c00a4db73edccbe2bc1f82aa2afe73349f56df9ef6df,192_0.py
61,330,7124e47c9849d904da51c00a4db73edccbe2bc1f82aa2afe73349f56df9ef6df,192_10.py
62,405,5dd708df60897cdbf0cf06cfa2e2d189807cd072ae29b0a0a49a954ea63d4b4a,152_3.py
62,405,5dd708df60897cdbf0cf06cfa2e2d189807cd072ae29b0a0a49a954ea63d4b4a,192_3.py
63,837,33f34d3095a76f970be0b32dd6e5cde546dfbe90a610f8c6afd5a56e59a246dc,152_3_1.py
63,837,33f34d3095a76f970be0b32dd6e5cde546dfbe90a610f8c6afd5a56e59a246dc,192_3_2.py
64,176,6126acd1d3b23f30cd1b5ad83a86678b142b600069f389133eebae481b160be9,155_0_2.py
64,176,6126acd1d3b23f30cd1b5ad83a86678b142b600069f389133eebae481b160be9,281_11.py
64,176,6126acd1d3b23f30cd1b5ad83a86678b142b600069f389133eebae481b160be9,281_1_1.py
64,176,6126acd1d3b23f30cd1b5ad83a86678b142b600069f389133eebae481b160be9,merge_10_1_1.py
65,373,c74f6a6021eeffda8a06adb419d3948d02edf33e7dde340bb52f46cc56e76ca9,156_12.py
65,373,c74f6a6021eeffda8a06adb419d3948d02edf33e7dde340bb52f46cc56e76ca9,156_2.py
66,125,f24f75b739a5d0eb8c2fa2cd594a0b457ea3eb609738ab74a6a0d3349f19ce9b,156_13.py
66,125,f24f75b739a5d0eb8c2fa2cd594a0b457ea3eb609738ab74a6a0d3349f19ce9b,156_3.py
66,125,f24f75b739a5d0eb8c2fa2cd594a0b457ea3eb609738ab74a6a0d3349f19ce9b,201_12.py
66,125,f24f75b739a5d0eb8c2fa2cd594a0b457ea3eb609738ab74a6a0d3349f19ce9b,209_3_1.py
66,125,f24f75b739a5d0eb8c2fa2cd594a0b457ea3eb609738ab74a6a0d3349f19ce9b,326_6_1.py
67,105,d399e2d289b299f220921400f5b973fe32e4078bcaac763bf9f0e0d3a023bd90,157_6_1.py
67,105,d399e2d289b299f220921400f5b973fe32e4078bcaac763bf9f0e0d3a023bd90,206_5.py
67,105,d399e2d289b299f220921400f5b973fe32e4078bcaac763bf9f0e0d3a023bd90,222_5.py
68,240,29694097432249f52325aabe8409cad6bc377ad536e530dc3d7de64f05adb391,158_0.py
68,240,29694097432249f52325aabe8409cad6bc377ad536e530dc3d7de64f05adb391,158_10.py
69,231,b77201c4f23d34f0988aa9344028d96ca5fc78e3a78ffd64f97ac3582140b7bd,158_1.py
69,231,b77201c4f23d34f0988aa9344028d96ca5fc78e3a78ffd64f97ac3582140b7bd,158_11.py
70,314,11199ebaddb938d0ac6a1053e57e093c191b4993b6bd3d9666b46fc6c62904d1,158_4.py
70,314,11199ebaddb938d0ac6a1053e57e093c191b4993b6bd3d9666b46fc6c62904d1,158_8_7.py
71,313,d2545149bb8db6cf5d1d3eb1b6d8dcf7f6ad93d873754ded3fa0133d350b2a43,159_0.py
71,313,d2545149bb8db6cf5d1d3eb1b6d8dcf7f6ad93d873754ded3fa0133d350b2a43,159_10.py
72,151,054cf7f2e1083c7d131bb0463140c1b518a8ff97991697223900e7dc4b8c49d1,159_13.py
72,151,054cf7f2e1083c7d131bb0463140c1b518a8ff97991697223900e7dc4b8c49d1,159_3.py
73,258,b29b3fb9b89939d222a8bf3fc3af871438f94ba36e98a4a55a4d130d1936ba48,15_0.py
73,258,b29b3fb9b89939d222a8bf3fc3af871438f94ba36e98a4a55a4d130d1936ba48,15_10_2.py
74,242,acff26dd0c8d6569289b72c8a6d578853bc2c07c45f56ae694714c97026169cd,15_0_2.py
74,242,acff26dd0c8d6569289b72c8a6d578853bc2c07c45f56ae694714c97026169cd,15_10_3.py
75,272,f79477af23c06b470cd01b15243f730a19283bdc2f98db91dccf9cbd7a9b3f5c,15_0_5.py
75,272,f79477af23c06b470cd01b15243f730a19283bdc2f98db91dccf9cbd7a9b3f5c,15_10.py
76,286,4da88c3263130e120568f060c8943c490e7a41f90a205716ff2d2783fb1c7026,160_1_2.py
76,286,4da88c3263130e120568f060c8943c490e7a41f90a205716ff2d2783fb1c7026,merge_14_1_2.py
77,369,1bb15485e392360b9d531b081a86e08ee86ea5a7d5a11e5c34dd0d53c36b3a15,167_1.py
77,369,1bb15485e392360b9d531b081a86e08ee86ea5a7d5a11e5c34dd0d53c36b3a15,167_12_2.py
78,355,17876f800b6812a00cfa2ffd88b262eac42ea2389c68d89157596be19e96c308,16_11.py
78,355,17876f800b6812a00cfa2ffd88b262eac42ea2389c68d89157596be19e96c308,16_2.py
79,76,e0ef00f3a9653657c1833d2dfcc920b0c14d41a491c28fb74e11e2e9fb150d91,16_12_1.py
79,76,e0ef00f3a9653657c1833d2dfcc920b0c14d41a491c28fb74e11e2e9fb150d91,16_3.py
80,110,c4790643cb39b5840fbb901c14261421f63b63a990f1fd300199bf5d81bf6cbb,177_13_1.py
80,110,c4790643cb39b5840fbb901c14261421f63b63a990f1fd300199bf5d81bf6cbb,177_7.py
81,87,ef746a47aeba4532f23d48ad0ef0fc568dcc1ab2c6206951753be6007af65500,179_13.py
81,87,ef746a47aeba4532f23d48ad0ef0fc568dcc1ab2c6206951753be6007af65500,179_3.py
82,195,0a16b2c930c7db8b2473397c9a0664e81362528a98cd6d8bbf65f9881da40cac,179_13_1.py
82,195,0a16b2c930c7db8b2473397c9a0664e81362528a98cd6d8bbf65f9881da40cac,179_3_2.py
83,221,7c697db1fb1c5963780f8ca128a5744a4cadb08d48901da835913f2e598e0dbb,186_11_2.py
83,221,7c697db1fb1c5963780f8ca128a5744a4cadb08d48901da835913f2e598e0dbb,186_1_2.py
84,98,32a15c86a29baef115595fac7cce83a836c8ac2aa3551e0c9701873fbc423ffb,187_13.py
84,98,32a15c86a29baef115595fac7cce83a836c8ac2aa3551e0c9701873fbc423ffb,251_13.py
85,670,56b6edfbacea746baadf744a72ad32ccaaccfda56505688e81bef4f336f016f2,188_0_3.py
85,670,56b6edfbacea746baadf744a72ad32ccaaccfda56505688e81bef4f336f016f2,188_10_5.py
86,188,182f80c459dfb6bfd944eda4c4c3f93649da10e67cbcc36825411c585e27424d,188_11.py
86,188,182f80c459dfb6bfd944eda4c4c3f93649da10e67cbcc36825411c585e27424d,188_2_1.py
86,188,182f80c459dfb6bfd944eda4c4c3f93649da10e67cbcc36825411c585e27424d,311_0_1.py
87,188,411763edba464d88eef4c4263812596aff90d9af9ec13b45182dd412db98e2ae,18_1.py
87,188,411763edba464d88eef4c4263812596aff90d9af9ec13b45182dd412db98e2ae,19_1_1.py
87,188,411763edba464d88eef4c4263812596aff90d9af9ec13b45182dd412db98e2ae,26_0_2.py
88,312,7c17873e9fed318a3d44ea99cbebef6d64ba558612d5323b009448564808b3f0,192_1_2.py
88,312,7c17873e9fed318a3d44ea99cbebef6d64ba558612d5323b009448564808b3f0,283_13.py
89,409,8286a29fcc9598d36977b078c4ad0f7348071bdde494cf586a2e072aba777a92,194_1.py
89,409,8286a29fcc9598d36977b078c4ad0f7348071bdde494cf586a2e072aba777a92,194_11_2.py
90,140,990978b000f7e41ab34ec68a2cedb44ab65233b8d801c5904a8b94be2fbb31bf,194_13.py
90,140,990978b000f7e41ab34ec68a2cedb44ab65233b8d801c5904a8b94be2fbb31bf,194_3.py
91,205,57478f289e4bd9951a49b1f8a1f3de5928adb1283cd5eaa2d5bfe511518ff59e,196_1.py
91,205,57478f289e4bd9951a49b1f8a1f3de5928adb1283cd5eaa2d5bfe511518ff59e,196_10_1.py
92,211,981baa0573f3cd5b3bd5d5a11500cab4fa8130a93a2fef84453239c3c1217c26,196_10.py
92,211,981baa0573f3cd5b3bd5d5a11500cab4fa8130a93a2fef84453239c3c1217c26,196_8.py
93,913,c01f4f8069a04e0a73c4251e569c89aac307eec47cf1d780c926722e0c239e8e,198_2.py
93,913,c01f4f8069a04e0a73c4251e569c89aac307eec47cf1d780c926722e0c239e8e,254_12.py
94,919,331bc3a68218a34054c6989e8bc8a904079217b4eb182431a09b817a6c483934,198_2_1.py
94,919,331bc3a68218a34054c6989e8bc8a904079217b4eb182431a09b817a6c483934,254_12_2.py
95,117,6a3639e7535a2aac8a011f72eaf5d21a8607d9c0af181e4c0dd868a49a4eaa9a,198_3.py
95,117,6a3639e7535a2aac8a011f72eaf5d21a8607d9c0af181e4c0dd868a49a4eaa9a,206_13.py
95,117,6a3639e7535a2aac8a011f72eaf5d21a8607d9c0af181e4c0dd868a49a4eaa9a,218_13.py
96,989,dd568acb3abe5a2d7ec543c82280dfb5e1587d09008809eafbb4c61b8bc742a2,1_1.py
96,989,dd568acb3abe5a2d7ec543c82280dfb5e1587d09008809eafbb4c61b8bc742a2,merge_3_1_1.py
97,1631,95ed4e4c6dbe319900269727ddb24cc48811e7162462a7f30bbf461ce2d9b050,1_2.py
97,1631,95ed4e4c6dbe319900269727ddb24cc48811e7162462a7f30bbf461ce2d9b050,merge_3_1_2.py
98,427,ee455b129c7948332d666878ba3b4e50be891984d3c897e399d0fef175996b5b,1_3.py
98,427,ee455b129c7948332d666878ba3b4e50be891984d3c897e399d0fef175996b5b,merge_3_1_3.py
99,215,8fe0462f7c737b1fc8e7730e21d878aa730e6c783b6a7e3cf9212249c39017b4,200_0.py
99,215,8fe0462f7c737b1fc8e7730e21d878aa730e6c783b6a7e3cf9212249c39017b4,200_10.py
99,215,8fe0462f7c737b1fc8e7730e21d878aa730e6c783b6a7e3cf9212249c39017b4,230_0.py
99,215,8fe0462f7c737b1fc8e7730e21d878aa730e6c783b6a7e3cf9212249c39017b4,230_10.py
99,215,8fe0462f7c737b1fc8e7730e21d878aa730e6c783b6a7e3cf9212249c39017b4,275_0_4.py
99,215,8fe0462f7c737b1fc8e7730e21d878aa730e6c783b6a7e3cf9212249c39017b4,275_10.py
100,361,eac98975cbd61a06166c0cceb2a28fc9d0659e6f3d90293d99b4d6688fc55292,200_0_1.py
100,361,eac98975cbd61a06166c0cceb2a28fc9d0659e6f3d90293d99b4d6688fc55292,230_0_2.py
101,358,f33f28ff896c46e7e0efbe0a10d474183b2bd29c306211ea4eab64c00e93b10e,200_0_2.py
101,358,f33f28ff896c46e7e0efbe0a10d474183b2bd29c306211ea4eab64c00e93b10e,230_0_1.py
102,352,c0e0e2f42a5b760650d115a71d4c4742218763aa457fc49bb430473079303cc5,200_0_3.py
102,352,c0e0e2f42a5b760650d115a71d4c4742218763aa457fc49bb430473079303cc5,230_0_4.py
102,352,c0e0e2f42a5b760650d115a71d4c4742218763aa457fc49bb430473079303cc5,275_0_5.py
103,192,684a4ff10800092b1dfb6452f11de360a27993c9e815ae7423ae7ba0ee4b79e7,200_0_4.py
103,192,684a4ff10800092b1dfb6452f11de360a27993c9e815ae7423ae7ba0ee4b79e7,230_0_3.py
104,205,2fd1a9ff82e02c81c3fa488570b33076a6acc717e2f2e67a7fe18517781aa8aa,200_1.py
104,205,2fd1a9ff82e02c81c3fa488570b33076a6acc717e2f2e67a7fe18517781aa8aa,200_11.py
105,248,4d7ea0c8c9c5068afe8ba391d75152080cfcc1934ff22634e74346681d22a1db,200_7.py
105,248,4d7ea0c8c9c5068afe8ba391d75152080cfcc1934ff22634e74346681d22a1db,merge_6_4.py
106,505,cad210dc979618f13acf5dd6d2124633c4bd30dd23f656fb3ea1f2879aef773f,201_1_1.py
106,505,cad210dc979618f13acf5dd6d2124633c4bd30dd23f656fb3ea1f2879aef773f,250_10.py
107,323,20ab433d5ce5ccfa62289225fed72b1a1aa25be31464f0181befc6611817d042,201_2.py
107,323,20ab433d5ce5ccfa62289225fed72b1a1aa25be31464f0181befc6611817d042,250_11_1.py
108,84,6d41860dae46200cc5cff09a8025a0de66d4433d7e289a624bd9c2a0347afa9c,201_3.py
108,84,6d41860dae46200cc5cff09a8025a0de66d4433d7e289a624bd9c2a0347afa9c,250_3.py
109,102,4d04e788767bd9c423f146c83970cb46a699e5e11c1b73d635bf4df1059f90b4,201_3_1.py
109,102,4d04e788767bd9c423f146c83970cb46a699e5e11c1b73d635bf4df1059f90b4,209_3.py
109,102,4d04e788767bd9c423f146c83970cb46a699e5e11c1b73d635bf4df1059f90b4,326_6.py
110,144,e24a26d1905ecfbdbd931d026bed03a582450489189da61776ad9f8091d6315d,202_0_1.py
110,144,e24a26d1905ecfbdbd931d026bed03a582450489189da61776ad9f8091d6315d,215_0_1.py
111,409,c3d9c21bbb3acc20937b447dfc644456131e264acd436e1fc656ae05c7551bb9,202_1.py
111,409,c3d9c21bbb3acc20937b447dfc644456131e264acd436e1fc656ae05c7551bb9,202_11_2.py
111,409,c3d9c21bbb3acc20937b447dfc644456131e264acd436e1fc656ae05c7551bb9,215_1_1.py
112,405,02818b6786b7df6193b48f7e4c3c49b511f4f7793ceb708df123f58c896fc1b0,202_1_1.py
112,405,02818b6786b7df6193b48f7e4c3c49b511f4f7793ceb708df123f58c896fc1b0,215_1_3.py
113,173,dad38b0191593deb4b1a0f224a6d1ac67be851ec0b909c771fd6ec8505fc8d8a,206_10.py
113,173,dad38b0191593deb4b1a0f224a6d1ac67be851ec0b909c771fd6ec8505fc8d8a,206_1_3.py
113,173,dad38b0191593deb4b1a0f224a6d1ac67be851ec0b909c771fd6ec8505fc8d8a,222_0.py
114,187,2455f179ebde3ec2d1a437f5b8ecdac6bd98eea1e58d0249b4184e985a662322,206_10_1.py
114,187,2455f179ebde3ec2d1a437f5b8ecdac6bd98eea1e58d0249b4184e985a662322,254_0_1.py
115,785,bf84fd0fbfbe30f774e5765cc462e29407b6545a542f061021a3741dd805106a,206_12_4.py
115,785,bf84fd0fbfbe30f774e5765cc462e29407b6545a542f061021a3741dd805106a,222_3_1.py
116,184,9651275e1c4f615429864cfdbf66ced081fd55b7c2f19a9c3e774bc943f753b3,207_0_1.py
116,184,9651275e1c4f615429864cfdbf66ced081fd55b7c2f19a9c3e774bc943f753b3,207_10.py
116,184,9651275e1c4f615429864cfdbf66ced081fd55b7c2f19a9c3e774bc943f753b3,312_13.py
117,184,c6105929fa5e31e7180899972429fec0b6797916f4f877c24d79f0b688c90091,207_0_4.py
117,184,c6105929fa5e31e7180899972429fec0b6797916f4f877c24d79f0b688c90091,207_10_1.py
118,398,4114cf7be108652e3c68c8d5339cd738df8a9016cb79df39244d359e0644a323,207_11.py
118,398,4114cf7be108652e3c68c8d5339cd738df8a9016cb79df39244d359e0644a323,255_1.py
119,341,9b2705c8cf64f18af409434e12f47533144c26ad51144637e9420b4b5c03e7be,207_3.py
119,341,9b2705c8cf64f18af409434e12f47533144c26ad51144637e9420b4b5c03e7be,255_2_5.py
120,337,da3acd06e34159cb41a032c4440f534b41759fc8833cc06ff4e05ec01ac3476f,207_3_1.py
120,337,da3acd06e34159cb41a032c4440f534b41759fc8833cc06ff4e05ec01ac3476f,255_2_1.py
121,564,51c395607991583f27b06244b1f0fd1897428e11b42c96c206ad98c99b8ef99b,208_10.py
121,564,51c395607991583f27b06244b1f0fd1897428e11b42c96c206ad98c99b8ef99b,208_1_1.py
122,562,8f7e97f8937b639c2224a2236036893c2eb401892a4e4329bd9d9622a2f04925,208_10_1.py
122,562,8f7e97f8937b639c2224a2236036893c2eb401892a4e4329bd9d9622a2f04925,208_1_2.py
123,326,cdcd56da15f9498e88083dfe2e307aaa70ef378bbfa99b08a2c048797ab68228,208_11.py
123,326,cdcd56da15f9498e88083dfe2e307aaa70ef378bbfa99b08a2c048797ab68228,208_2_1.py
124,547,6153aac1a4f6870f050cba72117ebd09bcf91ca36a9d93c56ec17eb100d12085,209_11.py
124,547,6153aac1a4f6870f050cba72117ebd09bcf91ca36a9d93c56ec17eb100d12085,326_1.py
125,252,94f88ed952a1ca020d02a7765d09e866fe65dd8b56e4ea13fa7a1d8dd2788a65,212_10_3.py
125,252,94f88ed952a1ca020d02a7765d09e866fe65dd8b56e4ea13fa7a1d8dd2788a65,259_11_5.py
126,649,5e5a1c4065850a6f1cea95c9bac7c32e1b9fa237fa2f13b794effe217961e879,212_4.py
126,649,5e5a1c4065850a6f1cea95c9bac7c32e1b9fa237fa2f13b794effe217961e879,225_4.py
127,1093,ae1bf2fa999536b4a80e3c5a04d8b22cc45f5f109c1790cae00f5e8a07e1e505,212_4_1.py
127,1093,ae1bf2fa999536b4a80e3c5a04d8b22cc45f5f109c1790cae00f5e8a07e1e505,225_4_3.py
128,651,8573a6a093d5ffb4d6ec15080c3f000d3be1d8474f0f0882d4bddaf5305ee556,212_4_2.py
128,651,8573a6a093d5ffb4d6ec15080c3f000d3be1d8474f0f0882d4bddaf5305ee556,225_4_2.py
129,609,9361045518579ffcd1693c81c88177af64784913672b2ef8f224aae8ab0ae950,212_4_3.py
129,609,9361045518579ffcd1693c81c88177af64784913672b2ef8f224aae8ab0ae950,225_4_5.py
130,621,74a4ffaf063a38af1634045a3812f10aaeef931775d7215ffa853adee8589fb8,212_4_4.py
130,621,74a4ffaf063a38af1634045a3812f10aaeef931775d7215ffa853adee8589fb8,225_4_1.py
131,655,26cebbfa5326b9e46d4dd1a550fdbbf00f0b9fb1c265eb81510591ae4f882159,212_4_5.py
131,655,26cebbfa5326b9e46d4dd1a550fdbbf00f0b9fb1c265eb81510591ae4f882159,225_4_4.py
132,655,1be1ef36c691dcb8babd357ee344ea98f68dc3fa1a6d6cac97c52e26f2163de6,215_11_1.py
132,655,1be1ef36c691dcb8babd357ee344ea98f68dc3fa1a6d6cac97c52e26f2163de6,312_10_2.py
133,363,f0c159ccd0433d5333c58a10a3363823e9e635723c818df90f1c919520b91df3,215_5_1.py
133,363,f0c159ccd0433d5333c58a10a3363823e9e635723c818df90f1c919520b91df3,312_0.py
134,75,a422b6be0a417ffa3ce7af17ec70deef53376506ded1481ac6e678e7fc1ab37e,219_13.py
134,75,a422b6be0a417ffa3ce7af17ec70deef53376506ded1481ac6e678e7fc1ab37e,255_6_1.py
135,379,d495b42326e1d484bea1c088f1062efc46afb5d1fa7f4ab0dc0969ed42d99f4d,219_6_1.py
135,379,d495b42326e1d484bea1c088f1062efc46afb5d1fa7f4ab0dc0969ed42d99f4d,223_7.py
136,291,2fecdbb9052a0cd25fec51921f8f842775e5646c49982cd4ba0ca4adfe60ca8a,21_0_1.py
136,291,2fecdbb9052a0cd25fec51921f8f842775e5646c49982cd4ba0ca4adfe60ca8a,21_10_1.py
137,106,84b58e46f9bc31d4c4b4248b3f513420af9103ec9b8cda630039e1485e5b443a,221_0.py
137,106,84b58e46f9bc31d4c4b4248b3f513420af9103ec9b8cda630039e1485e5b443a,221_10.py
138,394,7742b4944362d9615e5d401223839aa17da2ec0de7b5123137c6b1ee47efc5a6,223_4.py
138,394,7742b4944362d9615e5d401223839aa17da2ec0de7b5123137c6b1ee47efc5a6,312_3.py
139,437,44152ad9b85067a28a088b0371e340ebf03a68fa11765c40d7c00de5ce65be02,224_10.py
139,437,44152ad9b85067a28a088b0371e340ebf03a68fa11765c40d7c00de5ce65be02,224_1_2.py
140,847,e4cffbe050a1157937662e4b66259307abd913a18ce8a1f074ab1230a4ed2392,225_11.py
140,847,e4cffbe050a1157937662e4b66259307abd913a18ce8a1f074ab1230a4ed2392,262_11_5.py
141,847,d7acda0e145d525a25fd32a80d7230bdcdd61f1c691a042b060602e822511cbc,225_11_4.py
141,847,d7acda0e145d525a25fd32a80d7230bdcdd61f1c691a042b060602e822511cbc,262_11.py
142,524,9046877e86d33f194f1dd92ff427554f0a22937b338c20d2e7612e2f9624a220,227_14_2.py
142,524,9046877e86d33f194f1dd92ff427554f0a22937b338c20d2e7612e2f9624a220,227_4_3.py
143,258,f166f4ed5a9639408b0c6a6ab6eb0dc26d6cbc23551d96325750c59889a8b35c,228_5_1.py
143,258,f166f4ed5a9639408b0c6a6ab6eb0dc26d6cbc23551d96325750c59889a8b35c,57_3.py
144,264,1bd56defd6e17da065d719e77f6df7f819d03806acbf5c2cee50201c468a2195,228_5_3.py
144,264,1bd56defd6e17da065d719e77f6df7f819d03806acbf5c2cee50201c468a2195,57_3_2.py
145,272,13b2e92553a77e6a5b4177bd76acbbb5aed839eb86cfb57b5517ac7a408d47d6,228_5_4.py
145,272,13b2e92553a77e6a5b4177bd76acbbb5aed839eb86cfb57b5517ac7a408d47d6,57_3_1.py
146,338,b51982a0476353ead7651a3081f833fdf38f9a90e98c34bbcfd02e6221286e39,22_0_1.py
146,338,b51982a0476353ead7651a3081f833fdf38f9a90e98c34bbcfd02e6221286e39,22_10.py
147,154,a018a2533a67fee0cd01beae6d6bc8d044b46b9782db2b4536f0be94e9c66c77,22_11_1.py
147,154,a018a2533a67fee0cd01beae6d6bc8d044b46b9782db2b4536f0be94e9c66c77,22_1_1.py
148,242,518902f32240ae648da94523a4a7729f49582c3e2ec3b9ed5f653ca08b002cc6,239_1.py
148,242,518902f32240ae648da94523a4a7729f49582c3e2ec3b9ed5f653ca08b002cc6,239_11.py
148,242,518902f32240ae648da94523a4a7729f49582c3e2ec3b9ed5f653ca08b002cc6,239_3_1.py
149,320,0385b40479d9d315e35394b9256954ff863ef7b12d89b3dd0182f85892bf57c8,239_12.py
149,320,0385b40479d9d315e35394b9256954ff863ef7b12d89b3dd0182f85892bf57c8,239_2.py
149,320,0385b40479d9d315e35394b9256954ff863ef7b12d89b3dd0182f85892bf57c8,44_2.py
150,100,93dc17a39c2fc7667f4b6f5e681743e8243d6f661fd0a09873b061ee23474135,239_13.py
150,100,93dc17a39c2fc7667f4b6f5e681743e8243d6f661fd0a09873b061ee23474135,239_9.py
151,413,980800c50a11b01b490c32d06558941e156527ecd4d4958bbf0c5ab764e6593d,240_12.py
151,413,980800c50a11b01b490c32d06558941e156527ecd4d4958bbf0c5ab764e6593d,43_12.py
152,444,95ae6ae6cee780e05536a6db1858377c2ab1612858920937e7f2a9045491acbd,240_12_1.py
152,444,95ae6ae6cee780e05536a6db1858377c2ab1612858920937e7f2a9045491acbd,43_12_2.py
152,444,95ae6ae6cee780e05536a6db1858377c2ab1612858920937e7f2a9045491acbd,43_2.py
152,444,95ae6ae6cee780e05536a6db1858377c2ab1612858920937e7f2a9045491acbd,53_10_2.py
153,302,8f529103f41f98db79fcd235c969dd409deb2de3b1c72365f808d454f7017658,240_12_2.py
153,302,8f529103f41f98db79fcd235c969dd409deb2de3b1c72365f808d454f7017658,43_12_3.py
154,367,62ff16566fbb945ae87257c5dddde1aa63c3cd234b371eaddb04053cccd6cb3f,240_12_3.py
154,367,62ff16566fbb945ae87257c5dddde1aa63c3cd234b371eaddb04053cccd6cb3f,43_12_1.py
154,367,62ff16566fbb945ae87257c5dddde1aa63c3cd234b371eaddb04053cccd6cb3f,43_2_1.py
155,81,de9f6375681607ed175f3a071ad963276a6d2be5e3f6116a3f43043c0121a80f,240_13.py
155,81,de9f6375681607ed175f3a071ad963276a6d2be5e3f6116a3f43043c0121a80f,43_13.py
155,81,de9f6375681607ed175f3a071ad963276a6d2be5e3f6116a3f43043c0121a80f,43_9_1.py
156,299,642e75e0677c5f0dcd05e21ff2207056623546d2f43e4b8d56f57577fa02bef2,240_2.py
156,299,642e75e0677c5f0dcd05e21ff2207056623546d2f43e4b8d56f57577fa02bef2,53_10_1.py
156,299,642e75e0677c5f0dcd05e21ff2207056623546d2f43e4b8d56f57577fa02bef2,53_2_1.py
157,288,fd65b0997e2f5b0a8f3b7b80c37bd4c344d4230e3772640882fb5f8e16c1ba17,241_12.py
157,288,fd65b0997e2f5b0a8f3b7b80c37bd4c344d4230e3772640882fb5f8e16c1ba17,241_2.py
158,198,9e1e9a0d5b60467c2c45ecc756baccf36a6433c04fe83d6bbad9dda5ab0897e1,243_5.py
158,198,9e1e9a0d5b60467c2c45ecc756baccf36a6433c04fe83d6bbad9dda5ab0897e1,54_1_3.py
158,198,9e1e9a0d5b60467c2c45ecc756baccf36a6433c04fe83d6bbad9dda5ab0897e1,8_6.py
159,236,6759135417f72663aad8deef97dea4e9f6b53a78806f0548b84c04ef256ea25b,244_11.py
159,236,6759135417f72663aad8deef97dea4e9f6b53a78806f0548b84c04ef256ea25b,244_1_1.py
160,154,565ace1108536963fd9d64731214c4b423af0a63004a4de9d82a17eef94bd25b,246_1_2.py
160,154,565ace1108536963fd9d64731214c4b423af0a63004a4de9d82a17eef94bd25b,247_6_1.py
161,166,d939ca1e59d41f4913b7b4837ff52bd3470f19be10508a6480ec737932399a66,246_3.py
161,166,d939ca1e59d41f4913b7b4837ff52bd3470f19be10508a6480ec737932399a66,247_13.py
161,166,d939ca1e59d41f4913b7b4837ff52bd3470f19be10508a6480ec737932399a66,67_2.py
162,195,1aa563d186fd354602caaf30cffa4783d9e70937fc010119c6247b80db7bbd37,248_6_1.py
162,195,1aa563d186fd354602caaf30cffa4783d9e70937fc010119c6247b80db7bbd37,309_8_1.py
163,168,d82d0630b134403d9f56fcfdd51dc93ad8b19c2978d48f73b3431478f6fc280d,249_0_3.py
163,168,d82d0630b134403d9f56fcfdd51dc93ad8b19c2978d48f73b3431478f6fc280d,249_10_2.py
164,270,ec48b523c69b0d4abc2432ba224a4de3b64df3e37018a1f8de5cbe202984c2a0,249_5_1.py
164,270,ec48b523c69b0d4abc2432ba224a4de3b64df3e37018a1f8de5cbe202984c2a0,251_5_3.py
165,361,9709a9cc1adecd08fd6ba7f139b93ce8b0323e99de1f33c1a149bd5eec91fbfa,268_11_1.py
165,361,9709a9cc1adecd08fd6ba7f139b93ce8b0323e99de1f33c1a149bd5eec91fbfa,268_1_6.py
166,106,6a8d4ea8a0f1d6979b45a6d9281930265ba4dc5b61d4630457bacf6432599fb8,270_3.py
166,106,6a8d4ea8a0f1d6979b45a6d9281930265ba4dc5b61d4630457bacf6432599fb8,33_3.py
167,212,c5aad2cb6da310c673cf072521d32a25fd52dedd47f6b63bfc7ed8437e145e4c,272_1.py
167,212,c5aad2cb6da310c673cf072521d32a25fd52dedd47f6b63bfc7ed8437e145e4c,272_11_1.py
168,208,a5c45d1b99895765eaf9059d17ce47abb30265812c14f85e58b0be549bf00a90,272_11_3.py
168,208,a5c45d1b99895765eaf9059d17ce47abb30265812c14f85e58b0be549bf00a90,272_1_1.py
169,267,64ad396cddee99f0a13af70b60eebd5a6164bc4b0e207dfd39a7e91a751b9c1b,272_12_1.py
169,267,64ad396cddee99f0a13af70b60eebd5a6164bc4b0e207dfd39a7e91a751b9c1b,272_2_1.py
170,159,4258f54ee44fdc27e221192c7a5a94e539ea741bc3d2d1eb8d057e8015220e15,274_0.py
170,159,4258f54ee44fdc27e221192c7a5a94e539ea741bc3d2d1eb8d057e8015220e15,274_10.py
171,151,b85eecc5835dfb4794a942333bbd10105f71fe5d9700760ba7c62012d13c47eb,274_0_1.py
171,151,b85eecc5835dfb4794a942333bbd10105f71fe5d9700760ba7c62012d13c47eb,274_10_1.py
172,258,85cd27f179029c19ec677658c3242c8ab27be80d5bd78461a2de6d7f9b36f8e8,274_1.py
172,258,85cd27f179029c19ec677658c3242c8ab27be80d5bd78461a2de6d7f9b36f8e8,306_11_2.py
173,178,535b86b37446db4cd0199c66cbf1b35c4c3b6675dc021fb8bbebc5f6407a8e1b,274_11_1.py
173,178,535b86b37446db4cd0199c66cbf1b35c4c3b6675dc021fb8bbebc5f6407a8e1b,274_8_1.py
173,178,535b86b37446db4cd0199c66cbf1b35c4c3b6675dc021fb8bbebc5f6407a8e1b,306_1.py
174,78,385cf0e3ab7664d9de6ec976b6544e8ddd28288d996c5331f1d2ef42abd3bdba,274_2.py
174,78,385cf0e3ab7664d9de6ec976b6544e8ddd28288d996c5331f1d2ef42abd3bdba,274_7_2.py
175,104,3a77f27d783deae4be78c36ae86a2d7cbe16e3498bbe29b6f510475c43e74410,274_7_1.py
175,104,3a77f27d783deae4be78c36ae86a2d7cbe16e3498bbe29b6f510475c43e74410,306_13.py
176,217,0a93d6ada79cfd4ef414eda3e0be98a4390562eb5548b69c7847ef6c7a54e361,275_1.py
176,217,0a93d6ada79cfd4ef414eda3e0be98a4390562eb5548b69c7847ef6c7a54e361,275_11.py
177,162,195839bb17954b2a798ae96d4bd0815679446dbb42831bbcb73d06a217e54167,281_1.py
177,162,195839bb17954b2a798ae96d4bd0815679446dbb42831bbcb73d06a217e54167,merge_10_1.py
178,113,1948e50495475654d8dbf85e820c0f37c7daf718e1d9b71446dfaba45a009cea,281_10_3.py
178,113,1948e50495475654d8dbf85e820c0f37c7daf718e1d9b71446dfaba45a009cea,314_10_1.py
179,159,6d42906a36443b765499f7a0709a4f4eff06b23b723f7283657038a586c5fa79,281_12.py
179,159,6d42906a36443b765499f7a0709a4f4eff06b23b723f7283657038a586c5fa79,282_0_1.py
179,159,6d42906a36443b765499f7a0709a4f4eff06b23b723f7283657038a586c5fa79,merge_10_0_2.py
180,155,61e052dc12ab714e1d10eb408c2c77a079f3cdf29278ed78840add7b89aa3929,282_0.py
180,155,61e052dc12ab714e1d10eb408c2c77a079f3cdf29278ed78840add7b89aa3929,merge_10_0.py
181,156,ab7730cb04b90bbecdcb20f4483152d82598bf61e5b1cfbdf903f8c6e15e270b,282_0_2.py
181,156,ab7730cb04b90bbecdcb20f4483152d82598bf61e5b1cfbdf903f8c6e15e270b,merge_10_0_5.py
182,315,1b477bd0078d84f5e7a7bd4c1a8782ecd9deead4e8af28ea20eb187fd39a3ef9,284_11_1.py
182,315,1b477bd0078d84f5e7a7bd4c1a8782ecd9deead4e8af28ea20eb187fd39a3ef9,311_11_1.py
183,220,33ec83a7cd402421c8b33e8a949d4d2fc63a6ac224fca602417abfc77c0d5f5f,284_6.py
183,220,33ec83a7cd402421c8b33e8a949d4d2fc63a6ac224fca602417abfc77c0d5f5f,36_0_2.py
184,220,2e353153c152da35058ea59d5709aa1d2538174fca35b1657b84b3a52dae4c11,284_6_1.py
184,220,2e353153c152da35058ea59d5709aa1d2538174fca35b1657b84b3a52dae4c11,36_0.py
185,1395,1c771ddd540c3fc8ff1e8c3cd08eb96cdd488d3f57d3fae3caa91a0cd0191a5d,288_0.py
185,1395,1c771ddd540c3fc8ff1e8c3cd08eb96cdd488d3f57d3fae3caa91a0cd0191a5d,288_10.py
186,214,6353f72cb2dc6bd84b921324ca3e3ed86f605ce299e7867943fc7da4bbb60bbe,28_0_1.py
186,214,6353f72cb2dc6bd84b921324ca3e3ed86f605ce299e7867943fc7da4bbb60bbe,28_10_2.py
187,260,872db05db5582ad5e9a7dac0761b73ae63454b54266e0cebac25262990d12991,292_3_1.py
187,260,872db05db5582ad5e9a7dac0761b73ae63454b54266e0cebac25262990d12991,51_4.py
188,188,2e57b9535e2fb002bef8f6d132499d46633680aad9a3753b7e895b3409d73a5b,29_14_1.py
188,188,2e57b9535e2fb002bef8f6d132499d46633680aad9a3753b7e895b3409d73a5b,29_9.py
189,1011,2d5e4326b11b261644bfe07f67288caafdc8151ddd8eb4a0d7618889ac1a2a94,29_8.py
189,1011,2d5e4326b11b261644bfe07f67288caafdc8151ddd8eb4a0d7618889ac1a2a94,36_6_1.py
190,993,bf3981dcc0f5ca54a1cbb6e04692e435e458c5f58461c21de19d2e57dae7f147,29_8_2.py
190,993,bf3981dcc0f5ca54a1cbb6e04692e435e458c5f58461c21de19d2e57dae7f147,36_6.py
191,231,133c49405e8c3b4637c90cbca303cf5ecccb5a62062bfd87039e626a9c8f0819,2_1.py
191,231,133c49405e8c3b4637c90cbca303cf5ecccb5a62062bfd87039e626a9c8f0819,merge_3_2_1.py
192,1594,1be23a2a28ded96dfad51c0bdc77437978489d87a379047093df3726cada5fbc,2_2.py
192,1594,1be23a2a28ded96dfad51c0bdc77437978489d87a379047093df3726cada5fbc,merge_3_2_2.py
193,387,b1f31216fed9a69bb96d77a8d471a1493ceb9dfba6d79b18da7895d55c5b2a9c,2_3.py
193,387,b1f31216fed9a69bb96d77a8d471a1493ceb9dfba6d79b18da7895d55c5b2a9c,merge_3_2_3.py
194,1054,aa29da89c7c6d9b5f4121d614d8c4d0f3f720d7e750a583100f013b81b67ff78,2_4.py
194,1054,aa29da89c7c6d9b5f4121d614d8c4d0f3f720d7e750a583100f013b81b67ff78,merge_3_2_4.py
195,381,14c789427ce967716beedf941e9e0d76c0d38c2b00dba695a250ea5253be90b5,2_5.py
195,381,14c789427ce967716beedf941e9e0d76c0d38c2b00dba695a250ea5253be90b5,merge_3_2_5.py
196,623,b0eaad018225146e9c868fa9906ffe4f308f87b92768023b3f0c50309701a529,305_1.py
196,623,b0eaad018225146e9c868fa9906ffe4f308f87b92768023b3f0c50309701a529,305_11.py
197,843,d9858c19bf023102e13217753498d599c34481b3663c1352862f7d2eb4d55131,310_0_1.py
197,843,d9858c19bf023102e13217753498d599c34481b3663c1352862f7d2eb4d55131,310_10_5.py
198,524,6fc0bace8b59fa397d3031ada23a33e050057259f3218504f5ef99de442f5b8e,311_2_2.py
198,524,6fc0bace8b59fa397d3031ada23a33e050057259f3218504f5ef99de442f5b8e,36_1.py
199,291,3cc48bc04fc7bb5985fa992ba206df7d92ca91064af0b062fac2642c58e078dd,313_0.py
199,291,3cc48bc04fc7bb5985fa992ba206df7d92ca91064af0b062fac2642c58e078dd,313_10_1.py
200,204,33f58461957297f10a9780c1095eb9a5eb6469fd7fdb422ebf432a519a63938c,313_1.py
200,204,33f58461957297f10a9780c1095eb9a5eb6469fd7fdb422ebf432a519a63938c,313_11.py
201,109,50a5e8512e80ef57bd22a62488880934f3815816c61c7100bfbd046749898ff5,314_0.py
201,109,50a5e8512e80ef57bd22a62488880934f3815816c61c7100bfbd046749898ff5,314_10.py
202,308,5c912534a450610dc12ae0ab5377388804cebc4896805f12813584413da3502c,314_14.py
202,308,5c912534a450610dc12ae0ab5377388804cebc4896805f12813584413da3502c,314_5.py
203,163,1fdb0283d306d580247d39fb051856ec8b03bbda8ebdb2870f85539000f7a262,31_3_1.py
203,163,1fdb0283d306d580247d39fb051856ec8b03bbda8ebdb2870f85539000f7a262,31_9.py
204,171,c626d0fb60c5d3a22086192558162cf41695524beee42635b71dbdd6d483622a,321_12.py
204,171,c626d0fb60c5d3a22086192558162cf41695524beee42635b71dbdd6d483622a,merge_2_12.py
205,212,71e866fb3bb0d94658c9982d8ea9e73aaeb72b6304e01596f39fa0ab6d120835,323_1_1.py
205,212,71e866fb3bb0d94658c9982d8ea9e73aaeb72b6304e01596f39fa0ab6d120835,merge_5_1.py
206,211,99e12f114514ad4e8cf14b441ada71cef267338db5e0e350dddfdf7aead5d16c,323_1_2.py
206,211,99e12f114514ad4e8cf14b441ada71cef267338db5e0e350dddfdf7aead5d16c,merge_5_1_1.py
207,549,44aed6311531aa61fafbdc08884d6452dc47592c6ce4584918d9a9d0475621ae,326_11_1.py
207,549,44aed6311531aa61fafbdc08884d6452dc47592c6ce4584918d9a9d0475621ae,merge_9_10_1.py
208,461,f0ceb2bb9a4d1fcd474a6b3b9505b1fb4fe1b226a80edcc5f4a6f8d816778572,326_2.py
208,461,f0ceb2bb9a4d1fcd474a6b3b9505b1fb4fe1b226a80edcc5f4a6f8d816778572,merge_9_2.py
209,308,fcf5cc1f1bc9a71816e443cbac424c63b6ef4d5b02fed483022a1ea0330a343c,332_0_2.py
209,308,fcf5cc1f1bc9a71816e443cbac424c63b6ef4d5b02fed483022a1ea0330a343c,35_0_5.py
209,308,fcf5cc1f1bc9a71816e443cbac424c63b6ef4d5b02fed483022a1ea0330a343c,35_10_7.py
210,172,b55c4b102d3cb7e491e0fb6a4e86f19ba96445e485f84428e1db2968f605ba52,334_1.py
210,172,b55c4b102d3cb7e491e0fb6a4e86f19ba96445e485f84428e1db2968f605ba52,334_11_2.py
210,172,b55c4b102d3cb7e491e0fb6a4e86f19ba96445e485f84428e1db2968f605ba52,334_13_2.py
211,173,2507f7cca2633611906aedda045ca713762c8fbc74b5f04ceb0917cfa294bcb0,334_11_1.py
211,173,2507f7cca2633611906aedda045ca713762c8fbc74b5f04ceb0917cfa294bcb0,334_13_1.py
212,157,549b2705b03f62f5bfc304a6fc52af061d0b402f40359cb606a5ab2b76c9b560,334_14_1.py
212,157,549b2705b03f62f5bfc304a6fc52af061d0b402f40359cb606a5ab2b76c9b560,334_9_13.py
213,157,61e69505f8bc9e58fd93a7eaa77c775947a23a10f0d4da83be3d2ea6f6529533,334_14_2.py
213,157,61e69505f8bc9e58fd93a7eaa77c775947a23a10f0d4da83be3d2ea6f6529533,334_4_15.py
213,157,61e69505f8bc9e58fd93a7eaa77c775947a23a10f0d4da83be3d2ea6f6529533,334_9_7.py
214,145,a154333aa6039a6ea9d4c96145c9c2b6393163fa7bfbf4e6aac6d6b476bb63ad,334_4_70.py
214,145,a154333aa6039a6ea9d4c96145c9c2b6393163fa7bfbf4e6aac6d6b476bb63ad,334_9_1.py
215,209,6bd884fcad80b89073d11c057bebb4e978574eed336ba446c614318678c2dcda,335_10.py
215,209,6bd884fcad80b89073d11c057bebb4e978574eed336ba446c614318678c2dcda,335_1_18.py
216,219,54bef26a49ac6b92919a190677e5143064227c19d4f8413d80cc00ad8fdd02ed,335_10_10.py
216,219,54bef26a49ac6b92919a190677e5143064227c19d4f8413d80cc00ad8fdd02ed,335_5_60.py
217,215,8585ad647b8d887d7fe5b6c382d61c89dd635e6de54fe7356803c279a0335e2e,335_10_14.py
217,215,8585ad647b8d887d7fe5b6c382d61c89dd635e6de54fe7356803c279a0335e2e,335_1_22.py
218,207,abecfa4c79801ccce824c6d80d8bd0bb8e683fdb1cfa482d4f72a503add873e3,335_10_16.py
218,207,abecfa4c79801ccce824c6d80d8bd0bb8e683fdb1cfa482d4f72a503add873e3,335_7_3.py
219,203,0677799492934b1979b0f822088f84e4c1ea98ca13e694b1ad45fed701729cc2,335_10_27.py
219,203,0677799492934b1979b0f822088f84e4c1ea98ca13e694b1ad45fed701729cc2,335_1_9.py
219,203,0677799492934b1979b0f822088f84e4c1ea98ca13e694b1ad45fed701729cc2,335_7_1.py
220,207,487284131c4c9f80fd2b6c37909ad8c3ccde92360474be25be6e8165e168e0cb,335_10_8.py
220,207,487284131c4c9f80fd2b6c37909ad8c3ccde92360474be25be6e8165e168e0cb,335_1_20.py
221,468,a681636326d9d8a3e78ae756e3ed09c8028271990c1abfe81135ab7d4abf74cb,34_0.py
221,468,a681636326d9d8a3e78ae756e3ed09c8028271990c1abfe81135ab7d4abf74cb,34_10_4.py
222,509,fc544d6a03d78ae95f1b7a63bd0d07f69120497e0f8148df2020038fe140ef2a,34_0_1.py
222,509,fc544d6a03d78ae95f1b7a63bd0d07f69120497e0f8148df2020038fe140ef2a,34_10.py
223,460,4f139e5c6a81d71f3d3e1a6dae30f81ad7f8e57cb363ef31ba5d20214c22d671,34_0_2.py
223,460,4f139e5c6a81d71f3d3e1a6dae30f81ad7f8e57cb363ef31ba5d20214c22d671,34_10_1.py
224,470,b467531ded8d9a9f8845882b8871f19a424f723f2d570bc39e009bf42e708ffb,34_0_3.py
224,470,b467531ded8d9a9f8845882b8871f19a424f723f2d570bc39e009bf42e708ffb,34_10_2.py
225,297,a9aea0f48b7f6f926cf5d6ac29aa233fac37a6f94c6b6f418e5e23d517b1bdfe,35_0_2.py
225,297,a9aea0f48b7f6f926cf5d6ac29aa233fac37a6f94c6b6f418e5e23d517b1bdfe,35_10_5.py
226,320,0c10ca601123356e720f384b0f551fc39cc5e818a7c4b00556fb81c326615be6,35_0_3.py
226,320,0c10ca601123356e720f384b0f551fc39cc5e818a7c4b00556fb81c326615be6,35_10_1.py
227,632,35f12b62f9681f0c9947edcfd594a6e1e61b697757e265ca75e766ce8617a35b,36_12_1.py
227,632,35f12b62f9681f0c9947edcfd594a6e1e61b697757e265ca75e766ce8617a35b,36_2.py
228,200,0541ab2a69bc9504c911857b5ec51847b02e1c0031bb599d8e4586e37760e618,37_0_1.py
228,200,0541ab2a69bc9504c911857b5ec51847b02e1c0031bb599d8e4586e37760e618,37_11_1.py
228,200,0541ab2a69bc9504c911857b5ec51847b02e1c0031bb599d8e4586e37760e618,37_3.py
229,201,ebbafd189264c10bf47502ee8a36555bac0d717920ee1f6fca680cf39ff0a0c7,37_0_2.py
229,201,ebbafd189264c10bf47502ee8a36555bac0d717920ee1f6fca680cf39ff0a0c7,37_3_3.py
229,201,ebbafd189264c10bf47502ee8a36555bac0d717920ee1f6fca680cf39ff0a0c7,37_7_2.py
230,197,684f475816bafcc5ecaa88f1d45ff2096e7345ca414adb39cf13b08087a954b2,37_0_3.py
230,197,684f475816bafcc5ecaa88f1d45ff2096e7345ca414adb39cf13b08087a954b2,37_7_3.py
231,204,26b8fd357cb036876510b30e0b294f61ccea45eac90232144654d9ba2efdc1f4,37_0_4.py
231,204,26b8fd357cb036876510b30e0b294f61ccea45eac90232144654d9ba2efdc1f4,37_11_3.py
232,201,09b6f9fba4ef1cff312f6d9f082758c421bbf45c03bb32759e187ff9ac3fd591,37_11.py
232,201,09b6f9fba4ef1cff312f6d9f082758c421bbf45c03bb32759e187ff9ac3fd591,37_7.py
233,866,2a0c37d1c3dcae6149d673b40f38973da55b82120611d1abd937c586546b2538,38_0.py
233,866,2a0c37d1c3dcae6149d673b40f38973da55b82120611d1abd937c586546b2538,38_10.py
234,537,ae17cb96b3fdbc679aac5e0dec230a93ec3bfc2700a7ee1586776fd0c5bec51a,38_0_1.py
234,537,ae17cb96b3fdbc679aac5e0dec230a93ec3bfc2700a7ee1586776fd0c5bec51a,38_10_1.py
235,932,058f0238bf180b771130285db0d590623de1d795af85fd5273a2b73bc5a931bf,38_12_1.py
235,932,058f0238bf180b771130285db0d590623de1d795af85fd5273a2b73bc5a931bf,38_2_3.py
236,930,74dccf294e3725b508d8e46197fcae6db8db5912b09ddb4fc53289fa9f037bbb,38_12_4.py
236,930,74dccf294e3725b508d8e46197fcae6db8db5912b09ddb4fc53289fa9f037bbb,38_2_6.py
237,816,1676c7b8cd156bd40571caeaf7fed91abc6fb00bc383fbae563632a85189048b,38_12_8.py
237,816,1676c7b8cd156bd40571caeaf7fed91abc6fb00bc383fbae563632a85189048b,38_2_4.py
238,256,2f05e67d42652b14ea8c8d9d341051b9685886fa78464aaadc2eebcf86d75319,3_1.py
238,256,2f05e67d42652b14ea8c8d9d341051b9685886fa78464aaadc2eebcf86d75319,merge_3_3_1.py
239,355,4a27334942fb604a5939ae34343e6647801386bf167233359c8f260943039c4c,3_2.py
239,355,4a27334942fb604a5939ae34343e6647801386bf167233359c8f260943039c4c,merge_3_3_2.py
240,480,1b474943d7f9aef340a7de46ac781e2dd430438a7b66b16096a08c0bc8c8335a,3_4.py
240,480,1b474943d7f9aef340a7de46ac781e2dd430438a7b66b16096a08c0bc8c8335a,merge_3_3_4.py
241,316,04d62fd93e5ea34c60ca78030f47c4d83e63517c13234457b82b66c724983252,3_5.py
241,316,04d62fd93e5ea34c60ca78030f47c4d83e63517c13234457b82b66c724983252,merge_3_3_5.py
242,167,40e252115b243608aafb3f4d944eaf7942544645553c6957555f6b891dce1cb6,43_11.py
242,167,40e252115b243608aafb3f4d944eaf7942544645553c6957555f6b891dce1cb6,43_1_1.py
242,167,40e252115b243608aafb3f4d944eaf7942544645553c6957555f6b891dce1cb6,53_1.py
242,167,40e252115b243608aafb3f4d944eaf7942544645553c6957555f6b891dce1cb6,53_14.py
242,167,40e252115b243608aafb3f4d944eaf7942544645553c6957555f6b891dce1cb6,53_9.py
243,730,79acfd73de6b259477e8297d472d12774746a362fcd9696a0be1885c63873150,43_6.py
243,730,79acfd73de6b259477e8297d472d12774746a362fcd9696a0be1885c63873150,53_7.py
244,200,a38a690354587205bc77ea329d58bbcd303f9c83e0da50a4ad8c77b699c33acf,45_1.py
244,200,a38a690354587205bc77ea329d58bbcd303f9c83e0da50a4ad8c77b699c33acf,45_11.py
245,398,a65cf915fe1657cce34c67510ffb7fc35a89816a74e56e0bc031d8e6cecc2444,45_12_3.py
245,398,a65cf915fe1657cce34c67510ffb7fc35a89816a74e56e0bc031d8e6cecc2444,54_12.py
246,106,10928f8f75f8ca8a201cb77a53afac70005fd9ee69f0c4d0697562e47250844c,45_13.py
246,106,10928f8f75f8ca8a201cb77a53afac70005fd9ee69f0c4d0697562e47250844c,45_9.py
247,233,a6610230ce13c10092763038225fee1f970c22be3d3be18eda1733f3ff4bccec,45_1_1.py
247,233,a6610230ce13c10092763038225fee1f970c22be3d3be18eda1733f3ff4bccec,52_3.py
247,233,a6610230ce13c10092763038225fee1f970c22be3d3be18eda1733f3ff4bccec,8_6_1.py
248,326,e2918a96a1b66aba7b1c1074ffa2cbeefb24d739bbe74eac7659edb263f7ffac,45_2_1.py
248,326,e2918a96a1b66aba7b1c1074ffa2cbeefb24d739bbe74eac7659edb263f7ffac,54_2_1.py
249,363,6179b76891f1384072e17a426eb8803240610fdacb2785b53c3c700540c48c6b,46_0.py
249,363,6179b76891f1384072e17a426eb8803240610fdacb2785b53c3c700540c48c6b,48_0_1.py
250,321,da38aefd5b812f41e2f58e509ae3ee663cef3c7afbde16f5031415d2ed6312c2,46_0_1.py
250,321,da38aefd5b812f41e2f58e509ae3ee663cef3c7afbde16f5031415d2ed6312c2,48_0.py
251,304,d6b74f03440d07c68c0785746e24faa8834afc01ef22a67120f0cc4ea6ae47b4,46_12.py
251,304,d6b74f03440d07c68c0785746e24faa8834afc01ef22a67120f0cc4ea6ae47b4,46_2.py
252,324,63053f45b740131af2003f50c23f0c215b3974c474ca8af6746147a1dff43245,46_7.py
252,324,63053f45b740131af2003f50c23f0c215b3974c474ca8af6746147a1dff43245,51_8.py
253,297,59d4b4ad7b2607c13b8850ff449065a804edd8806c8a68eca9e990f37e24ed8b,46_7_1.py
253,297,59d4b4ad7b2607c13b8850ff449065a804edd8806c8a68eca9e990f37e24ed8b,51_8_1.py
254,288,0f56151fab83e7d1a427268ed549d789f82b64352489c97286c940a4d065a172,47_12.py
254,288,0f56151fab83e7d1a427268ed549d789f82b64352489c97286c940a4d065a172,47_2.py
254,288,0f56151fab83e7d1a427268ed549d789f82b64352489c97286c940a4d065a172,47_6.py
255,192,75a2c28b8981a765c0e1e356949599acfdcd17dcdd4baafc31613ea3636df70a,48_1.py
255,192,75a2c28b8981a765c0e1e356949599acfdcd17dcdd4baafc31613ea3636df70a,57_11.py
256,249,72a531fac99c7a62fdce4825f5ab711ec5fdc29f2fd6499ba1f739c9ffe41c62,52_0.py
256,249,72a531fac99c7a62fdce4825f5ab711ec5fdc29f2fd6499ba1f739c9ffe41c62,57_0.py
257,414,df5e7ebda318a7fefd989f4e9a71427bc063c9e80db4c86af3705bf9429a0811,53_10.py
257,414,df5e7ebda318a7fefd989f4e9a71427bc063c9e80db4c86af3705bf9429a0811,53_2_3.py
258,279,dec4023975d6be93c800ff0cb25f6347c81a56a75893d05e73d0f8ba389096ab,53_10_3.py
258,279,dec4023975d6be93c800ff0cb25f6347c81a56a75893d05e73d0f8ba389096ab,53_2_2.py
259,169,aeccb18ac933a4b1072a5603482215423bbdbd80b429ae59e61bfd5770607ee5,53_14_1.py
259,169,aeccb18ac933a4b1072a5603482215423bbdbd80b429ae59e61bfd5770607ee5,53_1_1.py
260,202,177c5a31ff11a50467bec046b75812d73aac31137b9d63a3761eeb8334bdda23,54_1.py
260,202,177c5a31ff11a50467bec046b75812d73aac31137b9d63a3761eeb8334bdda23,54_11_1.py
261,196,7ccdfcea05b7c915e5c1f85230359b8f6454d8a49f956bd151cf05f9ce83b7c4,54_11.py
261,196,7ccdfcea05b7c915e5c1f85230359b8f6454d8a49f956bd151cf05f9ce83b7c4,54_1_2.py
261,196,7ccdfcea05b7c915e5c1f85230359b8f6454d8a49f956bd151cf05f9ce83b7c4,57_14.py
261,196,7ccdfcea05b7c915e5c1f85230359b8f6454d8a49f956bd151cf05f9ce83b7c4,8_6_3.py
262,397,0af624f9e3c7d84fa05ae6a9bc39f988e4216bb9c15907dfec2d1491004d9bcf,59_0.py
262,397,0af624f9e3c7d84fa05ae6a9bc39f988e4216bb9c15907dfec2d1491004d9bcf,59_10_2.py
263,381,eb749bb185f44502abb33f011673d7dbabc36bedebf2b833894ec0ed66845a94,59_0_2.py
263,381,eb749bb185f44502abb33f011673d7dbabc36bedebf2b833894ec0ed66845a94,59_10.py
264,116,a2d4b9ab0fb0a583c2de70df23103fd2cd788407a36dcd4b299226811ecce368,62_0.py
264,116,a2d4b9ab0fb0a583c2de70df23103fd2cd788407a36dcd4b299226811ecce368,62_8.py
265,163,f69279806d67cca30670e1bb93c51ce53d36f4e14b764f4dbfd306f83545315c,67_1.py
265,163,f69279806d67cca30670e1bb93c51ce53d36f4e14b764f4dbfd306f83545315c,67_11.py
266,238,e2c404f7c5d98ad82231edbf0488a76adf1e3790f042f4d0fcf9e7fe99914979,6_1.py
266,238,e2c404f7c5d98ad82231edbf0488a76adf1e3790f042f4d0fcf9e7fe99914979,merge_3_6_1.py
267,785,79c480e014654a190bc81cfcbcf169c11e48729e9598fb464c34a24775f5a9d3,71_12.py
267,785,79c480e014654a190bc81cfcbcf169c11e48729e9598fb464c34a24775f5a9d3,71_3.py
268,749,27223ea186cb4b620e3bca18ee34d24a8dbdbdb4250c4b4ecca54f72d066e62c,75_1.py
268,749,27223ea186cb4b620e3bca18ee34d24a8dbdbdb4250c4b4ecca54f72d066e62c,75_11.py
269,749,4f357949058781b739b4c2e796cc942a0904f7aae950e6b0061377d84fb0eb96,75_11_5.py
269,749,4f357949058781b739b4c2e796cc942a0904f7aae950e6b0061377d84fb0eb96,75_1_2.py
270,1163,a7442ac0210d70d7a4983fb8d440fc424a59497b0694d5ba74eec57f09db21b9,7_1.py
270,1163,a7442ac0210d70d7a4983fb8d440fc424a59497b0694d5ba74eec57f09db21b9,merge_3_7_1.py
271,631,4edb1437f4c54ba9f1296601729d9a0fcd9d5dda374513e4e3f0936aab6e930c,7_2.py
271,631,4edb1437f4c54ba9f1296601729d9a0fcd9d5dda374513e4e3f0936aab6e930c,merge_3_7_2.py
272,564,34310e510ffd0d79ee10e281d520c11b3e20d2a391a3460f83effd72c6e7af2e,7_3.py
272,564,34310e510ffd0d79ee10e281d520c11b3e20d2a391a3460f83effd72c6e7af2e,merge_3_7_3.py
273,490,a8102870bb350a5c1526d042e3fd647b02144d87a35d340d6c67763dba148f78,87_2_2.py
273,490,a8102870bb350a5c1526d042e3fd647b02144d87a35d340d6c67763dba148f78,88_0_1.py
274,238,65f9510878be3662cc8d2e333d0f7dbb33008d0f34167a7b65d34b3f82c206e5,88_0.py
274,238,65f9510878be3662cc8d2e333d0f7dbb33008d0f34167a7b65d34b3f82c206e5,88_11_1.py
275,472,9f430a150007f7235b3021569490d3ad1892688282432964dd4ec46b62ba48f6,88_1.py
275,472,9f430a150007f7235b3021569490d3ad1892688282432964dd4ec46b62ba48f6,88_12.py
276,258,e0fb8826d735b24ab549e7a95333c1d09376394e2356be3e7266913757c8dfe5,88_11.py
276,258,e0fb8826d735b24ab549e7a95333c1d09376394e2356be3e7266913757c8dfe5,88_5.py
277,149,3164d6b6aacd71478b3fd218809d4822b696a8176bc311971dd5794f0d76c240,91_1.py
277,149,3164d6b6aacd71478b3fd218809d4822b696a8176bc311971dd5794f0d76c240,91_10.py
278,115,4992a1febc848e93df503442470cd295c5689f530bf6f9129ba9a8a30ad43700,92_0.py
278,115,4992a1febc848e93df503442470cd295c5689f530bf6f9129ba9a8a30ad43700,92_10_2.py
278,115,4992a1febc848e93df503442470cd295c5689f530bf6f9129ba9a8a30ad43700,92_14.py
279,529,c77c8e8ee7900d237de9a47587a77ce81418f71326c922a37ff38ee01cb94e99,94_1.py
279,529,c77c8e8ee7900d237de9a47587a77ce81418f71326c922a37ff38ee01cb94e99,94_11.py
280,777,965153b433c66dd393f4228968d50533e0a3cf5ad8db8c674de8f5398a4b4931,94_12_1.py
280,777,965153b433c66dd393f4228968d50533e0a3cf5ad8db8c674de8f5398a4b4931,94_2.py
281,785,3bf50def0e868d4cc388b0a40751071b59205286c268633672cd1804ba5fe758,94_12_2.py
281,785,3bf50def0e868d4cc388b0a40751071b59205286c268633672cd1804ba5fe758,94_2_1.py
282,115,bec824cbb21ea5075235f7de3363c21c587dc5e5e6550c6121d379b70d822aa1,94_13_2.py
282,115,bec824cbb21ea5075235f7de3363c21c587dc5e5e6550c6121d379b70d822aa1,94_3.py
283,1306,03839f8b418291b7322b7c23750ff96e84d052db4e822e92cd41374e2e83c4d3,9_1.py
283,1306,03839f8b418291b7322b7c23750ff96e84d052db4e822e92cd41374e2e83c4d3,merge_3_9_1.py
284,1767,9cd36d38b71fe5838820269d4e57230278514e3d8009f0cb4e8a51aa0b5270ab,9_2.py
284,1767,9cd36d38b71fe5838820269d4e57230278514e3d8009f0cb4e8a51aa0b5270ab,merge_3_9_2.py
285,1479,15d1758cd268a0101982b7eddff884e99413d5c0a1e2dea13bf09578882606d3,9_3.py
285,1479,15d1758cd268a0101982b7eddff884e99413d5c0a1e2dea13bf09578882606d3,merge_3_9_3.py
286,1401,c1803a972fbeab01b569690caf82f370efb28b1ac3559a5985ade0d0aebc3788,9_4.py
286,1401,c1803a972fbeab01b569690caf82f370efb28b1ac3559a5985ade0d0aebc3788,merge_3_9_4.py
287,272,f6f58d81ff726973002deebdab868113182da1e566cd0f7b210443ed6bbec4ce,data_filip__10_0_3.py
287,272,f6f58d81ff726973002deebdab868113182da1e566cd0f7b210443ed6bbec4ce,data_filip__10_7_1.py
288,358,58c02479e15964f995cbc789cbb588360636a8effbc39225415002b2bcd1e099,data_filip__11_10_10.py
288,358,58c02479e15964f995cbc789cbb588360636a8effbc39225415002b2bcd1e099,data_filip__11_6_8.py
289,202,b305bd83191f7b88b420471815c8344e1e7bd7a0031e2963d4594875c6d90a7b,data_filip__13_12_10.py
289,202,b305bd83191f7b88b420471815c8344e1e7bd7a0031e2963d4594875c6d90a7b,data_filip__13_8_13.py
290,564,93a3a17fa0853797f516ae6648d4648a1ea5140e185b22261dd816a75b539615,data_filip__16_4_9.py
290,564,93a3a17fa0853797f516ae6648d4648a1ea5140e185b22261dd816a75b539615,data_filip__25_10_6.py
291,518,2dd3bc7455637669c4250c2401ca2669dc6b9cafbac50ecdb3d0ad0f7507e812,data_filip__17_8_17.py
291,518,2dd3bc7455637669c4250c2401ca2669dc6b9cafbac50ecdb3d0ad0f7507e812,data_filip__18_0_8.py
292,540,11ed5af4c259463f5923f618249bf0a8a4de4fa37b7fb41175017fbaf72a210f,data_filip__19_10_18.py
292,540,11ed5af4c259463f5923f618249bf0a8a4de4fa37b7fb41175017fbaf72a210f,data_filip__25_3_2.py
293,528,dee1f6a149087fa401e63f77b7f3224551d7b413ac75204726fbef296e4d1b9b,data_filip__20_3_11.py
293,528,dee1f6a149087fa401e63f77b7f3224551d7b413ac75204726fbef296e4d1b9b,data_filip__26_9_5.py
294,345,37822cd4ff90450d7702a343bcdcea47f9bbdf48379471c11ea057681b793c5d,data_filip__2_14_8.py
294,345,37822cd4ff90450d7702a343bcdcea47f9bbdf48379471c11ea057681b793c5d,data_filip__2_2_12.py
295,314,990b0cce3a23340ba8fa41cf63c93e4e76204bd48bbecdb01434019edae9e635,data_filip__2_2_3.py
295,314,990b0cce3a23340ba8fa41cf63c93e4e76204bd48bbecdb01434019edae9e635,data_filip__2_6_9.py
296,134,0a084f1251476b4ceef88742da83d0b66464b16d5d0691cb7afb231d62cdb5b9,data_filip__2_3_9.py
296,134,0a084f1251476b4ceef88742da83d0b66464b16d5d0691cb7afb231d62cdb5b9,data_werka_1__31_3_26.py
297,246,9c43cbac5cfd28fb835958e7a94e63435b54ef1e0353ad67e92803c2aafc0c9c,data_filip__3_0_13.py
297,246,9c43cbac5cfd28fb835958e7a94e63435b54ef1e0353ad67e92803c2aafc0c9c,data_filip__3_7_7.py
298,273,3abd05b8cfca40909a9366ac5622c8d5f5b9a3ab4256cfef9044cab7d13ef079,data_filip__3_10_16.py
298,273,3abd05b8cfca40909a9366ac5622c8d5f5b9a3ab4256cfef9044cab7d13ef079,data_filip__3_9_2.py
299,181,35b269e5ff13c42bd08a51e111419565ddaf517cc805043c26f826003dc43e3c,data_filip__3_13_8.py
299,181,35b269e5ff13c42bd08a51e111419565ddaf517cc805043c26f826003dc43e3c,data_filip__3_4_3.py
300,256,47dc347466dd8d205836639a897684856ce88b9af4f18c64f48ec0fa43ec1163,data_filip__3_3_10.py
300,256,47dc347466dd8d205836639a897684856ce88b9af4f18c64f48ec0fa43ec1163,data_filip__3_7_1.py
301,213,ddefc9a2d8001af79ac2767455acae8584d999fbfafda7957b0b41c4db624cc0,data_filip__3_4_2.py
301,213,ddefc9a2d8001af79ac2767455acae8584d999fbfafda7957b0b41c4db624cc0,data_filip__3_7_5.py
302,244,0bd53de7fb41f38f3b8fd39599012771765a18e0d3d083290e1a2db71512f491,data_filip__3_4_6.py
302,244,0bd53de7fb41f38f3b8fd39599012771765a18e0d3d083290e1a2db71512f491,data_filip__3_7_4.py
303,316,143518d0240bc6667c9f7e7a41015a605ee2f93bb8d1786f4880f2c5768be5e4,data_filip__4_10_2.py
303,316,143518d0240bc6667c9f7e7a41015a605ee2f93bb8d1786f4880f2c5768be5e4,data_filip__4_8_16.py
304,322,e8c9a5ef31fd3780979c66fa965722283603c635771efc0374866fd3fa49669b,data_filip__4_13_3.py
304,322,e8c9a5ef31fd3780979c66fa965722283603c635771efc0374866fd3fa49669b,data_filip__4_8_18.py
305,279,2eb00c600ec5434243b6b0a9cf88768b0028aaad02b0727e50000f41a7e118ba,data_filip__4_13_5.py
305,279,2eb00c600ec5434243b6b0a9cf88768b0028aaad02b0727e50000f41a7e118ba,data_filip__4_9_19.py
306,347,d90a5c809b035354076faa5f98d8784a1a3cf27722b3a5375bb3f87ae7a90260,data_filip__4_2_7.py
306,347,d90a5c809b035354076faa5f98d8784a1a3cf27722b3a5375bb3f87ae7a90260,data_filip__4_6_10.py
307,206,0dde510339d2744d2e322b252b593ee6231f77e5ef46deb8abcb84d804a433ce,data_filip__5_0_14.py
307,206,0dde510339d2744d2e322b252b593ee6231f77e5ef46deb8abcb84d804a433ce,data_filip__5_5_12.py
308,251,cfd347356a8962ea8d0bbcfa797668a41adce3d2f0c0389fa93d9dbd9e788ee7,data_filip__6_0_10.py
308,251,cfd347356a8962ea8d0bbcfa797668a41adce3d2f0c0389fa93d9dbd9e788ee7,data_filip__6_14_3.py
309,241,2ea1d0e53c430e3e93d8e08e5a5a7464beebb258437348a8b023e38cd5eb0f38,data_filip__6_0_12.py
309,241,2ea1d0e53c430e3e93d8e08e5a5a7464beebb258437348a8b023e38cd5eb0f38,data_filip__6_14_5.py
310,235,6affddb90518bc0ab4e1f3ed2f63a370995d74aaa2f22b54ef39601c581d7ef4,data_filip__6_0_15.py
310,235,6affddb90518bc0ab4e1f3ed2f63a370995d74aaa2f22b54ef39601c581d7ef4,data_filip__6_10_7.py
311,232,f6b9453c0145379e1cb86e80a5f4d70242aa0a371028aacc24b5a4b34c5c5c50,data_filip__6_0_17.py
311,232,f6b9453c0145379e1cb86e80a5f4d70242aa0a371028aacc24b5a4b34c5c5c50,data_filip__6_6_20.py
312,189,baaf53ad4be87e4b6ee994bd57657dd336d7ba0e262063f83d82e572dc503513,data_filip__6_0_18.py
312,189,baaf53ad4be87e4b6ee994bd57657dd336d7ba0e262063f83d82e572dc503513,data_filip__6_9_14.py
313,226,abd363cadb925eecda01d71cdcb9166e0ac7be1f1307d73d5704b5a369f54fb5,data_filip__6_0_2.py
313,226,abd363cadb925eecda01d71cdcb9166e0ac7be1f1307d73d5704b5a369f54fb5,data_filip__6_9_20.py
314,249,1913cc2a47982db431b300b460366c720932ad26c4aa4449a3ca3df2b97aa305,data_filip__6_10_14.py
314,249,1913cc2a47982db431b300b460366c720932ad26c4aa4449a3ca3df2b97aa305,data_filip__6_5_13.py
315,235,a1c0d9f58a5df6dac93a2d04cfded68e44d158e4de11bdd52e7bc897519f203a,data_filip__6_10_16.py
315,235,a1c0d9f58a5df6dac93a2d04cfded68e44d158e4de11bdd52e7bc897519f203a,data_filip__6_13_3.py
315,235,a1c0d9f58a5df6dac93a2d04cfded68e44d158e4de11bdd52e7bc897519f203a,data_filip__6_14_11.py
316,237,ef05ee1bb621803e40d125542fbe7402e098e4571a2990a2cc2dad0d25b33426,data_filip__6_10_19.py
316,237,ef05ee1bb621803e40d125542fbe7402e098e4571a2990a2cc2dad0d25b33426,data_filip__6_14_12.py
317,230,a3ebbba0a751ff6b076ba17b3bd638e24f4142d51901514864dd4acc3bedb43f,data_filip__6_10_3.py
317,230,a3ebbba0a751ff6b076ba17b3bd638e24f4142d51901514864dd4acc3bedb43f,data_filip__6_11_10.py
317,230,a3ebbba0a751ff6b076ba17b3bd638e24f4142d51901514864dd4acc3bedb43f,data_filip__6_14_6.py
318,226,dc9a881745c4be31ec4c603936b41d0ea9d76321743b0f12ae0708c9094ef932,data_filip__6_10_5.py
318,226,dc9a881745c4be31ec4c603936b41d0ea9d76321743b0f12ae0708c9094ef932,data_filip__6_3_8.py
318,226,dc9a881745c4be31ec4c603936b41d0ea9d76321743b0f12ae0708c9094ef932,data_filip__6_5_4.py
318,226,dc9a881745c4be31ec4c603936b41d0ea9d76321743b0f12ae0708c9094ef932,data_filip__6_7_4.py
319,225,e36f70f0a4e5b9bb241d67e6156c02bee3e8f7b33b39bb9c95c34b103455ca07,data_filip__6_11_15.py
319,225,e36f70f0a4e5b9bb241d67e6156c02bee3e8f7b33b39bb9c95c34b103455ca07,data_filip__6_1_10.py
319,225,e36f70f0a4e5b9bb241d67e6156c02bee3e8f7b33b39bb9c95c34b103455ca07,data_filip__6_5_20.py
320,202,a9854a5a76a8db6fa451f0324c292229d3723301cac6889ded5e800f390444a9,data_filip__6_11_3.py
320,202,a9854a5a76a8db6fa451f0324c292229d3723301cac6889ded5e800f390444a9,data_filip__6_9_12.py
321,221,74aeeca7295c147038556546a2e0535ea69ec56ca26f19540a72b3c847fbf34a,data_filip__6_11_5.py
321,221,74aeeca7295c147038556546a2e0535ea69ec56ca26f19540a72b3c847fbf34a,data_filip__6_1_11.py
322,230,a9d3c814c257e5ec31827c4b2155205d4178b0688351cac835e9064267eb6dd7,data_filip__6_12_4.py
322,230,a9d3c814c257e5ec31827c4b2155205d4178b0688351cac835e9064267eb6dd7,data_filip__6_3_19.py
323,229,b7c878ff53ed622c2fc7e3d689b893e33661486abbb17f443d070c935de99431,data_filip__6_12_7.py
323,229,b7c878ff53ed622c2fc7e3d689b893e33661486abbb17f443d070c935de99431,data_filip__6_14_15.py
323,229,b7c878ff53ed622c2fc7e3d689b893e33661486abbb17f443d070c935de99431,data_filip__6_3_18.py
324,187,3c364c82d31e67a50c521bd4ec8a76a3371e47af4f683d51e1c97c35c45f08e9,data_filip__6_13_1.py
324,187,3c364c82d31e67a50c521bd4ec8a76a3371e47af4f683d51e1c97c35c45f08e9,data_filip__6_3_2.py
324,187,3c364c82d31e67a50c521bd4ec8a76a3371e47af4f683d51e1c97c35c45f08e9,data_filip__6_7_5.py
324,187,3c364c82d31e67a50c521bd4ec8a76a3371e47af4f683d51e1c97c35c45f08e9,data_filip__6_9_2.py
325,196,3447a7f8f8d96337ef7ab22ecf388fa08e2f7597af2e634d76228a8cfa82d3a3,data_filip__6_3_7.py
325,196,3447a7f8f8d96337ef7ab22ecf388fa08e2f7597af2e634d76228a8cfa82d3a3,data_filip__6_9_10.py
326,253,3e1ea40dbf905072485bf714d897a73e7198347d9509eff32972ed2249624a1f,data_filip__6_5_3.py
326,253,3e1ea40dbf905072485bf714d897a73e7198347d9509eff32972ed2249624a1f,data_filip__6_6_18.py
327,233,f4bc1e8f3417caa91a40bc99a2b18230fe591b52ed76ebc34e7094a34c96b459,data_filip__6_5_5.py
327,233,f4bc1e8f3417caa91a40bc99a2b18230fe591b52ed76ebc34e7094a34c96b459,data_filip__6_7_15.py
327,233,f4bc1e8f3417caa91a40bc99a2b18230fe591b52ed76ebc34e7094a34c96b459,data_filip__6_9_17.py
328,218,6a18a29815e3a67d26050c368cd3383c2c0e30b471d8b4119827c25ce0ee56da,data_filip__6_7_12.py
328,218,6a18a29815e3a67d26050c368cd3383c2c0e30b471d8b4119827c25ce0ee56da,data_filip__6_9_1.py
329,231,8fa2ec636e5ed0084a2d91d2e9fd107505032bb8f4e3a848d505b31e8ef79e68,data_filip__8_10_14.py
329,231,8fa2ec636e5ed0084a2d91d2e9fd107505032bb8f4e3a848d505b31e8ef79e68,data_filip__8_9_17.py
330,206,639246518febb97d66a33b4d92593f388edac5d3a55eee6e286871a546c05abf,data_filip__8_2_12.py
330,206,639246518febb97d66a33b4d92593f388edac5d3a55eee6e286871a546c05abf,data_filip__8_4_1.py
331,169,f13461b8f9707d2f35b32543d1465bc9a8cccb2438c1c36e76847c9327c8cfcb,data_filip__9_0_12.py
331,169,f13461b8f9707d2f35b32543d1465bc9a8cccb2438c1c36e76847c9327c8cfcb,data_filip__9_14_18.py
332,198,52a04a1868ece3d5b89021e557085bd1822bfdd42bfba1f79b577270b0ba44b5,data_filip__9_0_15.py
332,198,52a04a1868ece3d5b89021e557085bd1822bfdd42bfba1f79b577270b0ba44b5,data_filip__9_10_13.py
333,169,0ab772c0b8e73896b80439bb06ccacb256dcd51b7da55df0e0dd40fdc2a73c99,data_moje__0_11_10.py
333,169,0ab772c0b8e73896b80439bb06ccacb256dcd51b7da55df0e0dd40fdc2a73c99,data_werka_1__0_11_23.py
334,184,568d699f95d0d8ee7f6d17dca109c288996395a4833601be1a1e25c29ffb75ce,data_moje__0_2.py
334,184,568d699f95d0d8ee7f6d17dca109c288996395a4833601be1a1e25c29ffb75ce,data_werka_1__0_2_27.py
335,204,aae14eb2e200a4a3f0ad80482679ba9c20eebfb2f81f02ba15ae8c73274490bd,data_moje__0_2_17.py
335,204,aae14eb2e200a4a3f0ad80482679ba9c20eebfb2f81f02ba15ae8c73274490bd,data_werka_1__0_2_24.py
336,299,f1cdaed6486d1b55137796d8a03e9d82120d781c9766e3b1b791f457fffc8f71,data_moje__0_7_19.py
336,299,f1cdaed6486d1b55137796d8a03e9d82120d781c9766e3b1b791f457fffc8f71,data_werka_1__0_7_22.py
337,145,7fe65ebf54009fb36dbf4668613c3f9ee68ef89aca89710de56ac24ba47a06e7,data_moje__10_0_3.py
337,145,7fe65ebf54009fb36dbf4668613c3f9ee68ef89aca89710de56ac24ba47a06e7,data_moje__10_14_6.py
338,172,0582de0dd13104c2c36dd78a5c11d7dc367e03b787f0b88642331d3c2cb193f3,data_moje__10_10_15.py
338,172,0582de0dd13104c2c36dd78a5c11d7dc367e03b787f0b88642331d3c2cb193f3,data_moje__16_0_12.py
339,157,c25e9aadf5ed2bf8598699cc7366fc31946ada3d1b5a2853b0079aaf7dbc3087,data_moje__10_10_6.py
339,157,c25e9aadf5ed2bf8598699cc7366fc31946ada3d1b5a2853b0079aaf7dbc3087,data_moje__10_14_7.py
340,153,32e34a56f3f7873a6c6a96225f35472df4362cef4081a079cfaa93356da8f6f5,data_moje__11_0.py
340,153,32e34a56f3f7873a6c6a96225f35472df4362cef4081a079cfaa93356da8f6f5,data_moje__11_10_5.py
340,153,32e34a56f3f7873a6c6a96225f35472df4362cef4081a079cfaa93356da8f6f5,data_moje__11_13_2.py
340,153,32e34a56f3f7873a6c6a96225f35472df4362cef4081a079cfaa93356da8f6f5,data_werka_2__60_7_20.py
341,174,14dac9b666727b0c12808fa721610666533b771ac168886dc0f089f9c2e84cfc,data_moje__11_0_1.py
341,174,14dac9b666727b0c12808fa721610666533b771ac168886dc0f089f9c2e84cfc,data_moje__11_10_3.py
341,174,14dac9b666727b0c12808fa721610666533b771ac168886dc0f089f9c2e84cfc,data_moje__17_6_1.py
342,179,abda91fee6f296705128cc7c2a68872df2fc6076bbd1e66148a31189f071c401,data_moje__11_0_8.py
342,179,abda91fee6f296705128cc7c2a68872df2fc6076bbd1e66148a31189f071c401,data_moje__11_10_1.py
342,179,abda91fee6f296705128cc7c2a68872df2fc6076bbd1e66148a31189f071c401,data_moje__17_6_3.py
342,179,abda91fee6f296705128cc7c2a68872df2fc6076bbd1e66148a31189f071c401,data_moje__17_8_8.py
343,158,25c4979b479c6d12eab63c88c72864b35bf4f78e406f404d849afe00e9b03909,data_moje__11_0_9.py
343,158,25c4979b479c6d12eab63c88c72864b35bf4f78e406f404d849afe00e9b03909,data_moje__11_10_14.py
343,158,25c4979b479c6d12eab63c88c72864b35bf4f78e406f404d849afe00e9b03909,data_werka_1__60_0_11.py
343,158,25c4979b479c6d12eab63c88c72864b35bf4f78e406f404d849afe00e9b03909,data_werka_1__60_3_8.py
343,158,25c4979b479c6d12eab63c88c72864b35bf4f78e406f404d849afe00e9b03909,data_werka_1__60_7_3.py
344,183,9618a647570165109f1e19226c5e3a45ef47516a885d5b44330a930ac798a0cb,data_moje__11_10_12.py
344,183,9618a647570165109f1e19226c5e3a45ef47516a885d5b44330a930ac798a0cb,data_moje__17_6_11.py
345,181,bcca0e820ce84ba66abb2995b3acbbc31b6cd3584cca287f20ce266b4d897238,data_moje__11_10_2.py
345,181,bcca0e820ce84ba66abb2995b3acbbc31b6cd3584cca287f20ce266b4d897238,data_moje__17_8_9.py
346,192,effe67ebb6aeae23196a1a7f7a5f22123ff1d9a9942ce1b88803a724de2ded4a,data_moje__14_10_3.py
346,192,effe67ebb6aeae23196a1a7f7a5f22123ff1d9a9942ce1b88803a724de2ded4a,data_moje__14_8_13.py
347,180,18cd503d7a699fe7137b6a9810cfef7d8ac914279486961ffa387328a95fa582,data_moje__14_10_9.py
347,180,18cd503d7a699fe7137b6a9810cfef7d8ac914279486961ffa387328a95fa582,data_moje__14_8_19.py
348,180,8c65e69b410b168cfc2b90f3205572baf7205e74acb930918ec20525f7ff8755,data_moje__14_14.py
348,180,8c65e69b410b168cfc2b90f3205572baf7205e74acb930918ec20525f7ff8755,data_moje__14_8.py
349,175,5b41605fff36000f2a518e58e53611b6f103ccaf1fa8745f3c07d01ad785285c,data_moje__15_0.py
349,175,5b41605fff36000f2a518e58e53611b6f103ccaf1fa8745f3c07d01ad785285c,data_moje__15_12_1.py
350,199,9ff5bada8e9fa6876da06f554476cb8eb595e24f77a360e147f8ca8eba4d5184,data_moje__15_0_15.py
350,199,9ff5bada8e9fa6876da06f554476cb8eb595e24f77a360e147f8ca8eba4d5184,data_moje__15_2_17.py
351,170,bab2888d5ef6771c4c8e8fb7b242e84f476e012eb3558f877d89c235a6340097,data_moje__15_0_18.py
351,170,bab2888d5ef6771c4c8e8fb7b242e84f476e012eb3558f877d89c235a6340097,data_moje__15_12_3.py
352,183,45f8c2c7ec90cdde01bc1aab46d22419e0537e06935e09a1062a3a522708706a,data_moje__15_0_2.py
352,183,45f8c2c7ec90cdde01bc1aab46d22419e0537e06935e09a1062a3a522708706a,data_moje__15_12_4.py
352,183,45f8c2c7ec90cdde01bc1aab46d22419e0537e06935e09a1062a3a522708706a,data_moje__15_14_8.py
352,183,45f8c2c7ec90cdde01bc1aab46d22419e0537e06935e09a1062a3a522708706a,data_moje__15_8_10.py
353,162,bf2f923ca82b80ee0e0a0bb6fc9a7cd61dc7267747b1c77c1269c876ca8fd07a,data_moje__15_0_9.py
353,162,bf2f923ca82b80ee0e0a0bb6fc9a7cd61dc7267747b1c77c1269c876ca8fd07a,data_moje__15_12_8.py
354,157,238b056fcd25ce7593d063122a7474b66911942af7544b9635ac4482e6c5aaf9,data_moje__15_12_17.py
354,157,238b056fcd25ce7593d063122a7474b66911942af7544b9635ac4482e6c5aaf9,data_moje__15_8_11.py
355,264,e70bb76bb44cf13001cc8fc49090c598c6c3ad1272165d24b9353cd055fa19cb,data_moje__15_13_14.py
355,264,e70bb76bb44cf13001cc8fc49090c598c6c3ad1272165d24b9353cd055fa19cb,data_moje__15_4_8.py
356,177,efac90564d83db87cf184e4aadcdeb8cea3f638fa59ce960de318f5998096ba4,data_moje__15_2_9.py
356,177,efac90564d83db87cf184e4aadcdeb8cea3f638fa59ce960de318f5998096ba4,data_moje__15_3.py
357,264,47537eccd13030141f53b63867ef758c735c9cd6c214179e31226d570ada3e45,data_moje__17_0_2.py
357,264,47537eccd13030141f53b63867ef758c735c9cd6c214179e31226d570ada3e45,data_moje__17_6_16.py
358,249,72f821c111dc45de946c22f6ec904f0b42f9f7071bd3a193f38f03af4234bfe3,data_moje__17_0_8.py
358,249,72f821c111dc45de946c22f6ec904f0b42f9f7071bd3a193f38f03af4234bfe3,data_moje__17_8.py
359,217,d3193599a317ba5756a2b28818fc132a1729e80794c582bd1342f01b1a26f48f,data_moje__17_6_17.py
359,217,d3193599a317ba5756a2b28818fc132a1729e80794c582bd1342f01b1a26f48f,data_moje__17_8_16.py
360,211,491a76474846d56dd3621c7029c1fc81db9d826836f7a896f626de32757a54fb,data_moje__19_0_3.py
360,211,491a76474846d56dd3621c7029c1fc81db9d826836f7a896f626de32757a54fb,data_moje__19_10_2.py
361,174,025b41c95251e6bc052e653fe6b6cd9864b75e161b4954e972630c9c36ccac42,data_moje__20_0.py
361,174,025b41c95251e6bc052e653fe6b6cd9864b75e161b4954e972630c9c36ccac42,data_moje__20_7_2.py
362,185,81954e5a2380fef6b0a6ac2fca1336fff3917a19c58cb66fc82756068760aca9,data_moje__20_0_1.py
362,185,81954e5a2380fef6b0a6ac2fca1336fff3917a19c58cb66fc82756068760aca9,data_moje__20_12_17.py
362,185,81954e5a2380fef6b0a6ac2fca1336fff3917a19c58cb66fc82756068760aca9,data_moje__20_7_14.py
363,161,7b5802dd433e5ba7f7a097170e7adf59247180f2da0998dac48298ecaab63224,data_moje__20_0_14.py
363,161,7b5802dd433e5ba7f7a097170e7adf59247180f2da0998dac48298ecaab63224,data_moje__20_6_14.py
363,161,7b5802dd433e5ba7f7a097170e7adf59247180f2da0998dac48298ecaab63224,data_moje__20_7_6.py
364,114,8d3497c7fa3aa964c2d7cee210cb7213f099c4a57bd84559b156a7a306aa8e60,data_moje__20_0_18.py
364,114,8d3497c7fa3aa964c2d7cee210cb7213f099c4a57bd84559b156a7a306aa8e60,data_moje__20_12_12.py
364,114,8d3497c7fa3aa964c2d7cee210cb7213f099c4a57bd84559b156a7a306aa8e60,data_moje__20_7_4.py
365,185,4fb91c5b547650cf1f46ba4144b76f1ff6477a147424a4fc263f9a0ea42112ee,data_moje__20_0_2.py
365,185,4fb91c5b547650cf1f46ba4144b76f1ff6477a147424a4fc263f9a0ea42112ee,data_moje__20_4.py
365,185,4fb91c5b547650cf1f46ba4144b76f1ff6477a147424a4fc263f9a0ea42112ee,data_moje__20_6_15.py
365,185,4fb91c5b547650cf1f46ba4144b76f1ff6477a147424a4fc263f9a0ea42112ee,data_moje__20_7_9.py
366,185,8046ec0b49b3125de2a5ea8b3a4b61fa2e3d97d5433b976a52e6517060210da8,data_moje__20_0_3.py
366,185,8046ec0b49b3125de2a5ea8b3a4b61fa2e3d97d5433b976a52e6517060210da8,data_moje__20_4_19.py
367,161,50c32da01fd3873308663bba0b62dfa47e88adfccd7ad60398dc3ecdd853b2b0,data_moje__20_0_4.py
367,161,50c32da01fd3873308663bba0b62dfa47e88adfccd7ad60398dc3ecdd853b2b0,data_moje__20_5_14.py
367,161,50c32da01fd3873308663bba0b62dfa47e88adfccd7ad60398dc3ecdd853b2b0,data_moje__20_7_16.py
368,114,99dfe84bf7ee914d2667f5df12183a7f9761bf181f8873e584dd513d5273302a,data_moje__20_0_9.py
368,114,99dfe84bf7ee914d2667f5df12183a7f9761bf181f8873e584dd513d5273302a,data_moje__20_7.py
369,127,3cb2701c3dc08b992e12d13e4898e4e06261c4fdc07391a3818457991ab96aaa,data_moje__20_12_13.py
369,127,3cb2701c3dc08b992e12d13e4898e4e06261c4fdc07391a3818457991ab96aaa,data_moje__20_7_12.py
370,147,519097a329875b5023d472070f56fe2c414dec3b99f0e5072d7f26e2d478659c,data_moje__20_12_5.py
370,147,519097a329875b5023d472070f56fe2c414dec3b99f0e5072d7f26e2d478659c,data_moje__20_2_17.py
371,124,fb7f0659ad45e553e88f54e65803f224896c4e20aa5ead3ad488d9a3f302d76c,data_moje__20_12_9.py
371,124,fb7f0659ad45e553e88f54e65803f224896c4e20aa5ead3ad488d9a3f302d76c,data_moje__20_2_2.py
372,116,97629ab0256c3b00957002d0a50f7a6be02167d271e5ba41233aa2f488cddb55,data_moje__20_1_4.py
372,116,97629ab0256c3b00957002d0a50f7a6be02167d271e5ba41233aa2f488cddb55,data_moje__20_9_3.py
373,163,02a0aacda6709b60253c86535c9167bd6956be36cba6a475240fb7b82832ee72,data_moje__20_1_5.py
373,163,02a0aacda6709b60253c86535c9167bd6956be36cba6a475240fb7b82832ee72,data_moje__20_6_9.py
374,174,0eed1e18f146987329b40057cd28bac1dd99a48717c1cc54556703f2cd1a518e,data_moje__20_3_19.py
374,174,0eed1e18f146987329b40057cd28bac1dd99a48717c1cc54556703f2cd1a518e,data_moje__20_7_18.py
375,185,8e01f41bbddf8bb9e9a4c1104cb50023d6e9b0804fea6212ff4e317f0184ed62,data_moje__20_6_7.py
375,185,8e01f41bbddf8bb9e9a4c1104cb50023d6e9b0804fea6212ff4e317f0184ed62,data_moje__20_7_19.py
376,139,053ad64bc8521857d6cb1f02e0d095caef073b584eb9508f0451fc727acafc2f,data_moje__21_0_1.py
376,139,053ad64bc8521857d6cb1f02e0d095caef073b584eb9508f0451fc727acafc2f,data_moje__21_5_12.py
377,147,130edf498456abefefecc0611313d35937fc0c75bd755b8848d85476f9cb14a3,data_moje__21_0_10.py
377,147,130edf498456abefefecc0611313d35937fc0c75bd755b8848d85476f9cb14a3,data_moje__21_5_1.py
378,139,c44ba274250e992a34ace8ea266cd3c585d844a837f7fb073fa6cdb5d0096513,data_moje__21_0_2.py
378,139,c44ba274250e992a34ace8ea266cd3c585d844a837f7fb073fa6cdb5d0096513,data_moje__21_10_19.py
379,172,d0c900f2f27d2b5cea822c85124cbbfb2bafefd36e8979326e4168bc9122bf14,data_moje__21_0_7.py
379,172,d0c900f2f27d2b5cea822c85124cbbfb2bafefd36e8979326e4168bc9122bf14,data_moje__21_10_3.py
380,260,4aa7a4ce38b979ad562cb7c041be809db35e23db4168e6d1a00ac358ffcc2846,data_moje__21_1_8.py
380,260,4aa7a4ce38b979ad562cb7c041be809db35e23db4168e6d1a00ac358ffcc2846,data_moje__21_4_3.py
381,218,0976d344df2b9f45e176337062f30475b716c0e0eb3bdf5a87063214a3ed3b7e,data_moje__21_5_17.py
381,218,0976d344df2b9f45e176337062f30475b716c0e0eb3bdf5a87063214a3ed3b7e,data_moje__21_9_6.py
382,243,b31bc324365d9f48cc754cc218d27fa42e2831593dddfbc3ababa835fc8f6359,data_moje__21_5_2.py
382,243,b31bc324365d9f48cc754cc218d27fa42e2831593dddfbc3ababa835fc8f6359,data_moje__21_9_5.py
383,235,acfad2460eeb4268db9ccb3a23f15d0242e075eeacbdeb678622e7d3611c0316,data_moje__21_8_11.py
383,235,acfad2460eeb4268db9ccb3a23f15d0242e075eeacbdeb678622e7d3611c0316,data_moje__21_9_2.py
384,332,ff07ce31669952e03fc82b850540d063c6283c0ed026dc931b83ddac18acc9fe,data_moje__24_0.py
384,332,ff07ce31669952e03fc82b850540d063c6283c0ed026dc931b83ddac18acc9fe,data_moje__24_3.py
384,332,ff07ce31669952e03fc82b850540d063c6283c0ed026dc931b83ddac18acc9fe,data_moje__24_7_13.py
385,332,06bc3205eb72ce7f5f701ae218b06774f6794a0cb590cb603137b17f2302a4cc,data_moje__24_0_12.py
385,332,06bc3205eb72ce7f5f701ae218b06774f6794a0cb590cb603137b17f2302a4cc,data_moje__24_7_8.py
386,246,c637347a7bf7b8feb4b4184044d6f2108f17b8f681a8a58d7c383835b3fca0f4,data_moje__24_0_13.py
386,246,c637347a7bf7b8feb4b4184044d6f2108f17b8f681a8a58d7c383835b3fca0f4,data_moje__24_10_18.py
386,246,c637347a7bf7b8feb4b4184044d6f2108f17b8f681a8a58d7c383835b3fca0f4,data_moje__24_2_6.py
386,246,c637347a7bf7b8feb4b4184044d6f2108f17b8f681a8a58d7c383835b3fca0f4,data_moje__24_3_1.py
386,246,c637347a7bf7b8feb4b4184044d6f2108f17b8f681a8a58d7c383835b3fca0f4,data_moje__24_7_1.py
386,246,c637347a7bf7b8feb4b4184044d6f2108f17b8f681a8a58d7c383835b3fca0f4,data_moje__24_9_3.py
387,296,092c250b69d579320922a01e892564e3a9ec119ceafa848512870a3580545940,data_moje__24_0_15.py
387,296,092c250b69d579320922a01e892564e3a9ec119ceafa848512870a3580545940,data_moje__24_3_4.py
388,246,517134f1bd1995027eb6fa898d61d07d66212f707ae739609dc750c959f7e2fa,data_moje__24_0_7.py
388,246,517134f1bd1995027eb6fa898d61d07d66212f707ae739609dc750c959f7e2fa,data_moje__24_10_1.py
389,301,ca49b7d7465df83bf23860f70defc1452de9293dc831f4f45856cd07a81757cd,data_moje__24_1.py
389,301,ca49b7d7465df83bf23860f70defc1452de9293dc831f4f45856cd07a81757cd,data_moje__24_8_2.py
390,259,a11cdb262ae79182f9c0f62442104d0603b060f075d250011b5e9dbd922c3deb,data_moje__24_10.py
390,259,a11cdb262ae79182f9c0f62442104d0603b060f075d250011b5e9dbd922c3deb,data_moje__24_2_5.py
390,259,a11cdb262ae79182f9c0f62442104d0603b060f075d250011b5e9dbd922c3deb,data_moje__24_3_7.py
391,301,5b9ef3f83084b8e0ab02450f1b468ccde5159b9058a83fe6a9585929c445992c,data_moje__24_1_18.py
391,301,5b9ef3f83084b8e0ab02450f1b468ccde5159b9058a83fe6a9585929c445992c,data_moje__24_8_8.py
392,244,ee11a918ca8337cec3158be2b24849cd25b9df1bbee9666a7a2a79d9a27b837d,data_moje__24_2.py
392,244,ee11a918ca8337cec3158be2b24849cd25b9df1bbee9666a7a2a79d9a27b837d,data_moje__24_7_6.py
392,244,ee11a918ca8337cec3158be2b24849cd25b9df1bbee9666a7a2a79d9a27b837d,data_moje__24_9.py
393,444,8b19c299f5987e18d8cdf56993e1f6c7fa4687f5acf0bb4acc85af87bb3eeb65,data_moje__27_12_4.py
393,444,8b19c299f5987e18d8cdf56993e1f6c7fa4687f5acf0bb4acc85af87bb3eeb65,data_moje__27_2_19.py
394,235,ee8e2329b128092cd1e0df1fb45a6be1982dd91b128f696f8124679906903c2e,data_moje__27_14_4.py
394,235,ee8e2329b128092cd1e0df1fb45a6be1982dd91b128f696f8124679906903c2e,data_moje__27_2.py
394,235,ee8e2329b128092cd1e0df1fb45a6be1982dd91b128f696f8124679906903c2e,data_moje__27_8_8.py
395,172,4d9654ffbd11c08546b251073f8a121cf8fc239343b2c8a3911e3c31b2e884f9,data_moje__28_0.py
395,172,4d9654ffbd11c08546b251073f8a121cf8fc239343b2c8a3911e3c31b2e884f9,data_moje__28_8_15.py
396,172,520c15d2947262b167b11573743ae1bd11ab5f5dfcc6976a79439630901bc29d,data_moje__28_0_10.py
396,172,520c15d2947262b167b11573743ae1bd11ab5f5dfcc6976a79439630901bc29d,data_moje__28_8_5.py
397,231,4edca8cb2b84e596114ca4e7b09a5320ce31647d356391491dd48a5f11721129,data_moje__29_0_18.py
397,231,4edca8cb2b84e596114ca4e7b09a5320ce31647d356391491dd48a5f11721129,data_moje__29_10_10.py
398,243,fcf9b2768e8013bd0b8572fccc499338fb2bed4c6dfa4e29f5f3381b6e7c5f27,data_moje__29_0_5.py
398,243,fcf9b2768e8013bd0b8572fccc499338fb2bed4c6dfa4e29f5f3381b6e7c5f27,data_moje__29_10_3.py
398,243,fcf9b2768e8013bd0b8572fccc499338fb2bed4c6dfa4e29f5f3381b6e7c5f27,data_moje__29_13_3.py
399,231,479bff846c97c9a761c0e464388d30a23949afc9d3a2439be6e4c62355e28243,data_moje__29_11_9.py
399,231,479bff846c97c9a761c0e464388d30a23949afc9d3a2439be6e4c62355e28243,data_moje__29_12_4.py
400,229,19d81dbcd546b3b7fefb6f3d16d215807b4b6c787c08effa6f5a95ae96564277,data_moje__29_13_8.py
400,229,19d81dbcd546b3b7fefb6f3d16d215807b4b6c787c08effa6f5a95ae96564277,data_moje__29_7_2.py
401,248,074e0c92cfb363adb713d130f293093fb9d8c2dfe6e360b7c84bf45bf14442b3,data_moje__29_14_16.py
401,248,074e0c92cfb363adb713d130f293093fb9d8c2dfe6e360b7c84bf45bf14442b3,data_moje__29_7_6.py
402,285,166c8ba3cd7cdf2a35c9230c9559e1dc05f50d37b5987172c86f5863392cbbf0,data_moje__29_14_3.py
402,285,166c8ba3cd7cdf2a35c9230c9559e1dc05f50d37b5987172c86f5863392cbbf0,data_moje__29_2_13.py
402,285,166c8ba3cd7cdf2a35c9230c9559e1dc05f50d37b5987172c86f5863392cbbf0,data_moje__29_6_1.py
403,297,0132ebbc6c523d7bf04b15fb1fc05317d14ef62e773f534e06d762ce05ff350d,data_moje__29_14_7.py
403,297,0132ebbc6c523d7bf04b15fb1fc05317d14ef62e773f534e06d762ce05ff350d,data_moje__29_7_5.py
404,279,13f3be1cc6f908cddd8a5e0f30828bee5df0030f10ee9b4da81fcb9934350333,data_moje__30_0_6.py
404,279,13f3be1cc6f908cddd8a5e0f30828bee5df0030f10ee9b4da81fcb9934350333,data_werka_2__45_12_20.py
404,279,13f3be1cc6f908cddd8a5e0f30828bee5df0030f10ee9b4da81fcb9934350333,data_werka_2__45_7_20.py
404,279,13f3be1cc6f908cddd8a5e0f30828bee5df0030f10ee9b4da81fcb9934350333,data_werka_2__52_1_14.py
404,279,13f3be1cc6f908cddd8a5e0f30828bee5df0030f10ee9b4da81fcb9934350333,data_werka_2__54_11_20.py
404,279,13f3be1cc6f908cddd8a5e0f30828bee5df0030f10ee9b4da81fcb9934350333,data_werka_2__57_14_20.py
404,279,13f3be1cc6f908cddd8a5e0f30828bee5df0030f10ee9b4da81fcb9934350333,data_werka_2__8_3_39.py
405,204,41035695119860436ad20bfbac1c6c4f9be86807ec465083e6b5f29424cded2b,data_moje__30_10_1.py
405,204,41035695119860436ad20bfbac1c6c4f9be86807ec465083e6b5f29424cded2b,data_moje__30_14_15.py
405,204,41035695119860436ad20bfbac1c6c4f9be86807ec465083e6b5f29424cded2b,data_moje__30_7_5.py
405,204,41035695119860436ad20bfbac1c6c4f9be86807ec465083e6b5f29424cded2b,data_werka_1__45_0_1.py
405,204,41035695119860436ad20bfbac1c6c4f9be86807ec465083e6b5f29424cded2b,data_werka_1__45_10_2.py
405,204,41035695119860436ad20bfbac1c6c4f9be86807ec465083e6b5f29424cded2b,data_werka_1__45_12_5.py
405,204,41035695119860436ad20bfbac1c6c4f9be86807ec465083e6b5f29424cded2b,data_werka_1__45_7_16.py
405,204,41035695119860436ad20bfbac1c6c4f9be86807ec465083e6b5f29424cded2b,data_werka_1__54_11_7.py
405,204,41035695119860436ad20bfbac1c6c4f9be86807ec465083e6b5f29424cded2b,data_werka_1__8_4_21.py
406,206,ff08f8cf34e1cee2440432475ed3d9382ec7f1846ded60906a4542db2c144eb2,data_moje__30_10_12.py
406,206,ff08f8cf34e1cee2440432475ed3d9382ec7f1846ded60906a4542db2c144eb2,data_moje__30_7.py
406,206,ff08f8cf34e1cee2440432475ed3d9382ec7f1846ded60906a4542db2c144eb2,data_moje__30_9_6.py
406,206,ff08f8cf34e1cee2440432475ed3d9382ec7f1846ded60906a4542db2c144eb2,data_moje__8_4_10.py
407,151,cedb257467c5c1dc9170d79697307898cfaa219f8a7e497672241279c1d30ea9,data_moje__30_10_14.py
407,151,cedb257467c5c1dc9170d79697307898cfaa219f8a7e497672241279c1d30ea9,data_moje__30_7_10.py
408,188,acafa5f4350299a533cc173d2678207dc29c67877e437a0f6b6668c82da6997b,data_moje__30_10_8.py
408,188,acafa5f4350299a533cc173d2678207dc29c67877e437a0f6b6668c82da6997b,data_moje__30_11_1.py
408,188,acafa5f4350299a533cc173d2678207dc29c67877e437a0f6b6668c82da6997b,data_moje__30_4_1.py
408,188,acafa5f4350299a533cc173d2678207dc29c67877e437a0f6b6668c82da6997b,data_moje__30_9.py
408,188,acafa5f4350299a533cc173d2678207dc29c67877e437a0f6b6668c82da6997b,data_moje__8_4_3.py
408,188,acafa5f4350299a533cc173d2678207dc29c67877e437a0f6b6668c82da6997b,data_werka_1__45_11_1.py
408,188,acafa5f4350299a533cc173d2678207dc29c67877e437a0f6b6668c82da6997b,data_werka_1__45_14_4.py
408,188,acafa5f4350299a533cc173d2678207dc29c67877e437a0f6b6668c82da6997b,data_werka_1__45_9_1.py
408,188,acafa5f4350299a533cc173d2678207dc29c67877e437a0f6b6668c82da6997b,data_werka_1__57_12_2.py
408,188,acafa5f4350299a533cc173d2678207dc29c67877e437a0f6b6668c82da6997b,data_werka_1__57_14_1.py
409,202,5c76cbfa0ce2982b5938a5d05ae2a115a3ed572ff24735315ad6c012c8cbe254,data_moje__30_10_9.py
409,202,5c76cbfa0ce2982b5938a5d05ae2a115a3ed572ff24735315ad6c012c8cbe254,data_moje__30_7_6.py
409,202,5c76cbfa0ce2982b5938a5d05ae2a115a3ed572ff24735315ad6c012c8cbe254,data_moje__30_9_12.py
409,202,5c76cbfa0ce2982b5938a5d05ae2a115a3ed572ff24735315ad6c012c8cbe254,data_moje__8_4_5.py
409,202,5c76cbfa0ce2982b5938a5d05ae2a115a3ed572ff24735315ad6c012c8cbe254,data_werka_1__45_10_1.py
409,202,5c76cbfa0ce2982b5938a5d05ae2a115a3ed572ff24735315ad6c012c8cbe254,data_werka_1__45_7_2.py
409,202,5c76cbfa0ce2982b5938a5d05ae2a115a3ed572ff24735315ad6c012c8cbe254,data_werka_1__52_13_1.py
409,202,5c76cbfa0ce2982b5938a5d05ae2a115a3ed572ff24735315ad6c012c8cbe254,data_werka_1__52_2_2.py
409,202,5c76cbfa0ce2982b5938a5d05ae2a115a3ed572ff24735315ad6c012c8cbe254,data_werka_1__54_0_1.py
409,202,5c76cbfa0ce2982b5938a5d05ae2a115a3ed572ff24735315ad6c012c8cbe254,data_werka_1__54_11_2.py
409,202,5c76cbfa0ce2982b5938a5d05ae2a115a3ed572ff24735315ad6c012c8cbe254,data_werka_1__54_13_4.py
409,202,5c76cbfa0ce2982b5938a5d05ae2a115a3ed572ff24735315ad6c012c8cbe254,data_werka_1__54_8_1.py
409,202,5c76cbfa0ce2982b5938a5d05ae2a115a3ed572ff24735315ad6c012c8cbe254,data_werka_1__57_11_1.py
409,202,5c76cbfa0ce2982b5938a5d05ae2a115a3ed572ff24735315ad6c012c8cbe254,data_werka_1__8_4_20.py
410,175,a8592cd0f314ae6ab10fed595577ea4fa2a7c225a305a14fc5e61b7137de24ad,data_moje__30_11_13.py
410,175,a8592cd0f314ae6ab10fed595577ea4fa2a7c225a305a14fc5e61b7137de24ad,data_moje__30_4_7.py
410,175,a8592cd0f314ae6ab10fed595577ea4fa2a7c225a305a14fc5e61b7137de24ad,data_moje__30_7_9.py
411,171,d57469fc5871bb5419028e29b0a8f47a254e70ec9e09b1aa9c3e99ce2835130b,data_moje__30_11_16.py
411,171,d57469fc5871bb5419028e29b0a8f47a254e70ec9e09b1aa9c3e99ce2835130b,data_moje__30_7_13.py
412,171,d4629ae8016805d2f7342c33522649e0b92a27102903855d01aabf53adcc2a50,data_moje__30_11_7.py
412,171,d4629ae8016805d2f7342c33522649e0b92a27102903855d01aabf53adcc2a50,data_moje__30_1_11.py
413,184,8a7eb89f8e2dc39f1483c722f46689cff337d062c4caa9c4e0c90286d92ac27d,data_moje__30_11_8.py
413,184,8a7eb89f8e2dc39f1483c722f46689cff337d062c4caa9c4e0c90286d92ac27d,data_moje__30_5_7.py
414,167,71d238c1d002ecbe5c2692cbc4b3af494987ecd036b50fc3470261dd52d69cc8,data_moje__30_12_15.py
414,167,71d238c1d002ecbe5c2692cbc4b3af494987ecd036b50fc3470261dd52d69cc8,data_moje__30_5_6.py
415,224,e9c6490a52a5e1788ed7a7156ed3e791eb8bf9c7dbc59a5e7ace5deb349b7525,data_moje__30_12_16.py
415,224,e9c6490a52a5e1788ed7a7156ed3e791eb8bf9c7dbc59a5e7ace5deb349b7525,data_moje__30_2_5.py
416,186,bc07ba51c19f44760238f723050719d175d48057e7f298c47415ad3c84ffd538,data_moje__30_12_6.py
416,186,bc07ba51c19f44760238f723050719d175d48057e7f298c47415ad3c84ffd538,data_moje__30_5_16.py
417,130,eac559061d62ef85c21670fd97755884b745deb47d0e667195718f4e10efe45e,data_moje__30_13_2.py
417,130,eac559061d62ef85c21670fd97755884b745deb47d0e667195718f4e10efe45e,data_moje__30_7_16.py
417,130,eac559061d62ef85c21670fd97755884b745deb47d0e667195718f4e10efe45e,data_werka_1__54_10_1.py
418,190,bfce1fd0b469a496db2896db78a0a5bbd5e9a74c55d1b1f1a71c14136ec2b3ad,data_moje__30_14_3.py
418,190,bfce1fd0b469a496db2896db78a0a5bbd5e9a74c55d1b1f1a71c14136ec2b3ad,data_moje__30_4_13.py
418,190,bfce1fd0b469a496db2896db78a0a5bbd5e9a74c55d1b1f1a71c14136ec2b3ad,data_moje__30_7_4.py
418,190,bfce1fd0b469a496db2896db78a0a5bbd5e9a74c55d1b1f1a71c14136ec2b3ad,data_moje__30_9_2.py
418,190,bfce1fd0b469a496db2896db78a0a5bbd5e9a74c55d1b1f1a71c14136ec2b3ad,data_werka_1__45_13_1.py
418,190,bfce1fd0b469a496db2896db78a0a5bbd5e9a74c55d1b1f1a71c14136ec2b3ad,data_werka_1__54_14_1.py
419,170,922753b1a267895c9c047a1799c2be0f7d3f57cac3e3c0fe4aec0b039efe9fa0,data_moje__30_1_1.py
419,170,922753b1a267895c9c047a1799c2be0f7d3f57cac3e3c0fe4aec0b039efe9fa0,data_moje__30_5.py
419,170,922753b1a267895c9c047a1799c2be0f7d3f57cac3e3c0fe4aec0b039efe9fa0,data_moje__30_9_14.py
420,155,1128afb2178f7cbe8c1585d9c0001ac2b58cbada97a8fe9b82ec4852705ead9a,data_moje__30_1_10.py
420,155,1128afb2178f7cbe8c1585d9c0001ac2b58cbada97a8fe9b82ec4852705ead9a,data_moje__30_7_12.py
421,158,88d498b4cd4e873d41bea9f44f150b1914e7b4f4ba4efebd4651d4db575a8b6f,data_moje__30_1_3.py
421,158,88d498b4cd4e873d41bea9f44f150b1914e7b4f4ba4efebd4651d4db575a8b6f,data_moje__30_5_13.py
422,208,22b310e81aac95fcb6b4cc7044abb7b28e73ff71fcbcad1d0cffb11672632e57,data_moje__30_1_7.py
422,208,22b310e81aac95fcb6b4cc7044abb7b28e73ff71fcbcad1d0cffb11672632e57,data_moje__30_5_4.py
423,279,7e7e77529a4062e3471671aed18645b1d7d8a10a80164335eff0baaa9598b396,data_moje__30_5_14.py
423,279,7e7e77529a4062e3471671aed18645b1d7d8a10a80164335eff0baaa9598b396,data_werka_2__52_9_20.py
423,279,7e7e77529a4062e3471671aed18645b1d7d8a10a80164335eff0baaa9598b396,data_werka_2__54_13_23.py
423,279,7e7e77529a4062e3471671aed18645b1d7d8a10a80164335eff0baaa9598b396,data_werka_2__8_3_38.py
424,190,ea13fc67c48eb4548cc014a8c05ed3704e15707643cfff0b4b9b4173a7aea101,data_moje__30_7_14.py
424,190,ea13fc67c48eb4548cc014a8c05ed3704e15707643cfff0b4b9b4173a7aea101,data_werka_1__54_14_11.py
424,190,ea13fc67c48eb4548cc014a8c05ed3704e15707643cfff0b4b9b4173a7aea101,data_werka_2__57_10_21.py
425,281,4abdcfd9110b6435d6a231f3e30297b50665bd9e0f9e2d226a8c3ae48804bf59,data_moje__30_8_6.py
425,281,4abdcfd9110b6435d6a231f3e30297b50665bd9e0f9e2d226a8c3ae48804bf59,data_werka_2__52_12_22.py
426,109,42d9909252f9e574c0b82bf777ed55cc0157378373ec987512a73a4946621c48,data_moje__31_4_13.py
426,109,42d9909252f9e574c0b82bf777ed55cc0157378373ec987512a73a4946621c48,data_werka_1__53_6_5.py
427,103,3691e4d66b056f5dbb655771a304990d34091ce983c47eaf564778677353badf,data_moje__31_4_2.py
427,103,3691e4d66b056f5dbb655771a304990d34091ce983c47eaf564778677353badf,data_werka_1__53_6_2.py
427,103,3691e4d66b056f5dbb655771a304990d34091ce983c47eaf564778677353badf,data_werka_2__43_8_43.py
428,183,d62d937fa14595830979383d005b35da5beba5b02f89549a8082ff185b781004,data_moje__31_5_1.py
428,183,d62d937fa14595830979383d005b35da5beba5b02f89549a8082ff185b781004,data_werka_1__43_6_21.py
429,246,ad229507e664c8e895d04bef52e6a778ac006e1099dee07f4f1e13eccc7203e1,data_moje__31_9_1.py
429,246,ad229507e664c8e895d04bef52e6a778ac006e1099dee07f4f1e13eccc7203e1,data_werka_1__43_8_23.py
429,246,ad229507e664c8e895d04bef52e6a778ac006e1099dee07f4f1e13eccc7203e1,data_werka_1__53_1_5.py
430,232,6867dbb86e567bd53d1abd2e7ba57d6e4090729c63bc116fc6759ad4fb56a1ac,data_moje__31_9_10.py
430,232,6867dbb86e567bd53d1abd2e7ba57d6e4090729c63bc116fc6759ad4fb56a1ac,data_werka_1__43_1_20.py
430,232,6867dbb86e567bd53d1abd2e7ba57d6e4090729c63bc116fc6759ad4fb56a1ac,data_werka_1__43_8_21.py
430,232,6867dbb86e567bd53d1abd2e7ba57d6e4090729c63bc116fc6759ad4fb56a1ac,data_werka_1__53_1_2.py
430,232,6867dbb86e567bd53d1abd2e7ba57d6e4090729c63bc116fc6759ad4fb56a1ac,data_werka_1__53_7_9.py
431,324,5d1118331dcd8cf5b00de5c4f3f33d112e1fc772fc8c77cfd972b6621fff483e,data_moje__31_9_15.py
431,324,5d1118331dcd8cf5b00de5c4f3f33d112e1fc772fc8c77cfd972b6621fff483e,data_werka_2__43_1_39.py
431,324,5d1118331dcd8cf5b00de5c4f3f33d112e1fc772fc8c77cfd972b6621fff483e,data_werka_2__43_7_50.py
431,324,5d1118331dcd8cf5b00de5c4f3f33d112e1fc772fc8c77cfd972b6621fff483e,data_werka_2__53_1_20.py
431,324,5d1118331dcd8cf5b00de5c4f3f33d112e1fc772fc8c77cfd972b6621fff483e,data_werka_2__53_5_21.py
432,327,1613c2795ba4308df701be0eb8867cf485f7f22e1c0d8735e187b1a732af4317,data_moje__31_9_2.py
432,327,1613c2795ba4308df701be0eb8867cf485f7f22e1c0d8735e187b1a732af4317,data_werka_2__43_7_45.py
433,334,582b5acaa6da35718b184700473b6ef79954a4fb98eb47f2a657e5e9d80ba7a4,data_moje__32_0_16.py
433,334,582b5acaa6da35718b184700473b6ef79954a4fb98eb47f2a657e5e9d80ba7a4,data_moje__8_0_9.py
434,185,c8e857482056efa5c974d087f0a27ee1450b7ae162e253201282b66535c79a2f,data_moje__32_11_14.py
434,185,c8e857482056efa5c974d087f0a27ee1450b7ae162e253201282b66535c79a2f,data_moje__32_14_16.py
434,185,c8e857482056efa5c974d087f0a27ee1450b7ae162e253201282b66535c79a2f,data_moje__32_6.py
435,141,ae5770030a3376f97e258838e67db39eca579adfcfdb0117ddd60d916e4a2971,data_moje__32_11_3.py
435,141,ae5770030a3376f97e258838e67db39eca579adfcfdb0117ddd60d916e4a2971,data_moje__32_12_10.py
435,141,ae5770030a3376f97e258838e67db39eca579adfcfdb0117ddd60d916e4a2971,data_moje__32_6_3.py
436,125,805b0ec934330e404b016116d318146cb7ae9248dc78120f1aec912c68bb591c,data_moje__32_11_4.py
436,125,805b0ec934330e404b016116d318146cb7ae9248dc78120f1aec912c68bb591c,data_moje__32_6_6.py
436,125,805b0ec934330e404b016116d318146cb7ae9248dc78120f1aec912c68bb591c,data_moje__32_8_17.py
437,198,b92bd89676226e1b30f711d00e1097a9c0d06cdd53d184af35718502530dd9ba,data_moje__32_11_9.py
437,198,b92bd89676226e1b30f711d00e1097a9c0d06cdd53d184af35718502530dd9ba,data_moje__32_14_1.py
437,198,b92bd89676226e1b30f711d00e1097a9c0d06cdd53d184af35718502530dd9ba,data_moje__32_6_2.py
438,226,ca730505e7a254fad6cb0d019c714cf2ce8f3260b994dfd572edc9b1a0692e20,data_moje__32_12_1.py
438,226,ca730505e7a254fad6cb0d019c714cf2ce8f3260b994dfd572edc9b1a0692e20,data_moje__32_14_6.py
438,226,ca730505e7a254fad6cb0d019c714cf2ce8f3260b994dfd572edc9b1a0692e20,data_moje__32_6_5.py
439,185,d0db32305287b606806770656c28eca2d636799b1bd40db965d93c011b935032,data_moje__32_12_11.py
439,185,d0db32305287b606806770656c28eca2d636799b1bd40db965d93c011b935032,data_moje__32_14_4.py
440,214,7ef5691b402693b423a462b83b5e0982e6c9d4f08c2792dcc498da7f5d694719,data_moje__32_13.py
440,214,7ef5691b402693b423a462b83b5e0982e6c9d4f08c2792dcc498da7f5d694719,data_moje__32_6_10.py
441,186,848d0965e86d32f347a66f5a777acd80cc81005456d6b413dbd9fd3b6b1ed524,data_moje__32_13_2.py
441,186,848d0965e86d32f347a66f5a777acd80cc81005456d6b413dbd9fd3b6b1ed524,data_moje__32_6_15.py
442,182,7bebf533609a02aa37405d2f057904c31d5b4120a6dc056f8ac6f875565161d6,data_moje__32_13_3.py
442,182,7bebf533609a02aa37405d2f057904c31d5b4120a6dc056f8ac6f875565161d6,data_moje__32_6_4.py
443,230,b2ede032256a1631497c4081759f78c8710b5b7e8810a9e032687e694d64f297,data_moje__32_6_9.py
443,230,b2ede032256a1631497c4081759f78c8710b5b7e8810a9e032687e694d64f297,data_moje__32_8_5.py
444,222,545fc4c8bca8ad8016b322501a86a673c82698c99ac07c3e03e1a7a74d54fef8,data_moje__33_1.py
444,222,545fc4c8bca8ad8016b322501a86a673c82698c99ac07c3e03e1a7a74d54fef8,data_moje__33_11_1.py
445,186,17b28c01dbae26409bee994c3df77221382daf3249a09cef6c302f650002d42b,data_moje__33_11_11.py
445,186,17b28c01dbae26409bee994c3df77221382daf3249a09cef6c302f650002d42b,data_moje__33_13_12.py
446,202,5a2cdba9ba416f39d95f8525e2f57ee1d249907780702b8eadfe79ac1c9c09d6,data_moje__33_11_18.py
446,202,5a2cdba9ba416f39d95f8525e2f57ee1d249907780702b8eadfe79ac1c9c09d6,data_moje__33_7_1.py
446,202,5a2cdba9ba416f39d95f8525e2f57ee1d249907780702b8eadfe79ac1c9c09d6,data_werka_1__47_11_1.py
446,202,5a2cdba9ba416f39d95f8525e2f57ee1d249907780702b8eadfe79ac1c9c09d6,data_werka_1__47_8_3.py
447,165,f332c3934f55e54dc2c8dd137f4f27e9330d2dc7cb6d72bcddc27decfa899c96,data_moje__33_11_2.py
447,165,f332c3934f55e54dc2c8dd137f4f27e9330d2dc7cb6d72bcddc27decfa899c96,data_moje__33_13_4.py
448,127,ed1b44e01206ec09912ecafab759423fda614295ae5715c1b67e1e129e33fb5f,data_moje__33_11_4.py
448,127,ed1b44e01206ec09912ecafab759423fda614295ae5715c1b67e1e129e33fb5f,data_moje__33_13_8.py
449,198,da3759ddf039a3364d0e5335e42403b517e8a5501445f8f20e1799a1d629bc39,data_moje__33_13.py
449,198,da3759ddf039a3364d0e5335e42403b517e8a5501445f8f20e1799a1d629bc39,data_moje__33_1_7.py
449,198,da3759ddf039a3364d0e5335e42403b517e8a5501445f8f20e1799a1d629bc39,data_moje__33_5_5.py
450,230,7ed9bab38abb9025c0822165961f7759e3adfe74be0133c48dd2d6e795346fca,data_moje__33_1_2.py
450,230,7ed9bab38abb9025c0822165961f7759e3adfe74be0133c48dd2d6e795346fca,data_werka_1__47_11_4.py
451,289,5bc0d06868a8be72a215c240ca3af7f7ef5ccaf41af9f3df77d5f2bd61d716c1,data_moje__33_2_3.py
451,289,5bc0d06868a8be72a215c240ca3af7f7ef5ccaf41af9f3df77d5f2bd61d716c1,data_werka_1__47_4_4.py
452,269,6815cd5c89eb29ef3c7233e5c2be86411538e3126f1c6e32a445b8610603d8b4,data_moje__33_2_4.py
452,269,6815cd5c89eb29ef3c7233e5c2be86411538e3126f1c6e32a445b8610603d8b4,data_werka_1__47_10_4.py
452,269,6815cd5c89eb29ef3c7233e5c2be86411538e3126f1c6e32a445b8610603d8b4,data_werka_1__47_1_9.py
452,269,6815cd5c89eb29ef3c7233e5c2be86411538e3126f1c6e32a445b8610603d8b4,data_werka_1__47_4_15.py
452,269,6815cd5c89eb29ef3c7233e5c2be86411538e3126f1c6e32a445b8610603d8b4,data_werka_1__47_9_6.py
453,257,8dfbfa7a11cc5aacbf9f00ea65ff003e4eac61e22e4d3efbe9af567a902442eb,data_moje__33_3_17.py
453,257,8dfbfa7a11cc5aacbf9f00ea65ff003e4eac61e22e4d3efbe9af567a902442eb,data_moje__33_6_1.py
454,206,d222e04968dbd34b1a464e5f25a751009adcfd3c5b94371fb90198c159169c72,data_moje__33_7_2.py
454,206,d222e04968dbd34b1a464e5f25a751009adcfd3c5b94371fb90198c159169c72,data_werka_1__57_2_2.py
455,296,80eddd111d8a3761d4464e7ac6fb7687fd2bc5de9ccfeba9c38bb6e755834861,data_moje__34_0_4.py
455,296,80eddd111d8a3761d4464e7ac6fb7687fd2bc5de9ccfeba9c38bb6e755834861,data_moje__34_14_7.py
455,296,80eddd111d8a3761d4464e7ac6fb7687fd2bc5de9ccfeba9c38bb6e755834861,data_moje__34_3_18.py
455,296,80eddd111d8a3761d4464e7ac6fb7687fd2bc5de9ccfeba9c38bb6e755834861,data_moje__34_8_1.py
455,296,80eddd111d8a3761d4464e7ac6fb7687fd2bc5de9ccfeba9c38bb6e755834861,data_moje__34_9_12.py
456,244,e2d6741be439577f19152c4fa39febe55c6311e3f2d9af1f92007f0f092020a2,data_moje__34_10_11.py
456,244,e2d6741be439577f19152c4fa39febe55c6311e3f2d9af1f92007f0f092020a2,data_moje__34_3_17.py
456,244,e2d6741be439577f19152c4fa39febe55c6311e3f2d9af1f92007f0f092020a2,data_moje__34_4_4.py
457,224,0adf775ef6e8d9b3212c7d5a537f3da5e10e26ba719490426a1dad73fae9141e,data_moje__34_14_9.py
457,224,0adf775ef6e8d9b3212c7d5a537f3da5e10e26ba719490426a1dad73fae9141e,data_moje__34_4_13.py
458,260,d1c73ce7fe35e66fad683483c62b3c7b817c2ccba5730d0e15ef0916f6f80b18,data_moje__34_3_10.py
458,260,d1c73ce7fe35e66fad683483c62b3c7b817c2ccba5730d0e15ef0916f6f80b18,data_moje__34_9_15.py
459,291,d9c0b44259d880a6289f5127e797e47e9fa98428e8a05aa3b6c5f33980ed6d5d,data_moje__34_3_5.py
459,291,d9c0b44259d880a6289f5127e797e47e9fa98428e8a05aa3b6c5f33980ed6d5d,data_moje__34_7_6.py
460,264,d43328b807a1573bdddd40561eaec7e0f88761270459a9fcdf27fc21a4d451fb,data_moje__34_3_6.py
460,264,d43328b807a1573bdddd40561eaec7e0f88761270459a9fcdf27fc21a4d451fb,data_moje__34_5_1.py
460,264,d43328b807a1573bdddd40561eaec7e0f88761270459a9fcdf27fc21a4d451fb,data_moje__34_9_19.py
461,301,7a961e42477f73ddcf857a26a096cf69977aa0712b92487a85d9e2ad4ed90f8b,data_moje__34_3_7.py
461,301,7a961e42477f73ddcf857a26a096cf69977aa0712b92487a85d9e2ad4ed90f8b,data_moje__34_5_14.py
462,264,722eb16e927aec91ce453d7980f3a13ae13a53e1688c4b56503a30f9b6676aa2,data_moje__34_3_8.py
462,264,722eb16e927aec91ce453d7980f3a13ae13a53e1688c4b56503a30f9b6676aa2,data_moje__34_9_9.py
463,202,7b78e793b002e32374eda55030afcbfa49e71d21cce6e24307330ea1294215b2,data_moje__34_4_19.py
463,202,7b78e793b002e32374eda55030afcbfa49e71d21cce6e24307330ea1294215b2,data_moje__34_5_15.py
464,245,dd34e5b759760e1445dbef1767719baf533076e8a0bad4801639db4342edcf32,data_moje__34_5_7.py
464,245,dd34e5b759760e1445dbef1767719baf533076e8a0bad4801639db4342edcf32,data_moje__34_9_16.py
465,136,cb0c7660f514c90be52d0704f6a8dd0be18f04c6fc927d96994d3011e9086f82,data_moje__35_0_1.py
465,136,cb0c7660f514c90be52d0704f6a8dd0be18f04c6fc927d96994d3011e9086f82,data_moje__35_10_12.py
466,153,f18054a600f54a1e4403d378ad41ff3fbfdd50c3bc8f6bc5a2812586cf5d5b20,data_moje__35_0_12.py
466,153,f18054a600f54a1e4403d378ad41ff3fbfdd50c3bc8f6bc5a2812586cf5d5b20,data_moje__35_6.py
466,153,f18054a600f54a1e4403d378ad41ff3fbfdd50c3bc8f6bc5a2812586cf5d5b20,data_moje__35_8_11.py
466,153,f18054a600f54a1e4403d378ad41ff3fbfdd50c3bc8f6bc5a2812586cf5d5b20,data_moje__35_9.py
467,183,a9446ba08eff03052a61366ad5aedbf5b11cbc44e611b6478df85e7d1d827a0e,data_moje__35_0_15.py
467,183,a9446ba08eff03052a61366ad5aedbf5b11cbc44e611b6478df85e7d1d827a0e,data_moje__35_10_5.py
467,183,a9446ba08eff03052a61366ad5aedbf5b11cbc44e611b6478df85e7d1d827a0e,data_moje__35_8_5.py
468,153,42d9179d58206ab84323bed800a69d1c85cffc0ae08f1d635d1fc41cdb3c3e20,data_moje__35_0_18.py
468,153,42d9179d58206ab84323bed800a69d1c85cffc0ae08f1d635d1fc41cdb3c3e20,data_moje__35_3_7.py
468,153,42d9179d58206ab84323bed800a69d1c85cffc0ae08f1d635d1fc41cdb3c3e20,data_moje__35_6_9.py
469,171,bdccc63f88586a8eee8a1ef3f2142250c397db79479c25ac7ba9b4429340d510,data_moje__35_0_2.py
469,171,bdccc63f88586a8eee8a1ef3f2142250c397db79479c25ac7ba9b4429340d510,data_moje__35_6_2.py
470,183,03dff6a861cadcf64dfdab8c7f61385f30d464610f8c424b3f08390862a23a90,data_moje__35_0_3.py
470,183,03dff6a861cadcf64dfdab8c7f61385f30d464610f8c424b3f08390862a23a90,data_moje__35_6_10.py
471,169,481c3845ff70c9011f0152a4a51c218160ab1d3bb791e1780488b6d095c3c10e,data_moje__35_0_4.py
471,169,481c3845ff70c9011f0152a4a51c218160ab1d3bb791e1780488b6d095c3c10e,data_moje__35_10_2.py
471,169,481c3845ff70c9011f0152a4a51c218160ab1d3bb791e1780488b6d095c3c10e,data_moje__35_6_3.py
472,115,4740b606a02253cff21ea0df1bbb59e687803078af4f4082f858349df3f42263,data_moje__35_0_7.py
472,115,4740b606a02253cff21ea0df1bbb59e687803078af4f4082f858349df3f42263,data_moje__35_1_5.py
472,115,4740b606a02253cff21ea0df1bbb59e687803078af4f4082f858349df3f42263,data_moje__35_3_9.py
472,115,4740b606a02253cff21ea0df1bbb59e687803078af4f4082f858349df3f42263,data_moje__35_8_4.py
473,173,6b9e3f89935e0b33aff0125ad95319f55b7f7b6415b686103019419cd24a73e5,data_moje__35_1.py
473,173,6b9e3f89935e0b33aff0125ad95319f55b7f7b6415b686103019419cd24a73e5,data_moje__35_12_5.py
473,173,6b9e3f89935e0b33aff0125ad95319f55b7f7b6415b686103019419cd24a73e5,data_moje__35_13_15.py
473,173,6b9e3f89935e0b33aff0125ad95319f55b7f7b6415b686103019419cd24a73e5,data_moje__35_5_3.py
474,187,5d7735663b67c97f976036deb2d5aef9bd97481e2951a9342b66a30abf8d49ca,data_moje__35_10_15.py
474,187,5d7735663b67c97f976036deb2d5aef9bd97481e2951a9342b66a30abf8d49ca,data_moje__35_5_5.py
475,152,ae70e34baccf0ec7df1ec969ca2f3b492ac1052408bb12fad916b5fb77097cf0,data_moje__35_10_3.py
475,152,ae70e34baccf0ec7df1ec969ca2f3b492ac1052408bb12fad916b5fb77097cf0,data_moje__35_6_6.py
476,187,f940d2daad81be88c2c9ac0d06f45bb6781565a9009b65efbfae77fa3450fd0a,data_moje__35_12_12.py
476,187,f940d2daad81be88c2c9ac0d06f45bb6781565a9009b65efbfae77fa3450fd0a,data_moje__35_14_3.py
477,187,186804c45e7852b7ac8a471201fe1d3d8504346c3122308a7bf099924b2f87fa,data_moje__35_12_3.py
477,187,186804c45e7852b7ac8a471201fe1d3d8504346c3122308a7bf099924b2f87fa,data_moje__35_1_8.py
477,187,186804c45e7852b7ac8a471201fe1d3d8504346c3122308a7bf099924b2f87fa,data_moje__35_5.py
478,172,f75ccd1d48bccef71ab11701b1ead9e1fd35e48e2209c0c00b3e724613f00161,data_moje__35_12_7.py
478,172,f75ccd1d48bccef71ab11701b1ead9e1fd35e48e2209c0c00b3e724613f00161,data_moje__35_9_1.py
479,131,38fec2562a088e3ea3a7e414d4d27704249f03fb0f928bd92a6dd53bb2095a39,data_moje__35_1_2.py
479,131,38fec2562a088e3ea3a7e414d4d27704249f03fb0f928bd92a6dd53bb2095a39,data_moje__35_2_11.py
480,153,62c31e136384d3962717f6c1ce826b3ffb1a941bb7974298e2546be27b4ef364,data_moje__35_3_1.py
480,153,62c31e136384d3962717f6c1ce826b3ffb1a941bb7974298e2546be27b4ef364,data_moje__35_8_3.py
480,153,62c31e136384d3962717f6c1ce826b3ffb1a941bb7974298e2546be27b4ef364,data_moje__35_9_16.py
481,170,c3f2c5e90410f048a7fb9bbba202b45b27cae6835f551ba79f5873a82a6e38f8,data_moje__35_3_12.py
481,170,c3f2c5e90410f048a7fb9bbba202b45b27cae6835f551ba79f5873a82a6e38f8,data_moje__35_9_13.py
482,153,789b6728209fe68d4c9080490edf764b9f7f7cb4630ed1a7fba0c1be9e6b4ae5,data_moje__35_3_13.py
482,153,789b6728209fe68d4c9080490edf764b9f7f7cb4630ed1a7fba0c1be9e6b4ae5,data_moje__35_6_5.py
483,170,ea16066dbfc57c482996f1b8c7f0e1d4786099a9813386db6a477729fd9f00f3,data_moje__35_3_15.py
483,170,ea16066dbfc57c482996f1b8c7f0e1d4786099a9813386db6a477729fd9f00f3,data_moje__35_9_10.py
484,132,8b17a9d631cedf26415116a07d51c940a73a1584566f996c1137149086099ffb,data_moje__35_3_3.py
484,132,8b17a9d631cedf26415116a07d51c940a73a1584566f996c1137149086099ffb,data_moje__35_8_12.py
485,146,d89fdd00c3e214a05bf75f7b23b3cd06915067f856b1b49bcca37fe9ee4a7cec,data_moje__35_5_11.py
485,146,d89fdd00c3e214a05bf75f7b23b3cd06915067f856b1b49bcca37fe9ee4a7cec,data_moje__35_9_4.py
486,167,17d241c763eba6f2bb8c3e3aeb34563760deda54d84c5add0075c7152f8de7a7,data_moje__35_5_15.py
486,167,17d241c763eba6f2bb8c3e3aeb34563760deda54d84c5add0075c7152f8de7a7,data_moje__35_8_8.py
486,167,17d241c763eba6f2bb8c3e3aeb34563760deda54d84c5add0075c7152f8de7a7,data_moje__35_9_14.py
487,115,e14aa3f6fc2a5cedc1535921f3f226285d62c31db4cd0e2b04b1771c3bd5e492,data_moje__35_6_14.py
487,115,e14aa3f6fc2a5cedc1535921f3f226285d62c31db4cd0e2b04b1771c3bd5e492,data_moje__35_9_6.py
488,244,114d250541b7bd224452a3d605ca612deac12c46eb48806a2715bc16aa49170f,data_moje__36_0.py
488,244,114d250541b7bd224452a3d605ca612deac12c46eb48806a2715bc16aa49170f,data_moje__36_13_4.py
488,244,114d250541b7bd224452a3d605ca612deac12c46eb48806a2715bc16aa49170f,data_moje__36_3.py
488,244,114d250541b7bd224452a3d605ca612deac12c46eb48806a2715bc16aa49170f,data_moje__36_4_19.py
488,244,114d250541b7bd224452a3d605ca612deac12c46eb48806a2715bc16aa49170f,data_moje__36_6_14.py
488,244,114d250541b7bd224452a3d605ca612deac12c46eb48806a2715bc16aa49170f,data_moje__36_7_5.py
489,252,c4253c31a4604dab282620f47ed31946b1778a7ad1bc43a5d38a70933ed6999b,data_moje__36_0_1.py
489,252,c4253c31a4604dab282620f47ed31946b1778a7ad1bc43a5d38a70933ed6999b,data_moje__36_3_1.py
489,252,c4253c31a4604dab282620f47ed31946b1778a7ad1bc43a5d38a70933ed6999b,data_moje__36_4_11.py
490,228,c25509f43ba417464ed58c6c2b0e15e65886e73d7e6ab2e392d770f02f6d7919,data_moje__36_0_12.py
490,228,c25509f43ba417464ed58c6c2b0e15e65886e73d7e6ab2e392d770f02f6d7919,data_moje__36_9_5.py
491,203,8f9c0d388fac0c087973fc1451af7cea7fafd7ee8feb77f25fb324d62fe13d85,data_moje__36_0_14.py
491,203,8f9c0d388fac0c087973fc1451af7cea7fafd7ee8feb77f25fb324d62fe13d85,data_moje__36_2_10.py
492,250,d83c8a0a01544cdcfe496ddcab2930a8eb6e1948f6271bfae241eadf18140ca0,data_moje__36_0_15.py
492,250,d83c8a0a01544cdcfe496ddcab2930a8eb6e1948f6271bfae241eadf18140ca0,data_moje__36_14_12.py
493,248,5c99c4aa1459129244cce2e3e72dd15371359caf624d39568c735442521f9acb,data_moje__36_0_18.py
493,248,5c99c4aa1459129244cce2e3e72dd15371359caf624d39568c735442521f9acb,data_moje__36_14_14.py
493,248,5c99c4aa1459129244cce2e3e72dd15371359caf624d39568c735442521f9acb,data_moje__36_2_19.py
494,191,808ad348efe5dfc9764ba3fc56eb549e6102effb1e781839b4ce50ea7325e683,data_moje__36_0_4.py
494,191,808ad348efe5dfc9764ba3fc56eb549e6102effb1e781839b4ce50ea7325e683,data_moje__36_3_4.py
495,246,6058e7887fcf01e9f24591a186221c4a1043a198b63d09a651e2e37a02e5ae5c,data_moje__36_0_6.py
495,246,6058e7887fcf01e9f24591a186221c4a1043a198b63d09a651e2e37a02e5ae5c,data_moje__36_14_15.py
495,246,6058e7887fcf01e9f24591a186221c4a1043a198b63d09a651e2e37a02e5ae5c,data_moje__36_2.py
496,189,01f5d0787f741414de29eb8fa71e33c767f4f9864a3d1899f5ae96ba623e51c5,data_moje__36_0_7.py
496,189,01f5d0787f741414de29eb8fa71e33c767f4f9864a3d1899f5ae96ba623e51c5,data_moje__36_2_15.py
496,189,01f5d0787f741414de29eb8fa71e33c767f4f9864a3d1899f5ae96ba623e51c5,data_moje__36_4_13.py
496,189,01f5d0787f741414de29eb8fa71e33c767f4f9864a3d1899f5ae96ba623e51c5,data_moje__36_6_18.py
496,189,01f5d0787f741414de29eb8fa71e33c767f4f9864a3d1899f5ae96ba623e51c5,data_moje__36_8_18.py
497,185,8093637b45a1639eff84eb55e9cd08af5d64106925ee51e280eacc2fa6d995ff,data_moje__36_11_17.py
497,185,8093637b45a1639eff84eb55e9cd08af5d64106925ee51e280eacc2fa6d995ff,data_moje__36_1_2.py
498,205,8f07e8c15e6df1e1cfbb6add35c3ca1637e617246c5f09b5fc495dafa590e584,data_moje__36_11_2.py
498,205,8f07e8c15e6df1e1cfbb6add35c3ca1637e617246c5f09b5fc495dafa590e584,data_moje__36_7_1.py
498,205,8f07e8c15e6df1e1cfbb6add35c3ca1637e617246c5f09b5fc495dafa590e584,data_moje__36_9_11.py
499,169,a1c66b4d6cf0fd1cf237a3a730186675742d6a87a8408a4bf565b65bfc733055,data_moje__36_13_5.py
499,169,a1c66b4d6cf0fd1cf237a3a730186675742d6a87a8408a4bf565b65bfc733055,data_moje__36_4_5.py
499,169,a1c66b4d6cf0fd1cf237a3a730186675742d6a87a8408a4bf565b65bfc733055,data_moje__36_5_8.py
499,169,a1c66b4d6cf0fd1cf237a3a730186675742d6a87a8408a4bf565b65bfc733055,data_moje__36_8_11.py
499,169,a1c66b4d6cf0fd1cf237a3a730186675742d6a87a8408a4bf565b65bfc733055,data_moje__36_9_4.py
500,191,af27f47b9db80448bf5abc61631bd4c3b93d724cc201ffcd4fdd6a5391a49815,data_moje__36_13_7.py
500,191,af27f47b9db80448bf5abc61631bd4c3b93d724cc201ffcd4fdd6a5391a49815,data_moje__36_6_2.py
501,230,223ac96d9d483ed22c74bb965bf39b3ac6a99f67b07e0e76e28525bb88992163,data_moje__36_14.py
501,230,223ac96d9d483ed22c74bb965bf39b3ac6a99f67b07e0e76e28525bb88992163,data_moje__36_3_6.py
502,226,7879360c81545fef1e73c7c32f8a95727a483003c21568bbeb210ad1a8000844,data_moje__36_14_16.py
502,226,7879360c81545fef1e73c7c32f8a95727a483003c21568bbeb210ad1a8000844,data_moje__36_2_3.py
502,226,7879360c81545fef1e73c7c32f8a95727a483003c21568bbeb210ad1a8000844,data_moje__36_7_6.py
503,260,e4c4ce80189c8b98939c402f577b6fb98b8b437a9d32541d05ba9f5e77a9274d,data_moje__36_14_18.py
503,260,e4c4ce80189c8b98939c402f577b6fb98b8b437a9d32541d05ba9f5e77a9274d,data_moje__36_4_14.py
503,260,e4c4ce80189c8b98939c402f577b6fb98b8b437a9d32541d05ba9f5e77a9274d,data_moje__36_8_16.py
504,224,2fd4dfc96f42c659eb370bf568fe421dc31178905fba4144f55810addecc8c2e,data_moje__36_14_8.py
504,224,2fd4dfc96f42c659eb370bf568fe421dc31178905fba4144f55810addecc8c2e,data_moje__36_2_13.py
504,224,2fd4dfc96f42c659eb370bf568fe421dc31178905fba4144f55810addecc8c2e,data_moje__36_6_3.py
505,208,18753a72fa979d5285ffc83275fb1d3b843eda23825d7636661740c620744486,data_moje__36_1_6.py
505,208,18753a72fa979d5285ffc83275fb1d3b843eda23825d7636661740c620744486,data_moje__36_4.py
505,208,18753a72fa979d5285ffc83275fb1d3b843eda23825d7636661740c620744486,data_moje__36_8_17.py
506,202,4297d4ab03f1cb787c55cc3a34f02c7b9e82808a710b2a6b0bec110f8fd11bcc,data_moje__36_2_6.py
506,202,4297d4ab03f1cb787c55cc3a34f02c7b9e82808a710b2a6b0bec110f8fd11bcc,data_moje__36_3_16.py
506,202,4297d4ab03f1cb787c55cc3a34f02c7b9e82808a710b2a6b0bec110f8fd11bcc,data_moje__36_5_17.py
507,246,e01ce9ef0f68afbe551d7ffdef03f3a6906a4c93b4636e36d8893be6110ed408,data_moje__36_3_10.py
507,246,e01ce9ef0f68afbe551d7ffdef03f3a6906a4c93b4636e36d8893be6110ed408,data_moje__36_7_9.py
508,260,670e3a209477ad849d2f9511fa2a3c2707a384beebd430a577f568ee5d10004c,data_moje__36_3_11.py
508,260,670e3a209477ad849d2f9511fa2a3c2707a384beebd430a577f568ee5d10004c,data_moje__36_4_2.py
508,260,670e3a209477ad849d2f9511fa2a3c2707a384beebd430a577f568ee5d10004c,data_moje__36_6_4.py
509,226,c94346c7573445b40b01c88a853d4e368a27a6baf5459d2e960d16a6320cb73e,data_moje__36_4_15.py
509,226,c94346c7573445b40b01c88a853d4e368a27a6baf5459d2e960d16a6320cb73e,data_moje__36_7_15.py
510,224,9c06e5ac9652a74170f15f08f95e8a6f63472e39ac545d4908eb986c7996f587,data_moje__36_4_16.py
510,224,9c06e5ac9652a74170f15f08f95e8a6f63472e39ac545d4908eb986c7996f587,data_moje__36_5.py
510,224,9c06e5ac9652a74170f15f08f95e8a6f63472e39ac545d4908eb986c7996f587,data_moje__36_9_1.py
511,224,1405fe26f11e7066cfd7942446a3c2058e5899a00aade5938e7a47c6ad6250b7,data_moje__36_4_17.py
511,224,1405fe26f11e7066cfd7942446a3c2058e5899a00aade5938e7a47c6ad6250b7,data_moje__36_5_9.py
512,260,2addaa72c87e62cbdc658142951b21c51ce5fd28a995d575f89e0c6aee0ed8bc,data_moje__36_5_6.py
512,260,2addaa72c87e62cbdc658142951b21c51ce5fd28a995d575f89e0c6aee0ed8bc,data_moje__36_7_7.py
513,150,684c91a2da4bc6885b89cd9e79717a34772ea68f880b804173016a5b28c40259,data_moje__36_7_17.py
513,150,684c91a2da4bc6885b89cd9e79717a34772ea68f880b804173016a5b28c40259,data_moje__36_8_10.py
514,209,a7a10a1ac63a419987633d47d18acb74c5b3c8e81fbc8cacb0a71669f9d044ec,data_moje__37_0_18.py
514,209,a7a10a1ac63a419987633d47d18acb74c5b3c8e81fbc8cacb0a71669f9d044ec,data_moje__37_13_9.py
515,233,fb641dcfb87618760b2161beed3ccb9aa12f94291d7b76c15a6f95c18048d45e,data_moje__37_0_9.py
515,233,fb641dcfb87618760b2161beed3ccb9aa12f94291d7b76c15a6f95c18048d45e,data_moje__37_13_2.py
515,233,fb641dcfb87618760b2161beed3ccb9aa12f94291d7b76c15a6f95c18048d45e,data_moje__37_9_9.py
516,145,d3aeed9dcc173f12c050f26b4024f8f4c4bfbe8e603cab2d49beaf822f1ac657,data_moje__37_11_10.py
516,145,d3aeed9dcc173f12c050f26b4024f8f4c4bfbe8e603cab2d49beaf822f1ac657,data_moje__37_9_18.py
517,165,d7f73d80c5602ae624eda97615c94d3ae30ebd9864163605c791cc712a03448f,data_moje__37_11_14.py
517,165,d7f73d80c5602ae624eda97615c94d3ae30ebd9864163605c791cc712a03448f,data_moje__37_9_10.py
518,189,aa82a8745bce294aabcca6d06c8c950675dfac3797568a3d09caebf2a985506d,data_moje__37_11_9.py
518,189,aa82a8745bce294aabcca6d06c8c950675dfac3797568a3d09caebf2a985506d,data_moje__37_9_8.py
519,234,6e2c01287dac8db6d403341bc78004d806a28f52fae592c53e57e1c236c7005a,data_moje__37_13_7.py
519,234,6e2c01287dac8db6d403341bc78004d806a28f52fae592c53e57e1c236c7005a,data_moje__37_9_16.py
520,205,3d6f0aea32eca8bab316b3699cb757fdeb4fbd7a6e3e2ede33e4974f6285401f,data_moje__37_8_2.py
520,205,3d6f0aea32eca8bab316b3699cb757fdeb4fbd7a6e3e2ede33e4974f6285401f,data_werka_1__57_4_18.py
521,272,901baee00a3233851538900480f44d979f90ee21c45f47398b221c848ba7463d,data_moje__38_11_11.py
521,272,901baee00a3233851538900480f44d979f90ee21c45f47398b221c848ba7463d,data_moje__38_14.py
522,271,99d8ddf6718584eef123662b263c46d0cc4387ee3294845c1019feb8e9638a7d,data_moje__38_12_13.py
522,271,99d8ddf6718584eef123662b263c46d0cc4387ee3294845c1019feb8e9638a7d,data_moje__38_14_2.py
523,240,cd332eff95a61c4ba200468717facb4057e83f42a75a7585249860f30e7cf65f,data_moje__38_12_17.py
523,240,cd332eff95a61c4ba200468717facb4057e83f42a75a7585249860f30e7cf65f,data_moje__38_14_16.py
523,240,cd332eff95a61c4ba200468717facb4057e83f42a75a7585249860f30e7cf65f,data_moje__38_1_10.py
524,243,dd997e760f525d329744bcaed030f1f836539a5dce919fae5c2a7a91e233d7b8,data_moje__38_12_3.py
524,243,dd997e760f525d329744bcaed030f1f836539a5dce919fae5c2a7a91e233d7b8,data_moje__38_14_11.py
525,198,e1c0609cc8d94afba95371cb0323a328189c941318d21ceacc127f07b9361666,data_moje__39_0.py
525,198,e1c0609cc8d94afba95371cb0323a328189c941318d21ceacc127f07b9361666,data_moje__39_8_9.py
526,359,9975c0b8f7a93612505948f9a9ff21799d75979b41fc68518804a6d1cce38905,data_moje__39_0_10.py
526,359,9975c0b8f7a93612505948f9a9ff21799d75979b41fc68518804a6d1cce38905,data_moje__39_6_14.py
527,218,95f7c0dc22c902cae546f31597553f5d11926b45cb049c1974e12c5f932b2d11,data_moje__39_0_12.py
527,218,95f7c0dc22c902cae546f31597553f5d11926b45cb049c1974e12c5f932b2d11,data_moje__39_11_7.py
527,218,95f7c0dc22c902cae546f31597553f5d11926b45cb049c1974e12c5f932b2d11,data_moje__39_12_18.py
527,218,95f7c0dc22c902cae546f31597553f5d11926b45cb049c1974e12c5f932b2d11,data_moje__39_2_8.py
527,218,95f7c0dc22c902cae546f31597553f5d11926b45cb049c1974e12c5f932b2d11,data_moje__39_3_18.py
527,218,95f7c0dc22c902cae546f31597553f5d11926b45cb049c1974e12c5f932b2d11,data_moje__39_5_16.py
528,222,59c7ce0371f83728bb69ae6e31051b7363b5753437ef8a9d8a6a86c174b39a11,data_moje__39_0_2.py
528,222,59c7ce0371f83728bb69ae6e31051b7363b5753437ef8a9d8a6a86c174b39a11,data_moje__39_13_1.py
528,222,59c7ce0371f83728bb69ae6e31051b7363b5753437ef8a9d8a6a86c174b39a11,data_moje__39_3_6.py
528,222,59c7ce0371f83728bb69ae6e31051b7363b5753437ef8a9d8a6a86c174b39a11,data_moje__39_5_1.py
528,222,59c7ce0371f83728bb69ae6e31051b7363b5753437ef8a9d8a6a86c174b39a11,data_moje__39_8_5.py
529,197,336d926525efcaa90b718ac8eccc9cbdf2b258d8deeb2d21c78523856bdec5b2,data_moje__39_12_10.py
529,197,336d926525efcaa90b718ac8eccc9cbdf2b258d8deeb2d21c78523856bdec5b2,data_moje__39_1_15.py
530,218,2274543ddd0616e26bc99bc655b7c07300e41ce5c18b410a19fa7e1359a4d281,data_moje__39_12_2.py
530,218,2274543ddd0616e26bc99bc655b7c07300e41ce5c18b410a19fa7e1359a4d281,data_moje__39_8_3.py
531,218,0533a8b3b3daa4e95df617e2a2c4dec284430b187ac42c3c52d93a7960945287,data_moje__39_12_6.py
531,218,0533a8b3b3daa4e95df617e2a2c4dec284430b187ac42c3c52d93a7960945287,data_moje__39_6_11.py
532,222,c31ff81a74c7b07e9925775ed02bf9894b21799b724a61593bc2080afd16f618,data_moje__39_13_16.py
532,222,c31ff81a74c7b07e9925775ed02bf9894b21799b724a61593bc2080afd16f618,data_moje__39_5_15.py
532,222,c31ff81a74c7b07e9925775ed02bf9894b21799b724a61593bc2080afd16f618,data_moje__39_8_2.py
533,219,247000d51ee908287007443547d7dce0c7071bc44411dbc2371eec50e8c99eeb,data_moje__39_13_17.py
533,219,247000d51ee908287007443547d7dce0c7071bc44411dbc2371eec50e8c99eeb,data_moje__39_4_17.py
534,250,1afcc3adcc2c8092c15cbb7140284f26c6e04bbbe8b5a1cbd4a76af7ce7c29df,data_moje__39_2_11.py
534,250,1afcc3adcc2c8092c15cbb7140284f26c6e04bbbe8b5a1cbd4a76af7ce7c29df,data_moje__39_4_3.py
535,273,f40f31b00c31dd37a65db6ca65b278bff58dfb56c58b13ffe0f8a2a8187a8ae8,data_moje__39_2_2.py
535,273,f40f31b00c31dd37a65db6ca65b278bff58dfb56c58b13ffe0f8a2a8187a8ae8,data_moje__39_9_4.py
536,250,977b3faeb41091b351661b2fae165d4ee4db2468ea383a44ba4086ce1937abad,data_moje__39_2_6.py
536,250,977b3faeb41091b351661b2fae165d4ee4db2468ea383a44ba4086ce1937abad,data_moje__39_3_8.py
536,250,977b3faeb41091b351661b2fae165d4ee4db2468ea383a44ba4086ce1937abad,data_moje__39_4_14.py
537,358,418ee6dabefd3d3c797bee7d6532a677ac83c781e040e4ad5282f957bd94c519,data_moje__39_3.py
537,358,418ee6dabefd3d3c797bee7d6532a677ac83c781e040e4ad5282f957bd94c519,data_moje__39_7_11.py
538,330,bd8d0fd1adf1b7394d4f490d4ed0c35029955f8dc23012b4eeaa930adb197a9e,data_moje__39_3_15.py
538,330,bd8d0fd1adf1b7394d4f490d4ed0c35029955f8dc23012b4eeaa930adb197a9e,data_moje__39_7_10.py
538,330,bd8d0fd1adf1b7394d4f490d4ed0c35029955f8dc23012b4eeaa930adb197a9e,data_moje__39_8_4.py
539,242,c3724482f69463e966e6c64ded56b69cc1a14a51bd99064cd33c16e1f23d8d20,data_moje__39_3_3.py
539,242,c3724482f69463e966e6c64ded56b69cc1a14a51bd99064cd33c16e1f23d8d20,data_moje__39_5.py
540,170,92db933507f0593c93d3e905926134d26a0d191c717ffb5d6f46b5cbb2ef5fb6,data_moje__39_4_5.py
540,170,92db933507f0593c93d3e905926134d26a0d191c717ffb5d6f46b5cbb2ef5fb6,data_moje__39_5_17.py
540,170,92db933507f0593c93d3e905926134d26a0d191c717ffb5d6f46b5cbb2ef5fb6,data_moje__39_8_8.py
541,354,e0ede06bbc88986cd9f3517947b90edd11e9538afac20464315a13783ec83d85,data_moje__39_6_2.py
541,354,e0ede06bbc88986cd9f3517947b90edd11e9538afac20464315a13783ec83d85,data_moje__39_7_19.py
542,316,c6f1b9e31c19e53449d0025c429742e8b44589ba52a7c187112b5f755bb21a92,data_moje__40_0_13.py
542,316,c6f1b9e31c19e53449d0025c429742e8b44589ba52a7c187112b5f755bb21a92,data_moje__40_4_9.py
543,246,27719a27d66373e8174def8cf2e7f4ac1edf7cb0da0334d85b1b325b24c82238,data_moje__40_0_18.py
543,246,27719a27d66373e8174def8cf2e7f4ac1edf7cb0da0334d85b1b325b24c82238,data_moje__40_4_1.py
543,246,27719a27d66373e8174def8cf2e7f4ac1edf7cb0da0334d85b1b325b24c82238,data_moje__40_7_12.py
544,274,c3ba5921341fb1475dc650f91591d2fbb96716e07bd6dad53d202017682872ca,data_moje__40_0_6.py
544,274,c3ba5921341fb1475dc650f91591d2fbb96716e07bd6dad53d202017682872ca,data_moje__40_7_14.py
545,172,ec760814323a1424ee32bcfbd1736dce6e4247cfb9ba838363a967175df45bbc,data_moje__40_11_9.py
545,172,ec760814323a1424ee32bcfbd1736dce6e4247cfb9ba838363a967175df45bbc,data_moje__40_8_13.py
546,352,6204e7299de8b47257cd42449dd48f46d3ad83a7f32edc7000cceca03d4d8654,data_moje__40_2_15.py
546,352,6204e7299de8b47257cd42449dd48f46d3ad83a7f32edc7000cceca03d4d8654,data_moje__40_4_19.py
547,276,9517e630d7d16f4506eb8af67f582a8e128cd29871bb58a0c784ed64e4d335b5,data_moje__40_4_14.py
547,276,9517e630d7d16f4506eb8af67f582a8e128cd29871bb58a0c784ed64e4d335b5,data_moje__40_7_11.py
548,322,27eeeb6f938be061fbbc93b696acf6fd30a1bfcf191d456ed77707f73dd3c7c6,data_moje__40_6_3.py
548,322,27eeeb6f938be061fbbc93b696acf6fd30a1bfcf191d456ed77707f73dd3c7c6,data_moje__40_7_7.py
549,204,ef634e316647b101cb8455ea061abaff9f5b68f64bef33260277d91e97bfca03,data_moje__41_0_10.py
549,204,ef634e316647b101cb8455ea061abaff9f5b68f64bef33260277d91e97bfca03,data_moje__41_3_14.py
549,204,ef634e316647b101cb8455ea061abaff9f5b68f64bef33260277d91e97bfca03,data_moje__41_5_4.py
550,204,ee2abf3ac7d600efbc5c7c22b89962e1de2d9a7f337bb5107c9a8d14367ec6b8,data_moje__41_0_13.py
550,204,ee2abf3ac7d600efbc5c7c22b89962e1de2d9a7f337bb5107c9a8d14367ec6b8,data_moje__41_3_10.py
550,204,ee2abf3ac7d600efbc5c7c22b89962e1de2d9a7f337bb5107c9a8d14367ec6b8,data_moje__41_6.py
550,204,ee2abf3ac7d600efbc5c7c22b89962e1de2d9a7f337bb5107c9a8d14367ec6b8,data_moje__41_9_9.py
551,209,45820035633976d87698aec96bc2bcc70089b80db40441e596c139e9ef7c252e,data_moje__41_0_18.py
551,209,45820035633976d87698aec96bc2bcc70089b80db40441e596c139e9ef7c252e,data_moje__41_4_14.py
551,209,45820035633976d87698aec96bc2bcc70089b80db40441e596c139e9ef7c252e,data_moje__41_8_9.py
552,227,2ea1232ced04e9c30202b7a886f4b049d2b80ba97e8162b6914ebcf6b79d7a99,data_moje__41_1_10.py
552,227,2ea1232ced04e9c30202b7a886f4b049d2b80ba97e8162b6914ebcf6b79d7a99,data_moje__41_8_10.py
553,205,ac06a86ae2b6a3102e17d204de4b76cfb22eb508c8d2f2876f50a20f2c0fdf03,data_moje__41_2_11.py
553,205,ac06a86ae2b6a3102e17d204de4b76cfb22eb508c8d2f2876f50a20f2c0fdf03,data_moje__41_6_13.py
553,205,ac06a86ae2b6a3102e17d204de4b76cfb22eb508c8d2f2876f50a20f2c0fdf03,data_moje__41_9_6.py
554,192,cf257646cd57e18ddcd3e131aee5472be49f1bbcddcf85da88057575550e9861,data_moje__41_2_13.py
554,192,cf257646cd57e18ddcd3e131aee5472be49f1bbcddcf85da88057575550e9861,data_moje__41_9_1.py
555,212,989332f7576fade3ad4272a93e6514e592616ee278ee0c11db2742d468280a54,data_moje__41_2_6.py
555,212,989332f7576fade3ad4272a93e6514e592616ee278ee0c11db2742d468280a54,data_moje__41_6_2.py
556,209,f2cef6259f0f11b35bde87eeabcde65318bfa60c808c8342b359cff34a8cd0e3,data_moje__41_2_8.py
556,209,f2cef6259f0f11b35bde87eeabcde65318bfa60c808c8342b359cff34a8cd0e3,data_moje__41_3_12.py
556,209,f2cef6259f0f11b35bde87eeabcde65318bfa60c808c8342b359cff34a8cd0e3,data_moje__41_9_12.py
557,187,ce1d70a087be0f89aa8817b6d6d7f7e22075cb2a93b75ce8d1af6489ae98672a,data_moje__41_2_9.py
557,187,ce1d70a087be0f89aa8817b6d6d7f7e22075cb2a93b75ce8d1af6489ae98672a,data_moje__41_9_14.py
558,208,6193b6d548f439ac69b7f32403cf121da4022e03cb197df1828ad866ee6ac8ee,data_moje__41_3.py
558,208,6193b6d548f439ac69b7f32403cf121da4022e03cb197df1828ad866ee6ac8ee,data_moje__41_4_4.py
558,208,6193b6d548f439ac69b7f32403cf121da4022e03cb197df1828ad866ee6ac8ee,data_moje__41_6_7.py
558,208,6193b6d548f439ac69b7f32403cf121da4022e03cb197df1828ad866ee6ac8ee,data_moje__41_7_2.py
559,176,01d8db9c123ab3f06a659e53f99bfc3af9fefb8ae058d727db53b6eca22e5087,data_moje__41_3_15.py
559,176,01d8db9c123ab3f06a659e53f99bfc3af9fefb8ae058d727db53b6eca22e5087,data_moje__41_5_17.py
560,208,4d6a94d035b365ed1d5d646b2d81d98730a2ca5719571da63cfa6dbd55306af2,data_moje__41_3_9.py
560,208,4d6a94d035b365ed1d5d646b2d81d98730a2ca5719571da63cfa6dbd55306af2,data_moje__41_4_3.py
561,208,2ac822c15920f204e0e79e9863eb19293d25f92519e9638237c53d80cc01752e,data_moje__41_4_11.py
561,208,2ac822c15920f204e0e79e9863eb19293d25f92519e9638237c53d80cc01752e,data_moje__41_5_1.py
561,208,2ac822c15920f204e0e79e9863eb19293d25f92519e9638237c53d80cc01752e,data_moje__41_6_12.py
561,208,2ac822c15920f204e0e79e9863eb19293d25f92519e9638237c53d80cc01752e,data_moje__41_8_2.py
562,204,dad57f02e468379751252bf91df20db79d4e66fa1e09595ab00659e85e71ee29,data_moje__41_4_15.py
562,204,dad57f02e468379751252bf91df20db79d4e66fa1e09595ab00659e85e71ee29,data_moje__41_6_6.py
562,204,dad57f02e468379751252bf91df20db79d4e66fa1e09595ab00659e85e71ee29,data_moje__41_9_10.py
563,204,cb49627d4ba1508bdccf7bff84539e5e2b7737e090371a80a47271585f951a46,data_moje__41_4_5.py
563,204,cb49627d4ba1508bdccf7bff84539e5e2b7737e090371a80a47271585f951a46,data_moje__41_6_11.py
564,209,e49ea1107fae98256ade48cc76f5b571a6ede72de4c122bc16790fc160ff9be7,data_moje__41_4_7.py
564,209,e49ea1107fae98256ade48cc76f5b571a6ede72de4c122bc16790fc160ff9be7,data_moje__41_8_11.py
565,216,06b1708b2a01162201452973a7b1af18512fdbca66795c83ca696eeb88d6763d,data_moje__41_5_13.py
565,216,06b1708b2a01162201452973a7b1af18512fdbca66795c83ca696eeb88d6763d,data_moje__41_6_8.py
566,200,afe103ba4ea397de9fefa80b6d65ce2289de0f5965394368313d83ae91059544,data_moje__41_5_7.py
566,200,afe103ba4ea397de9fefa80b6d65ce2289de0f5965394368313d83ae91059544,data_moje__41_8_7.py
567,184,c7596bdfba29a508f63a2cd9d12d6ff6202666575b58e0b26345ce69d2511202,data_moje__41_6_5.py
567,184,c7596bdfba29a508f63a2cd9d12d6ff6202666575b58e0b26345ce69d2511202,data_moje__41_9_19.py
568,209,296e71831d18862a1c90dce8a6e4e76721466eeef4a89b399835c11ceb56f97d,data_moje__41_6_9.py
568,209,296e71831d18862a1c90dce8a6e4e76721466eeef4a89b399835c11ceb56f97d,data_moje__41_9_16.py
569,239,127dfab930359ea690ed66236b95e57215322c773e055fc97515c3377ba4ab6d,data_moje__42_0_5.py
569,239,127dfab930359ea690ed66236b95e57215322c773e055fc97515c3377ba4ab6d,data_moje__42_10_16.py
569,239,127dfab930359ea690ed66236b95e57215322c773e055fc97515c3377ba4ab6d,data_moje__42_5_3.py
570,294,05a89adabac7efe1f571d4501374c05f7aa6596f07bde019333654ebac6ad36e,data_moje__42_0_8.py
570,294,05a89adabac7efe1f571d4501374c05f7aa6596f07bde019333654ebac6ad36e,data_moje__42_10_6.py
571,251,8a68a592bee2b61776d18fd68bff55255ec23a5da783858fba2d4d65654c4488,data_moje__42_10_10.py
571,251,8a68a592bee2b61776d18fd68bff55255ec23a5da783858fba2d4d65654c4488,data_moje__42_3_8.py
572,224,ad80fbf2b48229515e0866dfc279ed4b2aaef3dc0b467d087f3cb382bd116893,data_moje__42_10_11.py
572,224,ad80fbf2b48229515e0866dfc279ed4b2aaef3dc0b467d087f3cb382bd116893,data_moje__42_2_12.py
572,224,ad80fbf2b48229515e0866dfc279ed4b2aaef3dc0b467d087f3cb382bd116893,data_moje__42_5_17.py
573,226,f64e0bdd3aa1cb06fcf63bb3f5a9651289f7f810f10db26ab4d3440b0df077c9,data_moje__42_10_13.py
573,226,f64e0bdd3aa1cb06fcf63bb3f5a9651289f7f810f10db26ab4d3440b0df077c9,data_moje__42_5_9.py
574,305,93474e983e06a220c07058d1eeceb9e03efaec1dcaeab899be984f390dc17edb,data_moje__42_10_15.py
574,305,93474e983e06a220c07058d1eeceb9e03efaec1dcaeab899be984f390dc17edb,data_moje__42_5_14.py
575,251,f7289a04011fbaafbb28cde691b9a1a571398cec33dab18a8532c2bb928638e3,data_moje__42_10_4.py
575,251,f7289a04011fbaafbb28cde691b9a1a571398cec33dab18a8532c2bb928638e3,data_moje__42_5_18.py
576,186,73bf69602481c6ade492166ea5a99668e812479ea285ddd95b7a5d952231b51b,data_moje__42_13_13.py
576,186,73bf69602481c6ade492166ea5a99668e812479ea285ddd95b7a5d952231b51b,data_moje__42_9_10.py
577,153,9e694cda2445243824efbcbe68a94434a5755fabffb43e33d5f841aa4e7fdf1d,data_moje__42_13_2.py
577,153,9e694cda2445243824efbcbe68a94434a5755fabffb43e33d5f841aa4e7fdf1d,data_moje__42_9_18.py
578,238,e36009052bb977a7f1acf329856d000602e26dce456b08410e70840e0c8214f4,data_moje__42_13_4.py
578,238,e36009052bb977a7f1acf329856d000602e26dce456b08410e70840e0c8214f4,data_moje__42_6_2.py
579,170,ab4aa1902959156e9d03c841134ba058548c457153a98a7ad7d1ee1c4af9e37f,data_moje__42_13_7.py
579,170,ab4aa1902959156e9d03c841134ba058548c457153a98a7ad7d1ee1c4af9e37f,data_moje__42_9_11.py
580,282,96bee8295a56a3555477cba7c8157d47006a6571ef5bfe0f2a8db3e2ff76ab4a,data_moje__42_2.py
580,282,96bee8295a56a3555477cba7c8157d47006a6571ef5bfe0f2a8db3e2ff76ab4a,data_moje__42_6_12.py
581,226,44a9883ea8c0b7ce291fb9bd68e579992c8d7ef8ded9e7305ba1cfa2bb5f1569,data_moje__42_2_1.py
581,226,44a9883ea8c0b7ce291fb9bd68e579992c8d7ef8ded9e7305ba1cfa2bb5f1569,data_moje__42_6_18.py
582,226,e69660f45409cc8cd2a2b590d0b2ef2b634018264316ce7202bd3d8c8ab14144,data_moje__42_2_13.py
582,226,e69660f45409cc8cd2a2b590d0b2ef2b634018264316ce7202bd3d8c8ab14144,data_moje__42_6_7.py
583,222,ce1bdd8be5f6bc5d573da6f45ec483eae8290a565661f14aa4d01d51b9ab5b0a,data_moje__42_2_15.py
583,222,ce1bdd8be5f6bc5d573da6f45ec483eae8290a565661f14aa4d01d51b9ab5b0a,data_moje__42_4_11.py
583,222,ce1bdd8be5f6bc5d573da6f45ec483eae8290a565661f14aa4d01d51b9ab5b0a,data_moje__42_6_9.py
584,222,bb8b599cefb9b2c57d9c54d2f265d768d2a21454359030e258a41667b0fc3b7f,data_moje__42_4_16.py
584,222,bb8b599cefb9b2c57d9c54d2f265d768d2a21454359030e258a41667b0fc3b7f,data_moje__42_9_8.py
585,145,3f477f76a88d0f07fdd2b42faca8d1c4bfff468df69329fe5db6df9cee143a3d,data_moje__42_4_19.py
585,145,3f477f76a88d0f07fdd2b42faca8d1c4bfff468df69329fe5db6df9cee143a3d,data_moje__42_8_6.py
586,199,a8c42270c6655958b240023379443666cf475f9e0d85897565ebe0337c0ad657,data_moje__42_4_6.py
586,199,a8c42270c6655958b240023379443666cf475f9e0d85897565ebe0337c0ad657,data_moje__42_8_1.py
587,349,6a1fa095a70e36ec2348fefa89bfcd140603d5c00702baf0b076abdcae70a199,data_moje__43_10_15.py
587,349,6a1fa095a70e36ec2348fefa89bfcd140603d5c00702baf0b076abdcae70a199,data_moje__43_14_5.py
587,349,6a1fa095a70e36ec2348fefa89bfcd140603d5c00702baf0b076abdcae70a199,data_moje__43_5_1.py
588,211,875a65b26f108fa625287aaec995c1fbcf47332f9295c8c1bd3301d6f58ca291,data_moje__44_0_12.py
588,211,875a65b26f108fa625287aaec995c1fbcf47332f9295c8c1bd3301d6f58ca291,data_moje__44_3_9.py
588,211,875a65b26f108fa625287aaec995c1fbcf47332f9295c8c1bd3301d6f58ca291,data_moje__44_9_13.py
589,211,3448089584e237a4085cc4714100dd90c654b73d324418147efa33653fb681cf,data_moje__44_11_9.py
589,211,3448089584e237a4085cc4714100dd90c654b73d324418147efa33653fb681cf,data_moje__47_1_1.py
590,249,9b74333ca35aa8b8203b1c183181248a6d5f20ae6ceb58d8463728958d79ffc4,data_moje__44_3_13.py
590,249,9b74333ca35aa8b8203b1c183181248a6d5f20ae6ceb58d8463728958d79ffc4,data_moje__44_9_2.py
591,339,8b3dc9d698fb5e243681ceac17c4620a61f0364d3df7be4abdc8cc35abdb6eac,data_moje__44_4_5.py
591,339,8b3dc9d698fb5e243681ceac17c4620a61f0364d3df7be4abdc8cc35abdb6eac,data_moje__47_7_6.py
592,284,4eb358ad0ff344ede90dc8e1b1736188b68bdbdb1803c72608d94a278abb60d8,data_moje__44_6_19.py
592,284,4eb358ad0ff344ede90dc8e1b1736188b68bdbdb1803c72608d94a278abb60d8,data_moje__47_5_13.py
593,197,5486cfb4dacbbebea7e0e6df7ad4fe3232faef582c248e06aa42a25148bf955d,data_moje__45_0_4.py
593,197,5486cfb4dacbbebea7e0e6df7ad4fe3232faef582c248e06aa42a25148bf955d,data_moje__45_8_19.py
594,376,80f5b634bd92784c979e4d876bd7996aca6ebc80ad0cb21c99237bb706a6419c,data_moje__45_14_16.py
594,376,80f5b634bd92784c979e4d876bd7996aca6ebc80ad0cb21c99237bb706a6419c,data_moje__45_8_13.py
595,426,c232001877570fffb17c0eaf4757b673d3352f480c0cbf45fbbafd9f24d04383,data_moje__52_0_11.py
595,426,c232001877570fffb17c0eaf4757b673d3352f480c0cbf45fbbafd9f24d04383,data_moje__52_14_12.py
596,181,62837880ee6b86d588f3f6fa28afaf603445d9828af64efea8ea730f7f7739f1,data_moje__56_10_2.py
596,181,62837880ee6b86d588f3f6fa28afaf603445d9828af64efea8ea730f7f7739f1,data_moje__56_4_19.py
597,360,c640558958093ab446e7cd17e0eb76d2b91ba60bb368901d8b3ba294b403ea06,data_moje__58_13_19.py
597,360,c640558958093ab446e7cd17e0eb76d2b91ba60bb368901d8b3ba294b403ea06,data_moje__58_5_6.py
598,233,f0aabde5548bc1dd6cb20b5c8dae8dc330082e16a691df8a5d8343f16d79d83f,data_moje__59_10_2.py
598,233,f0aabde5548bc1dd6cb20b5c8dae8dc330082e16a691df8a5d8343f16d79d83f,data_moje__59_7_8.py
599,452,8091048c397b9947ef4280d56e69ffdf002a741165220b0c54d299e02f6299c1,data_moje__5_2.py
599,452,8091048c397b9947ef4280d56e69ffdf002a741165220b0c54d299e02f6299c1,data_werka_1__5_2_27.py
600,437,6b9c1b7bb41042e83b03af8c9a568df6b2d37132e84301e971a04fe565d29117,data_moje__5_2_11.py
600,437,6b9c1b7bb41042e83b03af8c9a568df6b2d37132e84301e971a04fe565d29117,data_werka_1__5_2_20.py
601,235,d9fbfdde618794559596fb0c67026582d9d87ca2381fb977e57f51f99a7a63e1,data_moje__60_0.py
601,235,d9fbfdde618794559596fb0c67026582d9d87ca2381fb977e57f51f99a7a63e1,data_moje__60_4_11.py
602,325,900c57e49ceaa983fb0eeba9f5c20865a62a02e4decb242368e960307028f603,data_moje__60_0_11.py
602,325,900c57e49ceaa983fb0eeba9f5c20865a62a02e4decb242368e960307028f603,data_moje__60_9_9.py
603,300,9eff0113c5572e81e60ec74398f2ef9c1bdb46bcc79dec7b11fafdfe2d530459,data_moje__60_0_13.py
603,300,9eff0113c5572e81e60ec74398f2ef9c1bdb46bcc79dec7b11fafdfe2d530459,data_moje__60_14_12.py
603,300,9eff0113c5572e81e60ec74398f2ef9c1bdb46bcc79dec7b11fafdfe2d530459,data_moje__60_8_18.py
604,300,9c40dc16d483cd75021ef9c13c68b50ce658568e244d93de4924a8c4d8faf67a,data_moje__60_0_19.py
604,300,9c40dc16d483cd75021ef9c13c68b50ce658568e244d93de4924a8c4d8faf67a,data_moje__60_9_4.py
605,300,a5248bbb638a8ec33a0cb558027b88753910e7772b74078c63ec9f3c861d6704,data_moje__60_0_5.py
605,300,a5248bbb638a8ec33a0cb558027b88753910e7772b74078c63ec9f3c861d6704,data_moje__60_9_15.py
606,234,40d5d71fcf6d52a853aa2a9015e8a3034fcc916b4ab9e317639096c61b5038b7,data_moje__60_0_9.py
606,234,40d5d71fcf6d52a853aa2a9015e8a3034fcc916b4ab9e317639096c61b5038b7,data_moje__60_4_10.py
607,376,4ed419c95ab9ae09d02a806d2d6781140bda2b49157a56e4adbbf3c9d8d8580c,data_moje__60_12_5.py
607,376,4ed419c95ab9ae09d02a806d2d6781140bda2b49157a56e4adbbf3c9d8d8580c,data_moje__60_14_16.py
607,376,4ed419c95ab9ae09d02a806d2d6781140bda2b49157a56e4adbbf3c9d8d8580c,data_moje__60_7_1.py
608,325,a820c9d25e1512b358a5a7d0d41417a51038f23a03b6d117791ce3b68de92183,data_moje__60_14_1.py
608,325,a820c9d25e1512b358a5a7d0d41417a51038f23a03b6d117791ce3b68de92183,data_moje__60_8.py
609,321,da11a6f3efcebfa9a67dcf4decbc2833b2c5255052a259d0cf62b088e0c016a9,data_moje__60_3_1.py
609,321,da11a6f3efcebfa9a67dcf4decbc2833b2c5255052a259d0cf62b088e0c016a9,data_moje__60_8_10.py
610,351,ee5e85f7693928f3f752da0390cf84063a83938f1ea0531d03ce05847c7c76e8,data_moje__60_3_7.py
610,351,ee5e85f7693928f3f752da0390cf84063a83938f1ea0531d03ce05847c7c76e8,data_moje__60_8_2.py
610,351,ee5e85f7693928f3f752da0390cf84063a83938f1ea0531d03ce05847c7c76e8,data_moje__60_9_8.py
611,325,c0f643efbb2608240d2d45048f0f4bd63bbdc780d4ef2a79cd8536bc4c298530,data_moje__60_8_16.py
611,325,c0f643efbb2608240d2d45048f0f4bd63bbdc780d4ef2a79cd8536bc4c298530,data_moje__60_9_1.py
612,525,54de480d2dea58339fb1867bc8fd72e247963883ffef92e565c494fd1bcbe31f,data_moje__61_0.py
612,525,54de480d2dea58339fb1867bc8fd72e247963883ffef92e565c494fd1bcbe31f,data_moje__61_12_12.py
613,439,8e53f872287c007bc744fe53d5e3f7676ab668a5a1359f54f4c766700e347cb4,data_moje__61_0_7.py
613,439,8e53f872287c007bc744fe53d5e3f7676ab668a5a1359f54f4c766700e347cb4,data_moje__61_4_7.py
614,452,3746f6513352efc67c4d6523b8d983290f43a66d922706cffd1cfc9210f83f5c,data_moje__61_0_9.py
614,452,3746f6513352efc67c4d6523b8d983290f43a66d922706cffd1cfc9210f83f5c,data_moje__61_6_13.py
615,499,f3f1e536edfe24a3bb8a738559c53a647d649077c434ebae048282cfb29faaf6,data_moje__61_2_1.py
615,499,f3f1e536edfe24a3bb8a738559c53a647d649077c434ebae048282cfb29faaf6,data_moje__61_6_6.py
615,499,f3f1e536edfe24a3bb8a738559c53a647d649077c434ebae048282cfb29faaf6,data_moje__61_9_4.py
616,476,53380f929c95f5612db3655e57459c7f3aca13d861042ea224db18f4fcd1f982,data_moje__61_2_18.py
616,476,53380f929c95f5612db3655e57459c7f3aca13d861042ea224db18f4fcd1f982,data_moje__61_6.py
617,564,2b5c09c3d7d5e68c283e7a8bf44b25ffa5ee7cff47f4787e3f6645a597f8edad,data_moje__61_2_9.py
617,564,2b5c09c3d7d5e68c283e7a8bf44b25ffa5ee7cff47f4787e3f6645a597f8edad,data_moje__61_8_6.py
618,534,b11e97a0a6173d853a0d48d1988297adbf771a26d1e6d4e3e44e4350901d3b52,data_moje__61_3.py
618,534,b11e97a0a6173d853a0d48d1988297adbf771a26d1e6d4e3e44e4350901d3b52,data_moje__61_9_1.py
619,538,3d85bca21f2d3112ba1b67ae4c6e04fa734ccbcd36e97d5d5a9279101789f6ab,data_moje__61_6_18.py
619,538,3d85bca21f2d3112ba1b67ae4c6e04fa734ccbcd36e97d5d5a9279101789f6ab,data_moje__61_8_9.py
620,363,ce16f643d478c8ad40abde9926ffd0be72639b0d698e5d9454deb629f34a25da,data_moje__62_12_10.py
620,363,ce16f643d478c8ad40abde9926ffd0be72639b0d698e5d9454deb629f34a25da,data_moje__62_9_4.py
621,428,436ad8e3eb02b1b6e590a98091e80fc47c7655fd87ba6c7277d539ba768ae79c,data_moje__62_12_3.py
621,428,436ad8e3eb02b1b6e590a98091e80fc47c7655fd87ba6c7277d539ba768ae79c,data_moje__62_14_16.py
622,494,b58ee87ee9a175e288d513f05b9d1770c955664337aa94b9347010734c495865,data_moje__63_2_1.py
622,494,b58ee87ee9a175e288d513f05b9d1770c955664337aa94b9347010734c495865,data_moje__63_3_11.py
622,494,b58ee87ee9a175e288d513f05b9d1770c955664337aa94b9347010734c495865,data_moje__63_6_2.py
623,365,0902c0e03979cfa20dc8048eb825b57a353ca1fe08024a6caa70d62869af6275,data_moje__63_4_18.py
623,365,0902c0e03979cfa20dc8048eb825b57a353ca1fe08024a6caa70d62869af6275,data_moje__63_7.py
624,170,7e998f0aba0f0a803cf5f5fa1745ef329e66a03ad330f691a02a348f7a9bc399,data_moje__65_0.py
624,170,7e998f0aba0f0a803cf5f5fa1745ef329e66a03ad330f691a02a348f7a9bc399,data_moje__65_14_2.py
625,159,24b89f3c57c124354d7b11f76dde7371c1ff03ad692b21b261e638f11007832f,data_moje__65_0_1.py
625,159,24b89f3c57c124354d7b11f76dde7371c1ff03ad692b21b261e638f11007832f,data_moje__65_2_2.py
625,159,24b89f3c57c124354d7b11f76dde7371c1ff03ad692b21b261e638f11007832f,data_moje__65_3_4.py
625,159,24b89f3c57c124354d7b11f76dde7371c1ff03ad692b21b261e638f11007832f,data_moje__65_7_4.py
625,159,24b89f3c57c124354d7b11f76dde7371c1ff03ad692b21b261e638f11007832f,data_moje__65_9.py
626,161,a457ab0bead8860b3e5f20650332104fd9b8bf7a195bca5ed3f9753dd8d779ea,data_moje__65_0_10.py
626,161,a457ab0bead8860b3e5f20650332104fd9b8bf7a195bca5ed3f9753dd8d779ea,data_moje__65_14_16.py
626,161,a457ab0bead8860b3e5f20650332104fd9b8bf7a195bca5ed3f9753dd8d779ea,data_moje__65_2_7.py
626,161,a457ab0bead8860b3e5f20650332104fd9b8bf7a195bca5ed3f9753dd8d779ea,data_moje__65_3.py
626,161,a457ab0bead8860b3e5f20650332104fd9b8bf7a195bca5ed3f9753dd8d779ea,data_moje__65_7_10.py
627,177,b4dcffcbd9503ef005c454d7f4de8f5e9d38e4891bce3277baa7df115ff73217,data_moje__65_0_15.py
627,177,b4dcffcbd9503ef005c454d7f4de8f5e9d38e4891bce3277baa7df115ff73217,data_moje__65_2_1.py
628,169,82966a5ce8e0ab4557451f4b922404c9f3732720192bd682217ec90f433ea3c2,data_moje__65_0_2.py
628,169,82966a5ce8e0ab4557451f4b922404c9f3732720192bd682217ec90f433ea3c2,data_moje__65_14_9.py
629,128,552c554a569f354aea782194de2f4e2a649ef47e0ee65bab11306e280aa59e95,data_moje__65_0_3.py
629,128,552c554a569f354aea782194de2f4e2a649ef47e0ee65bab11306e280aa59e95,data_moje__65_13_7.py
629,128,552c554a569f354aea782194de2f4e2a649ef47e0ee65bab11306e280aa59e95,data_moje__65_14_1.py
629,128,552c554a569f354aea782194de2f4e2a649ef47e0ee65bab11306e280aa59e95,data_moje__65_2.py
629,128,552c554a569f354aea782194de2f4e2a649ef47e0ee65bab11306e280aa59e95,data_moje__65_3_1.py
629,128,552c554a569f354aea782194de2f4e2a649ef47e0ee65bab11306e280aa59e95,data_moje__65_5_1.py
630,170,32c155abe3e91ac0ff839af0e12acd1cc886485c4c8bd15d435ac330a87b7cb7,data_moje__65_13_9.py
630,170,32c155abe3e91ac0ff839af0e12acd1cc886485c4c8bd15d435ac330a87b7cb7,data_moje__65_14_18.py
631,170,ceabff28e32810422009f167bd8806970aade6c83b42473de73e6c234f32d9ca,data_moje__65_14.py
631,170,ceabff28e32810422009f167bd8806970aade6c83b42473de73e6c234f32d9ca,data_moje__65_3_13.py
632,138,072b2021047f5358b79e36aacd37ac497f76ea4c456f347c09659de3e45d0d20,data_moje__65_14_15.py
632,138,072b2021047f5358b79e36aacd37ac497f76ea4c456f347c09659de3e45d0d20,data_moje__65_2_3.py
633,107,6e6b721eb16fea48f4070d07fec2a266a0761d92b42c4a5ba4ff367d90c04096,data_moje__65_14_3.py
633,107,6e6b721eb16fea48f4070d07fec2a266a0761d92b42c4a5ba4ff367d90c04096,data_moje__65_3_8.py
633,107,6e6b721eb16fea48f4070d07fec2a266a0761d92b42c4a5ba4ff367d90c04096,data_moje__65_5_3.py
633,107,6e6b721eb16fea48f4070d07fec2a266a0761d92b42c4a5ba4ff367d90c04096,data_moje__65_7_2.py
634,199,64790c2875401d096695eb8f133c04ba78354b1f7f15079b6e13cbfb3b926565,data_moje__66_0_15.py
634,199,64790c2875401d096695eb8f133c04ba78354b1f7f15079b6e13cbfb3b926565,data_moje__66_14_5.py
635,154,dfcf30255b9b307638c8fb1184125cfc02c8d070e7a665ba0afb063d75379f75,data_moje__66_0_6.py
635,154,dfcf30255b9b307638c8fb1184125cfc02c8d070e7a665ba0afb063d75379f75,data_moje__66_14_4.py
636,132,ce8ae0112d5618d1a138e60844ee74c682893b7717d19cb5b88dead87fb45d0b,data_moje__69_0_1.py
636,132,ce8ae0112d5618d1a138e60844ee74c682893b7717d19cb5b88dead87fb45d0b,data_moje__69_10_1.py
637,176,27c9c0a3cfc7522c860ba189ea13c25761008605368807ead19b84f189102207,data_moje__69_0_14.py
637,176,27c9c0a3cfc7522c860ba189ea13c25761008605368807ead19b84f189102207,data_moje__69_10.py
638,246,a92befcb1efa3ec05353ad75da70946e6c874835f4afd22e93835127f0540fa2,data_moje__6_14_1.py
638,246,a92befcb1efa3ec05353ad75da70946e6c874835f4afd22e93835127f0540fa2,data_werka_1__6_13_26.py
638,246,a92befcb1efa3ec05353ad75da70946e6c874835f4afd22e93835127f0540fa2,data_werka_1__6_14_28.py
639,340,9c234b784c19cfac60633891322609c5fbaa3fa998c9aa346436d1b11065eaa5,data_moje__6_1_13.py
639,340,9c234b784c19cfac60633891322609c5fbaa3fa998c9aa346436d1b11065eaa5,data_moje__6_9_3.py
640,413,da18ed4ada82d6172ea5a7d0bab2b44d725fd3fffb889c250b3c998d74faa6b2,data_werka_1__12_14_24.py
640,413,da18ed4ada82d6172ea5a7d0bab2b44d725fd3fffb889c250b3c998d74faa6b2,data_werka_2__1_12_34.py
640,413,da18ed4ada82d6172ea5a7d0bab2b44d725fd3fffb889c250b3c998d74faa6b2,data_werka_2__1_14_41.py
641,214,8dd03fd110b155db41f18d304fe40886082021f6934558081bacbf666ff23f95,data_werka_1__15_0_20.py
641,214,8dd03fd110b155db41f18d304fe40886082021f6934558081bacbf666ff23f95,data_werka_1__15_9_20.py
642,193,e6e17cfd77c0e898abf7d39ead2c02cc15f49052a2ac4639c9ad421886c855d9,data_werka_1__15_0_23.py
642,193,e6e17cfd77c0e898abf7d39ead2c02cc15f49052a2ac4639c9ad421886c855d9,data_werka_1__15_9_25.py
643,203,845734aa23e3e69b81de440a685fb10c99df071137788d40354cd688e049d1e6,data_werka_1__15_0_29.py
643,203,845734aa23e3e69b81de440a685fb10c99df071137788d40354cd688e049d1e6,data_werka_1__15_9_22.py
644,212,a7f83eb2fb295d88e3a19907d9e8c234d5823c71d0126f38715758141ddba8b5,data_werka_1__16_0_21.py
644,212,a7f83eb2fb295d88e3a19907d9e8c234d5823c71d0126f38715758141ddba8b5,data_werka_1__16_12_20.py
645,210,9e2521b3fdc396c327b78568033b795b5c26a8f91e0b796d9c765920b9f598de,data_werka_1__16_0_25.py
645,210,9e2521b3fdc396c327b78568033b795b5c26a8f91e0b796d9c765920b9f598de,data_werka_1__16_12_24.py
646,147,1a454af1cffef2a87bf0c667df4d9aa50b0cb16074ac16944b2a95e71aa8d2b6,data_werka_1__16_10_20.py
646,147,1a454af1cffef2a87bf0c667df4d9aa50b0cb16074ac16944b2a95e71aa8d2b6,data_werka_1__16_2_21.py
647,53,ec73985dd0f381d7b6a52c0d183c50533e36bba3d44b12e8a84a8178e60910fb,data_werka_1__16_10_21.py
647,53,ec73985dd0f381d7b6a52c0d183c50533e36bba3d44b12e8a84a8178e60910fb,data_werka_1__16_2_29.py
648,148,fec7ffe4d466e2a02d9993efb30595ec3f01ecf278c334f163c70449044dd18f,data_werka_1__16_10_22.py
648,148,fec7ffe4d466e2a02d9993efb30595ec3f01ecf278c334f163c70449044dd18f,data_werka_1__16_2_20.py
649,55,6138699a1f798d56317767bdb530d6f9408d4fe52a5c1b8f21064895d07ee597,data_werka_1__16_10_23.py
649,55,6138699a1f798d56317767bdb530d6f9408d4fe52a5c1b8f21064895d07ee597,data_werka_1__16_2_22.py
650,140,91e7c6f44f5d5384df52a05fe46a92143677b16cc7d67a5f89c3ea2035165382,data_werka_1__16_10_24.py
650,140,91e7c6f44f5d5384df52a05fe46a92143677b16cc7d67a5f89c3ea2035165382,data_werka_1__16_2_24.py
651,139,7e319c1457fd613c907bf3af312596c70c5c33a385c46156cc0e8cd5d8b1b7d8,data_werka_1__16_10_25.py
651,139,7e319c1457fd613c907bf3af312596c70c5c33a385c46156cc0e8cd5d8b1b7d8,data_werka_1__16_2_23.py
652,107,ae6451f33bb1274de460b7bb1e2862b7cb0dd84645fb5ff6b46eab8e03d71b1b,data_werka_1__16_10_27.py
652,107,ae6451f33bb1274de460b7bb1e2862b7cb0dd84645fb5ff6b46eab8e03d71b1b,data_werka_1__16_2_26.py
653,294,06d39c94fcac14d5fa3d0248b9143c72449b484868abd135829a7fe641a23ba6,data_werka_1__16_1_20.py
653,294,06d39c94fcac14d5fa3d0248b9143c72449b484868abd135829a7fe641a23ba6,data_werka_1__16_9_24.py
654,296,4f24f8e230790d1e222eeda6dbb72444c3cbb78250f06d08fbc549c718e5deef,data_werka_1__16_1_21.py
654,296,4f24f8e230790d1e222eeda6dbb72444c3cbb78250f06d08fbc549c718e5deef,data_werka_1__16_9_20.py
655,300,7edbb8e9de28d80158c4ec2d9d721c8b9750825a9e31c873f4aaec717b5aa193,data_werka_1__16_1_22.py
655,300,7edbb8e9de28d80158c4ec2d9d721c8b9750825a9e31c873f4aaec717b5aa193,data_werka_1__16_9_21.py
656,269,3d32283b3fd064425dfe754854f23e894e28675eaff151aa8382c07aaef2a0a8,data_werka_1__16_1_24.py
656,269,3d32283b3fd064425dfe754854f23e894e28675eaff151aa8382c07aaef2a0a8,data_werka_1__16_9_26.py
657,293,0fb1944089f4895e7e5b8bc088d8e0f7efde35c9cd69d05df7f0b53e644f734f,data_werka_1__16_1_26.py
657,293,0fb1944089f4895e7e5b8bc088d8e0f7efde35c9cd69d05df7f0b53e644f734f,data_werka_1__16_9_28.py
658,288,6d174cc1e9b151303ec93eee6790c2555ad899056ea9cb3aff6dd040d20ed97c,data_werka_1__16_1_30.py
658,288,6d174cc1e9b151303ec93eee6790c2555ad899056ea9cb3aff6dd040d20ed97c,data_werka_1__16_9_25.py
659,294,b151b0615d6491c66542e12e8072b4a1396747f521fb8cfb2bb44492e75bb457,data_werka_1__16_1_31.py
659,294,b151b0615d6491c66542e12e8072b4a1396747f521fb8cfb2bb44492e75bb457,data_werka_1__16_9_22.py
660,325,1cc61172c14c45383accb91eb2d6c979392d37db521c4bf1bb528b361a5764d8,data_werka_1__16_1_33.py
660,325,1cc61172c14c45383accb91eb2d6c979392d37db521c4bf1bb528b361a5764d8,data_werka_1__16_9_23.py
661,210,30d2546c5d3fa3333c62cfb0f52920eca3cf871f6323b3b45cd6405e2a984262,data_werka_1__17_0_20.py
661,210,30d2546c5d3fa3333c62cfb0f52920eca3cf871f6323b3b45cd6405e2a984262,data_werka_1__17_8_32.py
661,210,30d2546c5d3fa3333c62cfb0f52920eca3cf871f6323b3b45cd6405e2a984262,data_werka_1__19_13_20.py
662,210,244c7b9c8a208392a3be07c29e52c29c24959f6e284b85bd604d760f314669e6,data_werka_1__17_0_23.py
662,210,244c7b9c8a208392a3be07c29e52c29c24959f6e284b85bd604d760f314669e6,data_werka_1__17_8_28.py
663,183,6644c8463164807f9c1f42d16fcaccf82406e51aa111cfb87a5b0aa7efbf92d6,data_werka_1__17_11_20.py
663,183,6644c8463164807f9c1f42d16fcaccf82406e51aa111cfb87a5b0aa7efbf92d6,data_werka_1__17_14_24.py
664,198,f6d0c8eed1077bc93f5c2d692c6e3940a97c780b690c98d1db95de147a4ed90a,data_werka_1__17_11_24.py
664,198,f6d0c8eed1077bc93f5c2d692c6e3940a97c780b690c98d1db95de147a4ed90a,data_werka_1__17_14_25.py
665,193,c417e08cb3ebe0687420759f25128c90e4e324545cc19c9cce77767f49b01d6a,data_werka_1__17_11_26.py
665,193,c417e08cb3ebe0687420759f25128c90e4e324545cc19c9cce77767f49b01d6a,data_werka_1__17_13_25.py
666,208,22e000dab0a36478d01dbba691d49785dd2644e8ad2c64a8e90e82e10bf45d1c,data_werka_1__17_11_34.py
666,208,22e000dab0a36478d01dbba691d49785dd2644e8ad2c64a8e90e82e10bf45d1c,data_werka_1__17_14_23.py
667,212,6ced937c508798302467c50a4004ea00eceab878f5321d16254e511f5a4bc9f0,data_werka_1__17_11_35.py
667,212,6ced937c508798302467c50a4004ea00eceab878f5321d16254e511f5a4bc9f0,data_werka_1__17_14_28.py
668,244,9682d34e7523e8ca24b6db0c2e3075b117fbf9a9f975f0731000451c3ba07a84,data_werka_1__17_1_29.py
668,244,9682d34e7523e8ca24b6db0c2e3075b117fbf9a9f975f0731000451c3ba07a84,data_werka_1__17_9_27.py
669,206,843a046b1b7099309a1071ad210a594bcc31c5f0c00ea7158c9d8370fb3ab462,data_werka_1__17_7_28.py
669,206,843a046b1b7099309a1071ad210a594bcc31c5f0c00ea7158c9d8370fb3ab462,data_werka_1__17_8_29.py
670,159,98e25d7798d8ff77339665d89d1c60772b28f36fc09a8b63e52bf0e55cbbcc4f,data_werka_1__17_8_21.py
670,159,98e25d7798d8ff77339665d89d1c60772b28f36fc09a8b63e52bf0e55cbbcc4f,data_werka_1__19_13_21.py
670,159,98e25d7798d8ff77339665d89d1c60772b28f36fc09a8b63e52bf0e55cbbcc4f,data_werka_2__17_0_37.py
671,201,2b8ed73629edc47e8bb34484d8a2d68e7c959c2c133f338e359f81d279fffe41,data_werka_1__17_8_23.py
671,201,2b8ed73629edc47e8bb34484d8a2d68e7c959c2c133f338e359f81d279fffe41,data_werka_1__19_13_25.py
672,199,c839ef8389b7e1b1e19c4eac1451e0ac3c40f5df4bc4f2e26ca5ed49d4fa1037,data_werka_1__17_8_24.py
672,199,c839ef8389b7e1b1e19c4eac1451e0ac3c40f5df4bc4f2e26ca5ed49d4fa1037,data_werka_1__19_13_36.py
673,196,a484535deedd2e15c62cbd49fa158f861a3e4f8c4d2d36939ce93e599c7a50a1,data_werka_1__17_8_26.py
673,196,a484535deedd2e15c62cbd49fa158f861a3e4f8c4d2d36939ce93e599c7a50a1,data_werka_2__17_7_34.py
674,199,13167860c39948276bb9da3a094ff40b4adbcc0f875a91afa5bf5437ca99f3ea,data_werka_1__17_8_31.py
674,199,13167860c39948276bb9da3a094ff40b4adbcc0f875a91afa5bf5437ca99f3ea,data_werka_1__19_13_26.py
675,155,f5a9780872809a556e98c488130cfc4e67968750771677f680eb716e5d4eda86,data_werka_1__18_12_20.py
675,155,f5a9780872809a556e98c488130cfc4e67968750771677f680eb716e5d4eda86,data_werka_1__18_1_23.py
675,155,f5a9780872809a556e98c488130cfc4e67968750771677f680eb716e5d4eda86,data_werka_1__19_0_33.py
675,155,f5a9780872809a556e98c488130cfc4e67968750771677f680eb716e5d4eda86,data_werka_1__26_0_22.py
676,99,a161405f5bb3836aa7a109565c9aafde1f86307d710349b87de039642d3b8b63,data_werka_1__18_12_22.py
676,99,a161405f5bb3836aa7a109565c9aafde1f86307d710349b87de039642d3b8b63,data_werka_1__18_5_30.py
676,99,a161405f5bb3836aa7a109565c9aafde1f86307d710349b87de039642d3b8b63,data_werka_1__19_0_29.py
676,99,a161405f5bb3836aa7a109565c9aafde1f86307d710349b87de039642d3b8b63,data_werka_1__26_14_23.py
677,120,dffb2ed7c93b2e58c31f11cd407da64ee91944d40c7a7bd2d27f07ef2c809805,data_werka_1__18_12_23.py
677,120,dffb2ed7c93b2e58c31f11cd407da64ee91944d40c7a7bd2d27f07ef2c809805,data_werka_1__19_0_21.py
677,120,dffb2ed7c93b2e58c31f11cd407da64ee91944d40c7a7bd2d27f07ef2c809805,data_werka_1__26_12_36.py
677,120,dffb2ed7c93b2e58c31f11cd407da64ee91944d40c7a7bd2d27f07ef2c809805,data_werka_1__26_14_21.py
678,155,d3467fa3e177f76d231fb1ee3124e3432845e84621f7f571c86fd2675f4a2208,data_werka_1__18_12_24.py
678,155,d3467fa3e177f76d231fb1ee3124e3432845e84621f7f571c86fd2675f4a2208,data_werka_1__18_1_33.py
678,155,d3467fa3e177f76d231fb1ee3124e3432845e84621f7f571c86fd2675f4a2208,data_werka_1__19_0_30.py
678,155,d3467fa3e177f76d231fb1ee3124e3432845e84621f7f571c86fd2675f4a2208,data_werka_1__26_0_32.py
679,186,e44a2811446fa0b371af5a58a3698d830f558fb81ba8f82af5bf30824e211481,data_werka_1__18_12_27.py
679,186,e44a2811446fa0b371af5a58a3698d830f558fb81ba8f82af5bf30824e211481,data_werka_1__18_1_26.py
679,186,e44a2811446fa0b371af5a58a3698d830f558fb81ba8f82af5bf30824e211481,data_werka_1__26_0_31.py
680,189,5ac7bff085e9ec0caf7b47725c0b57859cc644ae78cd7002864a590d9bb10a20,data_werka_1__18_12_29.py
680,189,5ac7bff085e9ec0caf7b47725c0b57859cc644ae78cd7002864a590d9bb10a20,data_werka_1__26_12_30.py
681,157,9dac42ccc4623bf62a8d670c753481e2ba32922a8b62133c1733989e18912b55,data_werka_1__18_12_30.py
681,157,9dac42ccc4623bf62a8d670c753481e2ba32922a8b62133c1733989e18912b55,data_werka_1__18_1_38.py
682,168,33a5b3d29bc5f662fd16bd2f8aaa122f54b0f800bcfab57a5e052ce05fc379ec,data_werka_1__18_12_31.py
682,168,33a5b3d29bc5f662fd16bd2f8aaa122f54b0f800bcfab57a5e052ce05fc379ec,data_werka_1__18_1_24.py
682,168,33a5b3d29bc5f662fd16bd2f8aaa122f54b0f800bcfab57a5e052ce05fc379ec,data_werka_1__19_0_25.py
682,168,33a5b3d29bc5f662fd16bd2f8aaa122f54b0f800bcfab57a5e052ce05fc379ec,data_werka_1__26_0_29.py
682,168,33a5b3d29bc5f662fd16bd2f8aaa122f54b0f800bcfab57a5e052ce05fc379ec,data_werka_1__26_12_35.py
682,168,33a5b3d29bc5f662fd16bd2f8aaa122f54b0f800bcfab57a5e052ce05fc379ec,data_werka_1__26_14_26.py
683,157,487889d503b3e44c3087397b45f88eca6451c45eb8e26b23c3503c6643a51b3d,data_werka_1__18_12_33.py
683,157,487889d503b3e44c3087397b45f88eca6451c45eb8e26b23c3503c6643a51b3d,data_werka_1__18_1_27.py
683,157,487889d503b3e44c3087397b45f88eca6451c45eb8e26b23c3503c6643a51b3d,data_werka_1__19_0_26.py
684,186,ab21be41e3acc9d161df47617513d3f0ad9ce68348dc2992ee86b78a745356d5,data_werka_1__18_1_20.py
684,186,ab21be41e3acc9d161df47617513d3f0ad9ce68348dc2992ee86b78a745356d5,data_werka_1__19_0_31.py
684,186,ab21be41e3acc9d161df47617513d3f0ad9ce68348dc2992ee86b78a745356d5,data_werka_1__26_0_21.py
684,186,ab21be41e3acc9d161df47617513d3f0ad9ce68348dc2992ee86b78a745356d5,data_werka_1__26_12_22.py
685,155,ef441ca916692a02a3648460a1ecbc168e4e1fb27f5f32f127ca0e3608394dc8,data_werka_1__18_1_32.py
685,155,ef441ca916692a02a3648460a1ecbc168e4e1fb27f5f32f127ca0e3608394dc8,data_werka_1__19_0_28.py
685,155,ef441ca916692a02a3648460a1ecbc168e4e1fb27f5f32f127ca0e3608394dc8,data_werka_1__26_0_30.py
685,155,ef441ca916692a02a3648460a1ecbc168e4e1fb27f5f32f127ca0e3608394dc8,data_werka_2__26_11_47.py
686,186,db20af4ad7bdd73b367f55ad323f068174acd242c2c6de6927cdec4a41baf22f,data_werka_1__18_1_35.py
686,186,db20af4ad7bdd73b367f55ad323f068174acd242c2c6de6927cdec4a41baf22f,data_werka_1__19_0_34.py
687,270,9a61b7e62762e0c05de67f4533540bb3dfda92c512c99c8aa2e88e09822ab7e7,data_werka_1__18_1_37.py
687,270,9a61b7e62762e0c05de67f4533540bb3dfda92c512c99c8aa2e88e09822ab7e7,data_werka_1__26_0_27.py
687,270,9a61b7e62762e0c05de67f4533540bb3dfda92c512c99c8aa2e88e09822ab7e7,data_werka_1__26_12_21.py
688,121,1f21990672fd2cfab2ce88443228115263e99f9934b53d78b0476bfacff4099a,data_werka_1__18_5_29.py
688,121,1f21990672fd2cfab2ce88443228115263e99f9934b53d78b0476bfacff4099a,data_werka_1__19_0_32.py
689,170,e4f0d2b54edc976591ceced202b47e2ca1c21c7607cc8172a29b10f2912ec0af,data_werka_1__19_0_24.py
689,170,e4f0d2b54edc976591ceced202b47e2ca1c21c7607cc8172a29b10f2912ec0af,data_werka_1__26_0_20.py
690,126,f102298f6874f9cc2d25b07266a07ef44dedfa214aa135a74979e0f248f81b35,data_werka_1__19_0_27.py
690,126,f102298f6874f9cc2d25b07266a07ef44dedfa214aa135a74979e0f248f81b35,data_werka_1__26_14_30.py
691,196,f33d5e2a2b155a91e7d14b8760ef03732273959f6bd749fab5a470e36c482788,data_werka_1__19_13_22.py
691,196,f33d5e2a2b155a91e7d14b8760ef03732273959f6bd749fab5a470e36c482788,data_werka_2__17_0_34.py
692,711,619a82f05357117c648936f8ff71952de409a3905525ef21ff2f8db3686cc090,data_werka_1__1_11_29.py
692,711,619a82f05357117c648936f8ff71952de409a3905525ef21ff2f8db3686cc090,data_werka_1__1_1_30.py
693,719,36e71b9f67dcf2b3f5c03fde6c35f0a4e91aeed56ebfe9d1eae7cfb30d449b97,data_werka_1__1_11_31.py
693,719,36e71b9f67dcf2b3f5c03fde6c35f0a4e91aeed56ebfe9d1eae7cfb30d449b97,data_werka_1__1_1_29.py
694,229,9701199ec088de3a2ffa81eeaca7d5b551505f14c848dacd342f5f847153affb,data_werka_1__21_0_23.py
694,229,9701199ec088de3a2ffa81eeaca7d5b551505f14c848dacd342f5f847153affb,data_werka_1__21_8_31.py
695,225,43d4a5e3bc7d05d596b09649b3df265e8f98c988ee8322d50c6fafce17e71ad2,data_werka_1__21_0_24.py
695,225,43d4a5e3bc7d05d596b09649b3df265e8f98c988ee8322d50c6fafce17e71ad2,data_werka_1__21_8_24.py
696,222,75725a2e73d22f3089c9365bcde89c03dec5791c5572913d31b8e4035544680f,data_werka_1__21_0_25.py
696,222,75725a2e73d22f3089c9365bcde89c03dec5791c5572913d31b8e4035544680f,data_werka_1__21_8_21.py
697,231,f4c6c9f5141234b9534b84e04b5ecbe3f290a1f89e2f0ea01c25d283d9f449a6,data_werka_1__21_0_26.py
697,231,f4c6c9f5141234b9534b84e04b5ecbe3f290a1f89e2f0ea01c25d283d9f449a6,data_werka_1__21_8_26.py
698,225,6266b33f612342741537153241e39f970c1ad01c07219e096558613f3b261f0e,data_werka_1__21_0_29.py
698,225,6266b33f612342741537153241e39f970c1ad01c07219e096558613f3b261f0e,data_werka_1__21_8_29.py
699,240,c92c7e14acbce89b20016b9a87aa4fbdb0bd6aa558c4461983a8b0556f267760,data_werka_1__21_0_32.py
699,240,c92c7e14acbce89b20016b9a87aa4fbdb0bd6aa558c4461983a8b0556f267760,data_werka_1__21_8_22.py
700,222,82d88c83b7427c8075ccdc79bd149421cfd9c3d868f7ada00a749c7b827f7b16,data_werka_1__21_0_34.py
700,222,82d88c83b7427c8075ccdc79bd149421cfd9c3d868f7ada00a749c7b827f7b16,data_werka_1__21_8_23.py
701,236,cb322433ea18c65a6a690501c0749cb659f97b1b2672851d122fad1071172f75,data_werka_1__21_0_38.py
701,236,cb322433ea18c65a6a690501c0749cb659f97b1b2672851d122fad1071172f75,data_werka_1__21_8_33.py
702,284,d0e990c22a6c9e45d9df6c8c54a68191c1f908439021e41c55b9e288c5bdd6be,data_werka_1__21_2_28.py
702,284,d0e990c22a6c9e45d9df6c8c54a68191c1f908439021e41c55b9e288c5bdd6be,data_werka_1__21_9_24.py
703,426,b7c8f6a28f7746e6bf746dfcb4cf3915b1b604c7eac4bfd618c7cb227eb2844e,data_werka_1__21_6_20.py
703,426,b7c8f6a28f7746e6bf746dfcb4cf3915b1b604c7eac4bfd618c7cb227eb2844e,data_werka_2__21_14_34.py
704,203,41afe989f1b959478d14534a08c2d4a15819fcb149155c30e59b2411a9f31628,data_werka_1__22_0_20.py
704,203,41afe989f1b959478d14534a08c2d4a15819fcb149155c30e59b2411a9f31628,data_werka_1__22_11_23.py
704,203,41afe989f1b959478d14534a08c2d4a15819fcb149155c30e59b2411a9f31628,data_werka_1__22_13_21.py
704,203,41afe989f1b959478d14534a08c2d4a15819fcb149155c30e59b2411a9f31628,data_werka_1__22_7_20.py
705,154,0ca58d6cebfa76e6eab9df1e282129d59c4ffe3713d57ab3ad6ad56e7c008b79,data_werka_1__22_0_21.py
705,154,0ca58d6cebfa76e6eab9df1e282129d59c4ffe3713d57ab3ad6ad56e7c008b79,data_werka_1__22_11_20.py
706,215,88cc0f89af3656786386bdc1c2bdd39e32d734c602d7f5652ada5c9ea901de99,data_werka_1__22_0_22.py
706,215,88cc0f89af3656786386bdc1c2bdd39e32d734c602d7f5652ada5c9ea901de99,data_werka_1__22_11_27.py
706,215,88cc0f89af3656786386bdc1c2bdd39e32d734c602d7f5652ada5c9ea901de99,data_werka_1__22_14_22.py
706,215,88cc0f89af3656786386bdc1c2bdd39e32d734c602d7f5652ada5c9ea901de99,data_werka_1__22_7_28.py
707,154,b37a937da0cb11d8cca597d43e7bd39e9eb4305fdffdb875211ad1528b9592f7,data_werka_1__22_0_24.py
707,154,b37a937da0cb11d8cca597d43e7bd39e9eb4305fdffdb875211ad1528b9592f7,data_werka_1__22_11_25.py
708,201,1a0d9ef8273873f372bb13e02f127eb184e0532756e65e7fdbe0149185bdf227,data_werka_1__22_0_25.py
708,201,1a0d9ef8273873f372bb13e02f127eb184e0532756e65e7fdbe0149185bdf227,data_werka_1__22_14_33.py
709,189,8440a27f7469acb6a75ef0611181189f78e5c03e1660d29f643c067786adc084,data_werka_1__22_0_26.py
709,189,8440a27f7469acb6a75ef0611181189f78e5c03e1660d29f643c067786adc084,data_werka_1__22_11_35.py
710,210,2c813b1ade1f9d0749f4d1b616f2fdffe3604658e05e9b7a3d6cef87656ae5e9,data_werka_1__22_0_27.py
710,210,2c813b1ade1f9d0749f4d1b616f2fdffe3604658e05e9b7a3d6cef87656ae5e9,data_werka_1__22_14_29.py
710,210,2c813b1ade1f9d0749f4d1b616f2fdffe3604658e05e9b7a3d6cef87656ae5e9,data_werka_2__22_7_37.py
711,210,a1106e51c20a82be59e2b5d9aba96cd75950f2c27b5f53458d254d2f0bcb4af0,data_werka_1__22_0_28.py
711,210,a1106e51c20a82be59e2b5d9aba96cd75950f2c27b5f53458d254d2f0bcb4af0,data_werka_1__22_14_32.py
711,210,a1106e51c20a82be59e2b5d9aba96cd75950f2c27b5f53458d254d2f0bcb4af0,data_werka_1__22_7_32.py
712,197,db59ceda9cdffa5e2f08bbb6ddf0dc406ee0c591fad04683ca54ca8dfa2863d0,data_werka_1__22_0_29.py
712,197,db59ceda9cdffa5e2f08bbb6ddf0dc406ee0c591fad04683ca54ca8dfa2863d0,data_werka_1__22_11_33.py
712,197,db59ceda9cdffa5e2f08bbb6ddf0dc406ee0c591fad04683ca54ca8dfa2863d0,data_werka_1__22_7_21.py
712,197,db59ceda9cdffa5e2f08bbb6ddf0dc406ee0c591fad04683ca54ca8dfa2863d0,data_werka_2__22_13_27.py
713,199,9b5d692a2d2f698683c5e795433bda309a585b8bf5e990049792f80dac930ac8,data_werka_1__22_0_30.py
713,199,9b5d692a2d2f698683c5e795433bda309a585b8bf5e990049792f80dac930ac8,data_werka_1__22_11_31.py
714,214,209a595b53879e43738b81cae2570961e803651dfed5af94f6308030b85377fa,data_werka_1__22_0_31.py
714,214,209a595b53879e43738b81cae2570961e803651dfed5af94f6308030b85377fa,data_werka_1__22_14_30.py
715,164,e1df0df7ec7a75aaba2627091772fcc025fdac439df200fad023770f3aad7e6b,data_werka_1__22_0_32.py
715,164,e1df0df7ec7a75aaba2627091772fcc025fdac439df200fad023770f3aad7e6b,data_werka_1__22_7_30.py
716,245,6e10e644d7a9013c24d3f14a56a87b31341824298c157ccb32ea6c9ccc4fb271,data_werka_1__22_10_20.py
716,245,6e10e644d7a9013c24d3f14a56a87b31341824298c157ccb32ea6c9ccc4fb271,data_werka_1__22_3_20.py
717,247,ed827fa972fbe0fc333840de4277cd67427f52542acf876cc13ec8222836fdea,data_werka_1__22_10_21.py
717,247,ed827fa972fbe0fc333840de4277cd67427f52542acf876cc13ec8222836fdea,data_werka_1__22_3_21.py
718,243,d6f43840a7e87dc569d8cefa2f059e36771e4ec2add744ab2211431b3d32ec3c,data_werka_1__22_10_22.py
718,243,d6f43840a7e87dc569d8cefa2f059e36771e4ec2add744ab2211431b3d32ec3c,data_werka_1__22_3_22.py
719,382,cb656ecacca1da9c65f5152cad3080dcbe23e3a66b1fd300be03333d3cf56bdb,data_werka_1__22_10_29.py
719,382,cb656ecacca1da9c65f5152cad3080dcbe23e3a66b1fd300be03333d3cf56bdb,data_werka_1__22_3_28.py
720,200,f7b6464d0a1a1e5f1c7b25a98d43b2e5c78ffdf0b6d9a41d85db00bb058f25a3,data_werka_1__22_11_21.py
720,200,f7b6464d0a1a1e5f1c7b25a98d43b2e5c78ffdf0b6d9a41d85db00bb058f25a3,data_werka_2__22_0_36.py
720,200,f7b6464d0a1a1e5f1c7b25a98d43b2e5c78ffdf0b6d9a41d85db00bb058f25a3,data_werka_2__22_7_38.py
721,204,d05fccd9988383636d11a5248440d4e0d51c2eecf9711f8d6a2aec28b6241755,data_werka_1__22_11_22.py
721,204,d05fccd9988383636d11a5248440d4e0d51c2eecf9711f8d6a2aec28b6241755,data_werka_1__22_13_20.py
721,204,d05fccd9988383636d11a5248440d4e0d51c2eecf9711f8d6a2aec28b6241755,data_werka_1__22_7_22.py
722,201,01c2f1fe4c742f8b1067a6698209b4d0a479774632d71f6b811239c4b49c2e1b,data_werka_1__22_11_24.py
722,201,01c2f1fe4c742f8b1067a6698209b4d0a479774632d71f6b811239c4b49c2e1b,data_werka_1__22_13_25.py
722,201,01c2f1fe4c742f8b1067a6698209b4d0a479774632d71f6b811239c4b49c2e1b,data_werka_1__22_7_33.py
723,200,554c22bba31b9d78dca0816909ed8d2327b2b6a88b6975896afe473e0ee00b6a,data_werka_1__22_11_29.py
723,200,554c22bba31b9d78dca0816909ed8d2327b2b6a88b6975896afe473e0ee00b6a,data_werka_1__22_13_23.py
723,200,554c22bba31b9d78dca0816909ed8d2327b2b6a88b6975896afe473e0ee00b6a,data_werka_1__22_7_25.py
724,198,8039646a7f8acc83c9abee449d7b795257e9091d79df75867a5a369e2dd38b5e,data_werka_1__22_11_32.py
724,198,8039646a7f8acc83c9abee449d7b795257e9091d79df75867a5a369e2dd38b5e,data_werka_1__22_7_35.py
725,213,03d6e03aa742d72dc79d3e8cf10d178805d2c3e0ca6e6ed79b161c709a9e5575,data_werka_1__22_14_21.py
725,213,03d6e03aa742d72dc79d3e8cf10d178805d2c3e0ca6e6ed79b161c709a9e5575,data_werka_1__22_7_27.py
726,211,540704e6f1d8306778ab1643974e2c6da8aee4a65bbe650d27b370137fcec9c8,data_werka_1__22_14_23.py
726,211,540704e6f1d8306778ab1643974e2c6da8aee4a65bbe650d27b370137fcec9c8,data_werka_1__22_7_29.py
727,213,36dbea4566c078c59c813d77129854b70cc43eed14a19345492a06ec9cf80360,data_werka_1__22_1_20.py
727,213,36dbea4566c078c59c813d77129854b70cc43eed14a19345492a06ec9cf80360,data_werka_1__22_8_23.py
728,215,75e6f401260c302e2533e45ffeb5b458ee14e7812291fd90c68b34c3df4fd29b,data_werka_1__22_1_25.py
728,215,75e6f401260c302e2533e45ffeb5b458ee14e7812291fd90c68b34c3df4fd29b,data_werka_1__22_8_24.py
729,154,fac6b53afe9c73eba7105f0f084ccb5f3fcbccf14bd166cfb47044cb37639ba3,data_werka_1__22_7_31.py
729,154,fac6b53afe9c73eba7105f0f084ccb5f3fcbccf14bd166cfb47044cb37639ba3,merge_2_12_7_5.py
730,209,44e41436ae1c76b4839f08c88d66afa8d4f9577b6d78f5df72fdbe23141b9629,data_werka_1__24_0_21.py
730,209,44e41436ae1c76b4839f08c88d66afa8d4f9577b6d78f5df72fdbe23141b9629,data_werka_1__24_8_31.py
731,213,1fa088e216ebe4d2c21d518a054c28163cd1e47090d0da2f1d48cd56f61092e8,data_werka_1__24_0_23.py
731,213,1fa088e216ebe4d2c21d518a054c28163cd1e47090d0da2f1d48cd56f61092e8,data_werka_1__24_8_22.py
732,201,95125a28445ce7d94bc4282b818238a65e3c4004386a12a3129967d3c8b931cc,data_werka_1__24_0_28.py
732,201,95125a28445ce7d94bc4282b818238a65e3c4004386a12a3129967d3c8b931cc,data_werka_1__24_8_34.py
733,211,67540e1c9744fe7c9dba8611389e9574d750932a6a8a28da35f1274764c00df6,data_werka_1__24_0_34.py
733,211,67540e1c9744fe7c9dba8611389e9574d750932a6a8a28da35f1274764c00df6,data_werka_1__24_8_23.py
734,139,d85badf4f68ea06db95ea87986218e4627945b4a1b65c7c0be3875f5f837185e,data_werka_1__24_10_24.py
734,139,d85badf4f68ea06db95ea87986218e4627945b4a1b65c7c0be3875f5f837185e,data_werka_1__24_2_22.py
735,140,fa0b6bbb1c1be9f21af3b2bef1d40b3206313c6a910ff289d5628a517e0354ae,data_werka_1__24_10_26.py
735,140,fa0b6bbb1c1be9f21af3b2bef1d40b3206313c6a910ff289d5628a517e0354ae,data_werka_1__24_2_26.py
736,211,71dba5061b913758003ed0a53054b353c45adc1ab8afc0e2dfdc0a2502dc3a90,data_werka_1__24_11_20.py
736,211,71dba5061b913758003ed0a53054b353c45adc1ab8afc0e2dfdc0a2502dc3a90,data_werka_1__24_13_20.py
736,211,71dba5061b913758003ed0a53054b353c45adc1ab8afc0e2dfdc0a2502dc3a90,data_werka_1__24_14_21.py
737,208,23f69375cbb84e4c59fa92aaa762b24cbefd83dca1698a1aa1edb2a2ef078155,data_werka_1__24_11_29.py
737,208,23f69375cbb84e4c59fa92aaa762b24cbefd83dca1698a1aa1edb2a2ef078155,data_werka_1__24_13_31.py
737,208,23f69375cbb84e4c59fa92aaa762b24cbefd83dca1698a1aa1edb2a2ef078155,data_werka_1__24_14_23.py
738,210,33d55afdef9690b98818e19a6615bc6f0a51117c176a94b9197f2daf0c00a2ae,data_werka_1__24_8_33.py
738,210,33d55afdef9690b98818e19a6615bc6f0a51117c176a94b9197f2daf0c00a2ae,data_werka_2__24_0_38.py
738,210,33d55afdef9690b98818e19a6615bc6f0a51117c176a94b9197f2daf0c00a2ae,data_werka_2__24_11_39.py
739,169,4019d4ce75fe7c2839c9fdcd19209a0e68ffcea301fadf9f18d7e0f3baba396a,data_werka_1__25_13_21.py
739,169,4019d4ce75fe7c2839c9fdcd19209a0e68ffcea301fadf9f18d7e0f3baba396a,data_werka_1__25_9_22.py
740,198,a441f488e93886da08c7473e4e9976697dd8493e7bd0909112bf9b3c6595418f,data_werka_1__25_13_22.py
740,198,a441f488e93886da08c7473e4e9976697dd8493e7bd0909112bf9b3c6595418f,data_werka_1__25_9_23.py
741,172,2e64097cee2d6ff9aa9c9af078fb32ca3185e54729de528dd14cfff132cd8885,data_werka_1__25_13_25.py
741,172,2e64097cee2d6ff9aa9c9af078fb32ca3185e54729de528dd14cfff132cd8885,data_werka_1__25_9_37.py
742,170,7e3f00fbfad2f2132c25e627cac62b2c683aec55f51d6d8520fa94e94875c808,data_werka_1__25_13_26.py
742,170,7e3f00fbfad2f2132c25e627cac62b2c683aec55f51d6d8520fa94e94875c808,data_werka_1__25_9_27.py
743,170,89d4b29a856bda6fd7eeb7844c082a82b4f35f9f0a155a79166b52af6368402e,data_werka_1__25_13_27.py
743,170,89d4b29a856bda6fd7eeb7844c082a82b4f35f9f0a155a79166b52af6368402e,data_werka_1__25_9_39.py
744,118,9505be4d828680b2804aeba703ec9ba7e137489ad48c1d209c0a3b1e6727333a,data_werka_1__26_3_27.py
744,118,9505be4d828680b2804aeba703ec9ba7e137489ad48c1d209c0a3b1e6727333a,data_werka_1__26_8_30.py
745,91,2fac5a42a90b1c3cf5e8a81d3db3f4f1e249cb21847e4a3d11a342f21a5393e6,data_werka_1__26_3_32.py
745,91,2fac5a42a90b1c3cf5e8a81d3db3f4f1e249cb21847e4a3d11a342f21a5393e6,data_werka_1__26_8_20.py
746,181,2d3d10834bf90e11d8c1d4862eb297bff9dcd24dac4b1c570d68140b997f8030,data_werka_1__28_0_20.py
746,181,2d3d10834bf90e11d8c1d4862eb297bff9dcd24dac4b1c570d68140b997f8030,data_werka_1__28_13_21.py
746,181,2d3d10834bf90e11d8c1d4862eb297bff9dcd24dac4b1c570d68140b997f8030,data_werka_1__28_9_21.py
747,151,34025fce3ea13dd425430e63368f37587affe35101621cb3ed1bbf68bcd39c0b,data_werka_1__28_0_21.py
747,151,34025fce3ea13dd425430e63368f37587affe35101621cb3ed1bbf68bcd39c0b,data_werka_1__28_9_30.py
748,168,f5831709046bd9646fa38b374239f7bb046a56c0c36ef3823650b7298a21867d,data_werka_1__28_0_23.py
748,168,f5831709046bd9646fa38b374239f7bb046a56c0c36ef3823650b7298a21867d,data_werka_1__28_9_20.py
749,181,9c6188d20ff4bc57c8b84119dfb875ed4aa968bffc135cc8de4fc7793dc1a2ed,data_werka_1__28_0_24.py
749,181,9c6188d20ff4bc57c8b84119dfb875ed4aa968bffc135cc8de4fc7793dc1a2ed,data_werka_1__28_9_27.py
750,165,5bb5f865e7934d7214b1df2e29372b2733b2824acaf20da76762a917b2395f2e,data_werka_1__28_0_25.py
750,165,5bb5f865e7934d7214b1df2e29372b2733b2824acaf20da76762a917b2395f2e,data_werka_1__28_13_30.py
750,165,5bb5f865e7934d7214b1df2e29372b2733b2824acaf20da76762a917b2395f2e,data_werka_1__28_9_25.py
751,118,4b1a71be7a4e71a5f7d2702fbbe85b8f85afb317b8b8e038017169187e12d05c,data_werka_1__28_0_28.py
751,118,4b1a71be7a4e71a5f7d2702fbbe85b8f85afb317b8b8e038017169187e12d05c,data_werka_1__28_13_22.py
752,151,ab3209c13d8438054e9928fdceb78043cb66c2b970e6d135a5a8df09662eb690,data_werka_1__28_0_30.py
752,151,ab3209c13d8438054e9928fdceb78043cb66c2b970e6d135a5a8df09662eb690,data_werka_2__28_7_39.py
753,167,4b06717eea96f841bed113251546def92e7ab65381599b6fded787912de90342,data_werka_1__28_0_31.py
753,167,4b06717eea96f841bed113251546def92e7ab65381599b6fded787912de90342,data_werka_1__28_9_29.py
754,147,98afe4b33355950361d8a4526b96731ab20dbb9293ff789f5d17df4aabeef5d5,data_werka_1__28_0_32.py
754,147,98afe4b33355950361d8a4526b96731ab20dbb9293ff789f5d17df4aabeef5d5,data_werka_1__28_9_28.py
755,155,e41aea6f2d15568a3f9196f74460b179dc540157a104a3a3a81daa5068f4a666,data_werka_1__28_0_34.py
755,155,e41aea6f2d15568a3f9196f74460b179dc540157a104a3a3a81daa5068f4a666,data_werka_1__28_13_32.py
756,183,f0a5accebd7d5c75ed817cb1d6825605d13c735641e2fd17e200f037ffbcd7a7,data_werka_1__28_0_35.py
756,183,f0a5accebd7d5c75ed817cb1d6825605d13c735641e2fd17e200f037ffbcd7a7,data_werka_1__28_9_22.py
757,200,6bb5f0b8b96e7a44f593686db4d130e7bb0e35335980f2e21853bcabbd090850,data_werka_1__28_13_23.py
757,200,6bb5f0b8b96e7a44f593686db4d130e7bb0e35335980f2e21853bcabbd090850,data_werka_1__28_3_33.py
758,153,4a2a40e2fd08739ffb3746e171148677a25411717fcee93c52515b05e4daea5f,data_werka_1__28_13_34.py
758,153,4a2a40e2fd08739ffb3746e171148677a25411717fcee93c52515b05e4daea5f,data_werka_1__28_3_22.py
759,143,69c47b1dcb84fe5c9310bd181b6e3a094edac5f2b1b0804e5327cde45767d08a,data_werka_1__29_10_20.py
759,143,69c47b1dcb84fe5c9310bd181b6e3a094edac5f2b1b0804e5327cde45767d08a,data_werka_1__36_11_22.py
760,100,5674f5fa018eb218fa2f144570bb2e5a451d45f0f01beefeaa0c88c0f70be457,data_werka_1__29_10_28.py
760,100,5674f5fa018eb218fa2f144570bb2e5a451d45f0f01beefeaa0c88c0f70be457,data_werka_2__36_10_34.py
761,146,f6ec24bae5817f47690862e8e6245df5e61425e2ff3b7f66e22001ea8c52847a,data_werka_1__29_10_30.py
761,146,f6ec24bae5817f47690862e8e6245df5e61425e2ff3b7f66e22001ea8c52847a,data_werka_2__36_10_50.py
762,133,b99d32a8296b87394b6c36baf1de3792243491cbcfea66c10cab0536f0fef10e,data_werka_1__29_10_31.py
762,133,b99d32a8296b87394b6c36baf1de3792243491cbcfea66c10cab0536f0fef10e,data_werka_1__36_11_32.py
763,190,3742163f114e5d7e7ff67f76795e0e58eb4cbf12ea42400ab34d0ad8f0519a51,data_werka_1__29_12_20.py
763,190,3742163f114e5d7e7ff67f76795e0e58eb4cbf12ea42400ab34d0ad8f0519a51,data_werka_1__29_3_27.py
763,190,3742163f114e5d7e7ff67f76795e0e58eb4cbf12ea42400ab34d0ad8f0519a51,data_werka_1__36_1_20.py
763,190,3742163f114e5d7e7ff67f76795e0e58eb4cbf12ea42400ab34d0ad8f0519a51,data_werka_1__36_9_21.py
764,182,6dba12ed6a91c12a328345e591fc1430676f0de64410c0e039cd6ad7db533f3e,data_werka_1__29_12_21.py
764,182,6dba12ed6a91c12a328345e591fc1430676f0de64410c0e039cd6ad7db533f3e,data_werka_1__29_3_28.py
764,182,6dba12ed6a91c12a328345e591fc1430676f0de64410c0e039cd6ad7db533f3e,data_werka_1__36_1_21.py
765,186,16a796dd32c5da33f416058bf3010f92e85789a8720acad0d8164498714767d6,data_werka_1__29_12_23.py
765,186,16a796dd32c5da33f416058bf3010f92e85789a8720acad0d8164498714767d6,data_werka_1__36_1_23.py
766,190,a529af7c5e2785b2fdac4b82f44bfce36584a94f7b0cfbfce332f130039cc17a,data_werka_1__29_12_30.py
766,190,a529af7c5e2785b2fdac4b82f44bfce36584a94f7b0cfbfce332f130039cc17a,data_werka_1__36_1_27.py
767,174,ac89c30872e357910295a90a1ad960d0e16d6bb4d2758a46a0df4473681f507f,data_werka_1__29_1_20.py
767,174,ac89c30872e357910295a90a1ad960d0e16d6bb4d2758a46a0df4473681f507f,data_werka_1__29_8_21.py
768,178,7f4c0567783e1b1a61a4632aa36059244fc70041c4bb6d84f6851eb7d7dee079,data_werka_1__29_1_21.py
768,178,7f4c0567783e1b1a61a4632aa36059244fc70041c4bb6d84f6851eb7d7dee079,data_werka_1__29_8_27.py
769,137,d69f4c1a8f7a3ec97b37002b5c4a25516faec54341d4a9d27647b5325e39a148,data_werka_1__29_1_22.py
769,137,d69f4c1a8f7a3ec97b37002b5c4a25516faec54341d4a9d27647b5325e39a148,data_werka_1__29_8_22.py
770,176,8fc8470e57b3551d20c24cc43457fbbd3c84f82628cb308ebee656b3273530f3,data_werka_1__29_1_24.py
770,176,8fc8470e57b3551d20c24cc43457fbbd3c84f82628cb308ebee656b3273530f3,data_werka_1__29_8_20.py
771,176,80c5ab68fcf8b597751589baf2c905ded1f65bd63f304cd1164cd4e4f4596b2e,data_werka_1__29_1_25.py
771,176,80c5ab68fcf8b597751589baf2c905ded1f65bd63f304cd1164cd4e4f4596b2e,data_werka_1__29_8_36.py
772,137,2aa7a4ecbf49542a039bd09856449c9ca08dcf967488c4a2bc698d95ef1212b1,data_werka_1__29_1_26.py
772,137,2aa7a4ecbf49542a039bd09856449c9ca08dcf967488c4a2bc698d95ef1212b1,data_werka_1__29_8_23.py
773,149,0a6502d154763112faca03b8a66c7e1f74e18543dfa8d1f2e7f79683091f9422,data_werka_1__29_3_25.py
773,149,0a6502d154763112faca03b8a66c7e1f74e18543dfa8d1f2e7f79683091f9422,data_werka_1__36_1_32.py
774,801,11afb23318db0f6ea9dd43a62336ae8535eb9ef689df415872aaa90817e540e2,data_werka_1__29_5_20.py
774,801,11afb23318db0f6ea9dd43a62336ae8535eb9ef689df415872aaa90817e540e2,data_werka_1__36_5_23.py
775,822,e83b3321c2d74e7d28759ec6f1f3007afe6805932a4437b288e1c1576907de42,data_werka_1__29_5_33.py
775,822,e83b3321c2d74e7d28759ec6f1f3007afe6805932a4437b288e1c1576907de42,data_werka_1__36_5_20.py
776,319,d82fab6cf16c2a24dca27d8a960bf7b9e29ce1354dc55e41a86617dc31e53622,data_werka_1__30_0_21.py
776,319,d82fab6cf16c2a24dca27d8a960bf7b9e29ce1354dc55e41a86617dc31e53622,data_werka_1__30_8_24.py
777,340,6623ef14e111e541ff111b3264fd1f34687a8fbaf808fe8734517937b5ca5b38,data_werka_1__30_0_22.py
777,340,6623ef14e111e541ff111b3264fd1f34687a8fbaf808fe8734517937b5ca5b38,data_werka_1__30_4_20.py
777,340,6623ef14e111e541ff111b3264fd1f34687a8fbaf808fe8734517937b5ca5b38,data_werka_1__30_8_25.py
778,303,2c3bdca2234296e8866903b97a9576ce884f31d55ce05f45f918d8c2cd8693a9,data_werka_1__30_0_23.py
778,303,2c3bdca2234296e8866903b97a9576ce884f31d55ce05f45f918d8c2cd8693a9,data_werka_1__30_8_22.py
779,324,3c3e40a7e561a1183aa85e6261370efb0cd1e804baecb52159df38fc2ddbddf9,data_werka_1__30_0_24.py
779,324,3c3e40a7e561a1183aa85e6261370efb0cd1e804baecb52159df38fc2ddbddf9,data_werka_1__30_11_33.py
779,324,3c3e40a7e561a1183aa85e6261370efb0cd1e804baecb52159df38fc2ddbddf9,data_werka_1__30_4_31.py
779,324,3c3e40a7e561a1183aa85e6261370efb0cd1e804baecb52159df38fc2ddbddf9,data_werka_1__30_8_27.py
780,302,2d20b9523777121774dac46de6aee0f85afea3f8d1af05c836106923627c856b,data_werka_1__30_0_25.py
780,302,2d20b9523777121774dac46de6aee0f85afea3f8d1af05c836106923627c856b,data_werka_1__30_8_34.py
781,322,3c2a916b5f5d1889349a43be3ec1cc6d82552fd7d51f2464c6a171682f032d2c,data_werka_1__30_0_26.py
781,322,3c2a916b5f5d1889349a43be3ec1cc6d82552fd7d51f2464c6a171682f032d2c,data_werka_1__30_8_26.py
782,301,e17c0ac1213cd43df47604b0e3b1ed6ad9ab52e91104bfa840e7e9a3d6417227,data_werka_1__30_0_28.py
782,301,e17c0ac1213cd43df47604b0e3b1ed6ad9ab52e91104bfa840e7e9a3d6417227,data_werka_1__30_8_21.py
783,323,1b5bc8fff110e5c6068799769c2b99ec2c6a8835f39bd8282e5045d07b6e7c6e,data_werka_1__30_0_31.py
783,323,1b5bc8fff110e5c6068799769c2b99ec2c6a8835f39bd8282e5045d07b6e7c6e,data_werka_1__30_8_23.py
784,318,1493019ebf6387ba6677cb9e7af3e2d57323a6102282405c19b05ee14c93d4e2,data_werka_1__30_0_32.py
784,318,1493019ebf6387ba6677cb9e7af3e2d57323a6102282405c19b05ee14c93d4e2,data_werka_1__30_8_30.py
785,333,b9a61d65a8f7f3b2498889e6aa59e96cc2e221946d952563940b7ba623a3cc24,data_werka_1__30_0_33.py
785,333,b9a61d65a8f7f3b2498889e6aa59e96cc2e221946d952563940b7ba623a3cc24,data_werka_1__30_8_31.py
786,342,8ad8a779a627d846f2421a15c26855795da4aaeb7ffac3dc9ed642d8a51ca2d8,data_werka_1__30_0_34.py
786,342,8ad8a779a627d846f2421a15c26855795da4aaeb7ffac3dc9ed642d8a51ca2d8,data_werka_1__30_8_39.py
787,312,e34e916f844957096d76c366d22dc2b66a7a2f0117b7350bddc9029bec5a0f33,data_werka_1__30_0_40.py
787,312,e34e916f844957096d76c366d22dc2b66a7a2f0117b7350bddc9029bec5a0f33,data_werka_1__30_8_33.py
788,342,26d24f6f791fb5880c710ceeb55769b791532a838398e8db7090304af538c7e4,data_werka_1__30_10_20.py
788,342,26d24f6f791fb5880c710ceeb55769b791532a838398e8db7090304af538c7e4,data_werka_1__30_11_29.py
788,342,26d24f6f791fb5880c710ceeb55769b791532a838398e8db7090304af538c7e4,data_werka_1__30_4_26.py
788,342,26d24f6f791fb5880c710ceeb55769b791532a838398e8db7090304af538c7e4,data_werka_1__30_6_24.py
789,336,3bcce66d4a8dca3a5b0641d81923801ede3451457c9401019a861eb7a57c50da,data_werka_1__30_11_20.py
789,336,3bcce66d4a8dca3a5b0641d81923801ede3451457c9401019a861eb7a57c50da,data_werka_1__30_4_25.py
790,342,f0c53940514676266bf548ee5b69f7fa3ad708e2307a9b5e7770f8eb9417c66e,data_werka_1__30_11_22.py
790,342,f0c53940514676266bf548ee5b69f7fa3ad708e2307a9b5e7770f8eb9417c66e,data_werka_1__30_4_27.py
791,409,3ecc3aadf6c0574c145fb7453415f25297f97ee8fe79aab050c8cceaf406854e,data_werka_1__31_14_22.py
791,409,3ecc3aadf6c0574c145fb7453415f25297f97ee8fe79aab050c8cceaf406854e,data_werka_1__31_5_20.py
792,466,7c54e3dc5acf203c39d4974f005c9c64678bde3948e7c46cc88ceada300c2db5,data_werka_1__31_14_28.py
792,466,7c54e3dc5acf203c39d4974f005c9c64678bde3948e7c46cc88ceada300c2db5,data_werka_1__31_5_27.py
793,148,8481ef3e507aaed2ad7506a0631d49835914fada18dfaf560b664a257ed334f7,data_werka_1__31_3_22.py
793,148,8481ef3e507aaed2ad7506a0631d49835914fada18dfaf560b664a257ed334f7,data_werka_1__31_9_20.py
794,178,b6fbf211e4b2c387de2de8ceb558e037d99abbe45e3e8eb2faf20582c027f0a2,data_werka_1__32_0_21.py
794,178,b6fbf211e4b2c387de2de8ceb558e037d99abbe45e3e8eb2faf20582c027f0a2,data_werka_1__32_9_23.py
795,178,7c0964fe7e86de4b6d31336d776cd57cf8a0d2b3577939fceb7dcde08e092512,data_werka_1__32_0_22.py
795,178,7c0964fe7e86de4b6d31336d776cd57cf8a0d2b3577939fceb7dcde08e092512,data_werka_1__32_9_20.py
796,176,41777e825814d01ec341bc8b2594c4b22803acc2a4a89834b7165f5f48811a3a,data_werka_1__32_0_23.py
796,176,41777e825814d01ec341bc8b2594c4b22803acc2a4a89834b7165f5f48811a3a,data_werka_1__32_9_22.py
797,199,7436a6f5daaab51bc74131b7b79a4912f425cbdd447487c40b31083dffa7fb04,data_werka_1__32_0_24.py
797,199,7436a6f5daaab51bc74131b7b79a4912f425cbdd447487c40b31083dffa7fb04,data_werka_1__32_9_29.py
798,176,67f304f8ae4ae75dc04be8bc202696f0f8535edbd19f6b1e7aded52264c743b0,data_werka_1__32_0_25.py
798,176,67f304f8ae4ae75dc04be8bc202696f0f8535edbd19f6b1e7aded52264c743b0,data_werka_1__32_9_24.py
799,197,f191d37a7bc9ba1e55a00911b0de9d6950714e2a634293e5edd22abddc0f4dc7,data_werka_1__32_0_26.py
799,197,f191d37a7bc9ba1e55a00911b0de9d6950714e2a634293e5edd22abddc0f4dc7,data_werka_1__32_9_21.py
800,223,03f5b1900c981135ce211ff12f975e2c590d6d31a59c3a737bf48c9157222391,data_werka_1__32_10_20.py
800,223,03f5b1900c981135ce211ff12f975e2c590d6d31a59c3a737bf48c9157222391,data_werka_1__32_1_20.py
801,264,63e969cb20b8033b3d2c3e9ba366d4a706981723f0185797e5b0837c6cfda976,data_werka_1__32_10_21.py
801,264,63e969cb20b8033b3d2c3e9ba366d4a706981723f0185797e5b0837c6cfda976,data_werka_1__32_1_24.py
802,274,a963e8f412e32848b6187d018201bf2165ec2689eeab6c4b5d17e639857f5d71,data_werka_1__32_10_22.py
802,274,a963e8f412e32848b6187d018201bf2165ec2689eeab6c4b5d17e639857f5d71,data_werka_1__32_1_22.py
803,260,cc25f06371461c79130a7f03b0d714c0bb49d9bdfe3d954051c69233340a4fae,data_werka_1__32_10_23.py
803,260,cc25f06371461c79130a7f03b0d714c0bb49d9bdfe3d954051c69233340a4fae,data_werka_1__32_1_21.py
804,244,ac8f3b67821141abeb0b7a6ead73f5322ebb970cbf817339a9c72fc19a4d3088,data_werka_1__32_10_24.py
804,244,ac8f3b67821141abeb0b7a6ead73f5322ebb970cbf817339a9c72fc19a4d3088,data_werka_1__32_1_23.py
805,303,6f91fd05269122e54e57ba1c6dfd69e884427be910eb4aaeff53e13a8c7b1f6c,data_werka_1__34_0_21.py
805,303,6f91fd05269122e54e57ba1c6dfd69e884427be910eb4aaeff53e13a8c7b1f6c,data_werka_1__34_8_21.py
806,287,dc332495495c165d4e01eb08511fc80bf7d436413749425daab32ad84b435b5d,data_werka_1__34_0_22.py
806,287,dc332495495c165d4e01eb08511fc80bf7d436413749425daab32ad84b435b5d,data_werka_1__34_8_20.py
807,296,b43eb2813aaf78ad0b78906a06acb15c5cb619e99076b01c1f8d1e9fed61e31a,data_werka_1__34_0_24.py
807,296,b43eb2813aaf78ad0b78906a06acb15c5cb619e99076b01c1f8d1e9fed61e31a,data_werka_1__34_8_28.py
808,287,86fc77e58a343e1c84ad83369bd4ba63744a80cc87959d2ab466bb5cda510cab,data_werka_1__34_0_31.py
808,287,86fc77e58a343e1c84ad83369bd4ba63744a80cc87959d2ab466bb5cda510cab,data_werka_1__34_8_23.py
809,247,2f08846726d21c59915fbc5e86f89da04a2316ce5f2c540b4bfcfee0206753d2,data_werka_1__34_10_32.py
809,247,2f08846726d21c59915fbc5e86f89da04a2316ce5f2c540b4bfcfee0206753d2,data_werka_1__34_3_36.py
810,255,f264ce2258b73c2bda5dd24d994271ddbebe17a32831a6e4c37caa2633380e58,data_werka_1__34_11_24.py
810,255,f264ce2258b73c2bda5dd24d994271ddbebe17a32831a6e4c37caa2633380e58,data_werka_1__34_7_25.py
811,273,aab27e5afff97c2b55870f271840cb21489b9c9858b09a74eac0a8cfaf5be28b,data_werka_1__34_11_25.py
811,273,aab27e5afff97c2b55870f271840cb21489b9c9858b09a74eac0a8cfaf5be28b,data_werka_1__34_4_35.py
811,273,aab27e5afff97c2b55870f271840cb21489b9c9858b09a74eac0a8cfaf5be28b,data_werka_1__34_7_23.py
812,233,65fe0925c56651bdddfe43b5a1e291f463e964496a16b0d1969c416bcbefa33a,data_werka_1__34_11_26.py
812,233,65fe0925c56651bdddfe43b5a1e291f463e964496a16b0d1969c416bcbefa33a,data_werka_1__34_7_34.py
813,249,aa637cffdbfd99ba27f9a985477b161e4f9518d768bdc5018db9ce15c58734c3,data_werka_1__34_11_28.py
813,249,aa637cffdbfd99ba27f9a985477b161e4f9518d768bdc5018db9ce15c58734c3,data_werka_1__34_4_33.py
813,249,aa637cffdbfd99ba27f9a985477b161e4f9518d768bdc5018db9ce15c58734c3,data_werka_1__34_7_38.py
814,278,203ac749877e5a0b326cc7f1f5b2fb4a8b3a2704644a57ebe2fffcc45f11f7d6,data_werka_1__34_12_20.py
814,278,203ac749877e5a0b326cc7f1f5b2fb4a8b3a2704644a57ebe2fffcc45f11f7d6,data_werka_2__34_13_45.py
815,295,3385109a3c88ada70d9613a54e9ace4f2b4ce5d48b4c23e39d6c0468a2997946,data_werka_1__34_13_25.py
815,295,3385109a3c88ada70d9613a54e9ace4f2b4ce5d48b4c23e39d6c0468a2997946,data_werka_1__34_7_33.py
816,253,d0e586a1c68080221486da2e0d7d681262c182ef6eb2ddacc124867952139ee5,data_werka_1__34_1_20.py
816,253,d0e586a1c68080221486da2e0d7d681262c182ef6eb2ddacc124867952139ee5,data_werka_2__34_8_32.py
817,262,4176b717e07d3b7a7b00e65ebdd2f23748b006095d9fac000c5d510a0373e1b9,data_werka_1__34_1_21.py
817,262,4176b717e07d3b7a7b00e65ebdd2f23748b006095d9fac000c5d510a0373e1b9,data_werka_1__34_9_22.py
818,266,b624b75724b1ae3426ff2fa4d18aa6e19e26294606b1c6c272c4db02abe2f26b,data_werka_1__34_1_22.py
818,266,b624b75724b1ae3426ff2fa4d18aa6e19e26294606b1c6c272c4db02abe2f26b,data_werka_1__34_9_26.py
819,257,058cd527906c847cb887534684f7c80950c9538ccae024e9d60f3a2ecaabd1b1,data_werka_1__34_1_23.py
819,257,058cd527906c847cb887534684f7c80950c9538ccae024e9d60f3a2ecaabd1b1,data_werka_1__34_9_24.py
820,241,b93031ae977a95058e9ad537c21b3a5adbd076f8b823b856c316670aaf9ea8c0,data_werka_1__34_1_27.py
820,241,b93031ae977a95058e9ad537c21b3a5adbd076f8b823b856c316670aaf9ea8c0,data_werka_1__34_9_21.py
821,267,eb8f4f0921707592f18f66a7aff5591b958aa2b91652c16cddbe6a9755bec08b,data_werka_1__34_3_20.py
821,267,eb8f4f0921707592f18f66a7aff5591b958aa2b91652c16cddbe6a9755bec08b,data_werka_1__34_4_30.py
821,267,eb8f4f0921707592f18f66a7aff5591b958aa2b91652c16cddbe6a9755bec08b,data_werka_1__34_7_26.py
822,271,ff1d0d48f9b575798dd5a7a35da1592c4b0f943c91c1afd0959bd666773e1c4f,data_werka_1__34_3_21.py
822,271,ff1d0d48f9b575798dd5a7a35da1592c4b0f943c91c1afd0959bd666773e1c4f,data_werka_1__34_7_24.py
823,269,c659f856b5ff95d3cf94893450a27a7a52a5d2467abbc131ddc452bd5b213937,data_werka_1__34_4_20.py
823,269,c659f856b5ff95d3cf94893450a27a7a52a5d2467abbc131ddc452bd5b213937,data_werka_1__34_7_22.py
824,245,fa865b80961b63d82afef535d266c21f3f3b7ba39e1b3bc6199cb8e12be33b36,data_werka_1__34_4_23.py
824,245,fa865b80961b63d82afef535d266c21f3f3b7ba39e1b3bc6199cb8e12be33b36,data_werka_1__34_7_28.py
825,225,1f31d7c9dc7b1322fd5302b2ec49a74bc48321b1541f370e76b0587a268ad5cf,data_werka_1__35_0_20.py
825,225,1f31d7c9dc7b1322fd5302b2ec49a74bc48321b1541f370e76b0587a268ad5cf,data_werka_1__35_8_20.py
826,392,79813b1d9556b3690f77f5e53ca34fb296468d79911cdaa1f0bd85d9793e149b,data_werka_1__35_0_22.py
826,392,79813b1d9556b3690f77f5e53ca34fb296468d79911cdaa1f0bd85d9793e149b,data_werka_1__35_8_22.py
827,300,e1886b018874b9d73c82fa21569100f42c6e8e4bb029441a125a34489c0091e0,data_werka_1__35_0_23.py
827,300,e1886b018874b9d73c82fa21569100f42c6e8e4bb029441a125a34489c0091e0,data_werka_1__35_8_25.py
828,205,3427c710940f09283d272757345c5d200ceeff55242cdeaf5d5d9e90a0d0d09d,data_werka_1__35_11_20.py
828,205,3427c710940f09283d272757345c5d200ceeff55242cdeaf5d5d9e90a0d0d09d,data_werka_1__35_14_25.py
828,205,3427c710940f09283d272757345c5d200ceeff55242cdeaf5d5d9e90a0d0d09d,data_werka_1__35_8_24.py
828,205,3427c710940f09283d272757345c5d200ceeff55242cdeaf5d5d9e90a0d0d09d,data_werka_1__35_9_27.py
829,210,1fbf5e6970a0132335269c129eab96ff457075330a92f6220e1782385dec1d46,data_werka_1__35_11_21.py
829,210,1fbf5e6970a0132335269c129eab96ff457075330a92f6220e1782385dec1d46,data_werka_1__35_12_20.py
829,210,1fbf5e6970a0132335269c129eab96ff457075330a92f6220e1782385dec1d46,data_werka_1__35_14_23.py
829,210,1fbf5e6970a0132335269c129eab96ff457075330a92f6220e1782385dec1d46,data_werka_1__35_9_23.py
830,203,86e519c2c251bffdd2e1ac02d291fc4fa818f807e3e9d7a413a3fecac74855bc,data_werka_1__35_11_22.py
830,203,86e519c2c251bffdd2e1ac02d291fc4fa818f807e3e9d7a413a3fecac74855bc,data_werka_1__35_14_34.py
831,230,a730c6b481a23c513d1c972119e911059a6bd56e6e01123493307ccee1b0e38d,data_werka_1__35_12_25.py
831,230,a730c6b481a23c513d1c972119e911059a6bd56e6e01123493307ccee1b0e38d,data_werka_1__35_14_22.py
832,246,f054c437e1e3277cc10488f5d2cda9c8b6873eeb7cc53c3c9ea49e7d7fb86ff0,data_werka_1__35_14_32.py
832,246,f054c437e1e3277cc10488f5d2cda9c8b6873eeb7cc53c3c9ea49e7d7fb86ff0,data_werka_1__35_8_21.py
833,214,aaaf50fd0da653778daaab7605aaccdd0616a6bfe9ca85ad4f155a6dec585581,data_werka_1__35_7_30.py
833,214,aaaf50fd0da653778daaab7605aaccdd0616a6bfe9ca85ad4f155a6dec585581,data_werka_1__35_9_22.py
834,188,175029aff8d00989537cb9d7ea79412cad256aedf2a832e14255c13179e37bea,data_werka_1__36_0_20.py
834,188,175029aff8d00989537cb9d7ea79412cad256aedf2a832e14255c13179e37bea,data_werka_1__36_1_28.py
835,253,936a3d6d58dea8b145b606f1d072bd6664de598cb064377999ada1c63338bb0d,data_werka_1__36_10_20.py
835,253,936a3d6d58dea8b145b606f1d072bd6664de598cb064377999ada1c63338bb0d,data_werka_1__36_2_20.py
836,156,79f9c041fc930e42690871205b04232a998ae35a0b0ed33cb5aee022ff665578,data_werka_1__37_0_20.py
836,156,79f9c041fc930e42690871205b04232a998ae35a0b0ed33cb5aee022ff665578,data_werka_1__37_5_20.py
836,156,79f9c041fc930e42690871205b04232a998ae35a0b0ed33cb5aee022ff665578,data_werka_1__37_8_20.py
837,202,8f147407d4eda60047f34b59d7fccafc8cc3c0285a77f4b0d083265fa3963d72,data_werka_1__37_2_21.py
837,202,8f147407d4eda60047f34b59d7fccafc8cc3c0285a77f4b0d083265fa3963d72,data_werka_1__37_5_28.py
838,199,e321f582012bd8bfd1ab2d0e65d373097c1f685be5a6fbc38b7e10e561140dfa,data_werka_1__37_2_34.py
838,199,e321f582012bd8bfd1ab2d0e65d373097c1f685be5a6fbc38b7e10e561140dfa,data_werka_1__37_5_21.py
839,545,f0b10c78ce6bdb5e2397ffd2038ec0d4a7127ef2b385b964a5954e68e0b13d19,data_werka_1__38_0_21.py
839,545,f0b10c78ce6bdb5e2397ffd2038ec0d4a7127ef2b385b964a5954e68e0b13d19,data_werka_1__38_9_22.py
840,475,2518a6bfefea9cb3bb582728959a0def35ff502601c34ca97704aa7d7e87e9c5,data_werka_1__38_0_24.py
840,475,2518a6bfefea9cb3bb582728959a0def35ff502601c34ca97704aa7d7e87e9c5,data_werka_1__38_9_36.py
841,572,968d5897c9e58a58ecbb56ef866b9069af2116fa641dcf7d78a5dfb7099f8d33,data_werka_1__38_0_28.py
841,572,968d5897c9e58a58ecbb56ef866b9069af2116fa641dcf7d78a5dfb7099f8d33,data_werka_1__38_9_21.py
842,584,a6ab0883c9b13a62e975b4fd01b745f8f997a520731c88090e469eb3680e12b7,data_werka_1__38_0_35.py
842,584,a6ab0883c9b13a62e975b4fd01b745f8f997a520731c88090e469eb3680e12b7,data_werka_1__38_9_20.py
843,551,9397b613e0fab87ea71a50be1dded5a6e53163d9a1b8aedd4f711ba1e6b2e968,data_werka_1__38_10_20.py
843,551,9397b613e0fab87ea71a50be1dded5a6e53163d9a1b8aedd4f711ba1e6b2e968,data_werka_1__38_1_21.py
844,557,9de756cc5b89d28ec5d7da2fc35fc283e36d2a262bd940184f924519d103dd01,data_werka_1__38_10_21.py
844,557,9de756cc5b89d28ec5d7da2fc35fc283e36d2a262bd940184f924519d103dd01,data_werka_1__38_1_31.py
845,617,a90974be0d4fb0f2329fe784ee0cae663938ccc2597f7342a21d7698daa8516a,data_werka_1__38_11_21.py
845,617,a90974be0d4fb0f2329fe784ee0cae663938ccc2597f7342a21d7698daa8516a,data_werka_1__38_2_21.py
846,348,83d1c709465be22e57930d4eabf606b8bfb169589b5a8ee31e2179b0002a4620,data_werka_1__38_12_28.py
846,348,83d1c709465be22e57930d4eabf606b8bfb169589b5a8ee31e2179b0002a4620,data_werka_1__38_3_27.py
847,304,dd5c152c8126f139369c73c6b62db44e5b50d206676cd52c21790e26f32d8295,data_werka_1__39_14_20.py
847,304,dd5c152c8126f139369c73c6b62db44e5b50d206676cd52c21790e26f32d8295,data_werka_1__39_5_20.py
848,302,44d688c59c814b2fa2cee238a2b5a65c6ed6e13c5cd3ea20a2052a02d4b338e6,data_werka_1__39_14_24.py
848,302,44d688c59c814b2fa2cee238a2b5a65c6ed6e13c5cd3ea20a2052a02d4b338e6,data_werka_1__39_5_21.py
849,206,fce2c47434110a98089896819e5856977199d3989bbaccd0c170e048f3db59fd,data_werka_1__43_11_20.py
849,206,fce2c47434110a98089896819e5856977199d3989bbaccd0c170e048f3db59fd,data_werka_1__43_7_20.py
849,206,fce2c47434110a98089896819e5856977199d3989bbaccd0c170e048f3db59fd,data_werka_1__53_0_1.py
849,206,fce2c47434110a98089896819e5856977199d3989bbaccd0c170e048f3db59fd,data_werka_1__53_9_1.py
850,197,70a469d851ab906c2243670a6bb0045bb5d6fc7b266dd4c4a870cb0704dc01ce,data_werka_1__43_13_1.py
850,197,70a469d851ab906c2243670a6bb0045bb5d6fc7b266dd4c4a870cb0704dc01ce,data_werka_1__43_6_20.py
851,293,be418232c7c0eb5824262f336b89ae65afa121ce405bf4c621efb7a5107bed23,data_werka_1__43_14_8.py
851,293,be418232c7c0eb5824262f336b89ae65afa121ce405bf4c621efb7a5107bed23,data_werka_2__43_10_38.py
852,232,96fd531e16647134ef2ae6a93af7c8fd9eaf8da49ae1440d5ce5497b386d685a,data_werka_1__43_1_23.py
852,232,96fd531e16647134ef2ae6a93af7c8fd9eaf8da49ae1440d5ce5497b386d685a,data_werka_1__43_8_20.py
852,232,96fd531e16647134ef2ae6a93af7c8fd9eaf8da49ae1440d5ce5497b386d685a,data_werka_1__53_1_3.py
852,232,96fd531e16647134ef2ae6a93af7c8fd9eaf8da49ae1440d5ce5497b386d685a,data_werka_1__53_7_6.py
853,638,e492e00aec0ccb4a32be82620438c4cff6a3d54b67df7401bde82e13ad5e574c,data_werka_1__43_4_24.py
853,638,e492e00aec0ccb4a32be82620438c4cff6a3d54b67df7401bde82e13ad5e574c,data_werka_1__53_5_2.py
854,659,7d50dad549a1d3f2823509b3b757b7e9f31feaad55f80d4c65b2d857fda15cc0,data_werka_1__43_4_25.py
854,659,7d50dad549a1d3f2823509b3b757b7e9f31feaad55f80d4c65b2d857fda15cc0,data_werka_1__53_5_20.py
855,659,7e91631990633d8161b7f64eef8ea59824e46a8bb620e18911d5b257475edf2c,data_werka_1__43_4_27.py
855,659,7e91631990633d8161b7f64eef8ea59824e46a8bb620e18911d5b257475edf2c,data_werka_1__53_5_7.py
856,216,2a30fadc2a787d1e2fa9ea055a2f975067815a3a3e5ba8fb80531a7ad2c36a67,data_werka_1__43_7_27.py
856,216,2a30fadc2a787d1e2fa9ea055a2f975067815a3a3e5ba8fb80531a7ad2c36a67,data_werka_1__53_0_13.py
857,207,d6ded33842195663ff6dd1d887c64cd66ce51b285c2ccc8578c167292a602895,data_werka_1__44_10_1.py
857,207,d6ded33842195663ff6dd1d887c64cd66ce51b285c2ccc8578c167292a602895,data_werka_1__44_11_1.py
857,207,d6ded33842195663ff6dd1d887c64cd66ce51b285c2ccc8578c167292a602895,data_werka_1__44_12_1.py
857,207,d6ded33842195663ff6dd1d887c64cd66ce51b285c2ccc8578c167292a602895,data_werka_1__44_13_7.py
857,207,d6ded33842195663ff6dd1d887c64cd66ce51b285c2ccc8578c167292a602895,data_werka_1__44_9_6.py
857,207,d6ded33842195663ff6dd1d887c64cd66ce51b285c2ccc8578c167292a602895,data_werka_1__51_2_1.py
857,207,d6ded33842195663ff6dd1d887c64cd66ce51b285c2ccc8578c167292a602895,data_werka_2__51_13_26.py
858,227,13c4fb1e68e0eafd1ea72f407db7150ab291729c2dc106751b95fa401e526913,data_werka_1__44_10_15.py
858,227,13c4fb1e68e0eafd1ea72f407db7150ab291729c2dc106751b95fa401e526913,data_werka_1__44_13_2.py
858,227,13c4fb1e68e0eafd1ea72f407db7150ab291729c2dc106751b95fa401e526913,data_werka_2__51_13_27.py
859,180,63720b802e1cb7f0547540cd7ee7dbf2f2f07bfbe8f6186456b69cbb2221fcee,data_werka_1__44_6_1.py
859,180,63720b802e1cb7f0547540cd7ee7dbf2f2f07bfbe8f6186456b69cbb2221fcee,data_werka_1__51_11_7.py
860,345,af3c0df52470f4666c2843a8811cbcb6510781ecbc10b15fe7612e6ce0a38a29,data_werka_1__45_0_11.py
860,345,af3c0df52470f4666c2843a8811cbcb6510781ecbc10b15fe7612e6ce0a38a29,data_werka_2__52_12_24.py
861,192,e0c1d05b8b26c76771c64b781ca3e58b919b92a0fb67f76cb45298cd0cf9a080,data_werka_1__45_0_4.py
861,192,e0c1d05b8b26c76771c64b781ca3e58b919b92a0fb67f76cb45298cd0cf9a080,data_werka_1__8_4_22.py
862,346,f2432b2786c5588907fe08b88cc5a78ff3e644b3a18ef0e9e2309f0ac6966012,data_werka_1__45_0_8.py
862,346,f2432b2786c5588907fe08b88cc5a78ff3e644b3a18ef0e9e2309f0ac6966012,data_werka_2__57_14_31.py
863,381,5b28325a5c0f9242d85ef5226fe245a32f1e27d7e08b1f0230c4784a0f712816,data_werka_1__45_10_15.py
863,381,5b28325a5c0f9242d85ef5226fe245a32f1e27d7e08b1f0230c4784a0f712816,data_werka_2__57_9_33.py
864,239,70d664ce5ca112ebcfee0c317bb3ff8a6119a8e005ada716ca073652b512b9ba,data_werka_1__45_1_2.py
864,239,70d664ce5ca112ebcfee0c317bb3ff8a6119a8e005ada716ca073652b512b9ba,data_werka_1__45_8_1.py
864,239,70d664ce5ca112ebcfee0c317bb3ff8a6119a8e005ada716ca073652b512b9ba,data_werka_1__54_1_4.py
864,239,70d664ce5ca112ebcfee0c317bb3ff8a6119a8e005ada716ca073652b512b9ba,data_werka_1__54_9_2.py
865,440,983e87638fc39d5659a9cfb63e66b7639aebbb1dd71279cd2cb00e0e17ab66d0,data_werka_1__45_7_10.py
865,440,983e87638fc39d5659a9cfb63e66b7639aebbb1dd71279cd2cb00e0e17ab66d0,data_werka_2__8_3_50.py
866,344,d9580f1e57301fd75f83dd54b0a4f77c4e6a15e35ef3824ba91af2fb36b89ff4,data_werka_1__45_7_19.py
866,344,d9580f1e57301fd75f83dd54b0a4f77c4e6a15e35ef3824ba91af2fb36b89ff4,data_werka_1__52_13_7.py
866,344,d9580f1e57301fd75f83dd54b0a4f77c4e6a15e35ef3824ba91af2fb36b89ff4,data_werka_2__52_12_28.py
867,204,fea4686e70532bb0c9842819709b20c59c36f94e49ac2b6f1ccb220d489395f1,data_werka_1__45_7_3.py
867,204,fea4686e70532bb0c9842819709b20c59c36f94e49ac2b6f1ccb220d489395f1,data_werka_1__54_13_5.py
868,253,0f6ae40bfd425fde111919fdb9a0de272df7a2535143f64b50d6446f7741c2cf,data_werka_1__45_8_5.py
868,253,0f6ae40bfd425fde111919fdb9a0de272df7a2535143f64b50d6446f7741c2cf,data_werka_1__54_9_5.py
869,195,b299a31aa0069fd7761f0cf9c2bf0ba8f317adcc206d02261987e8216a9060ef,data_werka_1__46_0_2.py
869,195,b299a31aa0069fd7761f0cf9c2bf0ba8f317adcc206d02261987e8216a9060ef,data_werka_1__46_10_4.py
869,195,b299a31aa0069fd7761f0cf9c2bf0ba8f317adcc206d02261987e8216a9060ef,data_werka_1__46_4_7.py
870,264,07acafd2e1f0e55014463153818dcb1059d4a3558e39cd5ed7010f3a7a17cd40,data_werka_1__46_12_6.py
870,264,07acafd2e1f0e55014463153818dcb1059d4a3558e39cd5ed7010f3a7a17cd40,data_werka_1__55_3_17.py
871,376,e9e2a266e5cd22969e7f4be5aa4d3c93dd5599d09ce5ab5edba5dddc46d9d9e2,data_werka_1__46_13_3.py
871,376,e9e2a266e5cd22969e7f4be5aa4d3c93dd5599d09ce5ab5edba5dddc46d9d9e2,data_werka_2__46_14_30.py
871,376,e9e2a266e5cd22969e7f4be5aa4d3c93dd5599d09ce5ab5edba5dddc46d9d9e2,data_werka_2__46_8_33.py
872,323,b1b97c703e70ef751f60ee6ec1cb109087069ec3156d3c2add121ea754a7f38b,data_werka_1__46_1_1.py
872,323,b1b97c703e70ef751f60ee6ec1cb109087069ec3156d3c2add121ea754a7f38b,data_werka_1__46_8_1.py
872,323,b1b97c703e70ef751f60ee6ec1cb109087069ec3156d3c2add121ea754a7f38b,data_werka_1__55_4_9.py
873,340,813fc24d2fe15d3c69c326ef29b15204ac6fc1d05f51b1a848d339c7fbb86097,data_werka_1__46_2_3.py
873,340,813fc24d2fe15d3c69c326ef29b15204ac6fc1d05f51b1a848d339c7fbb86097,data_werka_1__55_9_2.py
874,252,90085ce1a823be278316ffb642a7c0720607cc04cc2ca8d38b1b66886d107728,data_werka_1__46_4_1.py
874,252,90085ce1a823be278316ffb642a7c0720607cc04cc2ca8d38b1b66886d107728,data_werka_2__46_13_20.py
874,252,90085ce1a823be278316ffb642a7c0720607cc04cc2ca8d38b1b66886d107728,data_werka_2__46_14_23.py
874,252,90085ce1a823be278316ffb642a7c0720607cc04cc2ca8d38b1b66886d107728,data_werka_2__55_14_21.py
875,270,cbd214dba06b0cbb8a5ffcfdcea24b072c1b2bb3e0552497cbc1e3e90c4c4b5c,data_werka_1__46_6_9.py
875,270,cbd214dba06b0cbb8a5ffcfdcea24b072c1b2bb3e0552497cbc1e3e90c4c4b5c,data_werka_1__51_7_1.py
876,525,c49616495351027b46ba5b5640d1f8aae58576e13cdc63b78f9cbd7ccae564d9,data_werka_1__46_8_7.py
876,525,c49616495351027b46ba5b5640d1f8aae58576e13cdc63b78f9cbd7ccae564d9,data_werka_2__55_5_34.py
877,306,2e112fa31575f7a1ff9d2b483e9a4141d1e78376bfc6b2d8eb1b575d01b4e57e,data_werka_1__47_4_3.py
877,306,2e112fa31575f7a1ff9d2b483e9a4141d1e78376bfc6b2d8eb1b575d01b4e57e,data_werka_1__47_9_7.py
878,181,e9ed62be15538b5de8fab8394af3947a252a649beab7ebce47f75a997641dc57,data_werka_1__47_7_1.py
878,181,e9ed62be15538b5de8fab8394af3947a252a649beab7ebce47f75a997641dc57,data_werka_1__52_14_7.py
879,559,817040e0d490010010b480995dd23fca77633e685a2ad27025aa2aa5fef20bf5,data_werka_1__49_1_13.py
879,559,817040e0d490010010b480995dd23fca77633e685a2ad27025aa2aa5fef20bf5,data_werka_1__5_9_31.py
880,560,4cd256b1d24992ddfd77d1328ac72d819e62f811d46c9029166c22522a131adb,data_werka_1__49_1_2.py
880,560,4cd256b1d24992ddfd77d1328ac72d819e62f811d46c9029166c22522a131adb,data_werka_1__5_9_21.py
881,218,f91daa88fc1d64f2be213c84c4f68534eae8fccf0bd80959d01ffd5b18f9a159,data_werka_1__50_0_1.py
881,218,f91daa88fc1d64f2be213c84c4f68534eae8fccf0bd80959d01ffd5b18f9a159,data_werka_1__50_10_19.py
882,222,4b1721995a49b590c96e27b94147cc4f3d9f8fb4a97a1f6e7cad54c163f64482,data_werka_1__50_0_2.py
882,222,4b1721995a49b590c96e27b94147cc4f3d9f8fb4a97a1f6e7cad54c163f64482,data_werka_1__50_10_4.py
883,516,c487efcc610b72adc788bf4a0da2a11bdd8d67574c805af7a5960ea7da4780e8,data_werka_1__52_13_5.py
883,516,c487efcc610b72adc788bf4a0da2a11bdd8d67574c805af7a5960ea7da4780e8,data_werka_2__52_12_33.py
884,185,5d36889a5cfbe0583a5dbea32e66f568d126fbc5d20e7a4d4ec670eac5cdd4ec,data_werka_1__52_14_12.py
884,185,5d36889a5cfbe0583a5dbea32e66f568d126fbc5d20e7a4d4ec670eac5cdd4ec,data_werka_1__8_0_27.py
885,404,49058a586c3ef5090a129b2f57718321ad97a597ef53684419c666e6a9eb66b5,data_werka_1__54_0_3.py
885,404,49058a586c3ef5090a129b2f57718321ad97a597ef53684419c666e6a9eb66b5,data_werka_1__54_8_3.py
886,357,9ce26af458ceca91a928ffe08abc1fee4139d3632d949aeffc265f5820c4fb72,data_werka_1__54_1_8.py
886,357,9ce26af458ceca91a928ffe08abc1fee4139d3632d949aeffc265f5820c4fb72,data_werka_2__57_14_21.py
887,228,8979ed91974f62075fda1a4586b68d93700919b884850c959f77c2e895222937,data_werka_1__55_6_14.py
887,228,8979ed91974f62075fda1a4586b68d93700919b884850c959f77c2e895222937,data_werka_2__46_3_25.py
888,210,a1dceb07695e1d875805483e08eb772c011c3581b34cd48d3e7b7391efa1db2e,data_werka_1__55_6_6.py
888,210,a1dceb07695e1d875805483e08eb772c011c3581b34cd48d3e7b7391efa1db2e,data_werka_2__55_1_20.py
889,182,3e5ccb3d895d4466197684195d85af3b8a58800b116751b519fbd3f016638eb7,data_werka_1__57_12_9.py
889,182,3e5ccb3d895d4466197684195d85af3b8a58800b116751b519fbd3f016638eb7,data_werka_1__57_14_13.py
890,199,2f869ec075424d3544f9d4bd01d4958bb2862a40b63d42374bef3b6c8b0500d1,data_werka_1__58_0_1.py
890,199,2f869ec075424d3544f9d4bd01d4958bb2862a40b63d42374bef3b6c8b0500d1,data_werka_1__58_14_9.py
890,199,2f869ec075424d3544f9d4bd01d4958bb2862a40b63d42374bef3b6c8b0500d1,data_werka_1__63_0_12.py
891,169,2c693a4cd89a2566e5409a9a658585652a8054bdaf89b8ef5f4dc9cb0c81eda6,data_werka_1__58_14_1.py
891,169,2c693a4cd89a2566e5409a9a658585652a8054bdaf89b8ef5f4dc9cb0c81eda6,data_werka_1__58_1_3.py
892,181,569bed19f59f2348106c99abeecc3481ba2afdbd87277b1fe4460a6d1e44c648,data_werka_1__58_14_4.py
892,181,569bed19f59f2348106c99abeecc3481ba2afdbd87277b1fe4460a6d1e44c648,data_werka_1__63_7_15.py
893,191,7272b357fa6db2779061a70e54386774b0a725cb4f16d17a6ba683ab52de54bc,data_werka_1__60_0_3.py
893,191,7272b357fa6db2779061a70e54386774b0a725cb4f16d17a6ba683ab52de54bc,data_werka_1__60_7_12.py
894,152,fa911e35ecdfde37e74199b426c53341384994a63b9e07c53117cca2bf5c4bec,data_werka_1__60_11_1.py
894,152,fa911e35ecdfde37e74199b426c53341384994a63b9e07c53117cca2bf5c4bec,data_werka_1__60_1_16.py
895,147,0d10cd488cda8287f8294b425cbc57f233d7cda847da019e99ca76bb7b8c5753,data_werka_1__60_11_6.py
895,147,0d10cd488cda8287f8294b425cbc57f233d7cda847da019e99ca76bb7b8c5753,data_werka_1__60_1_5.py
896,410,b7b38ff5ac7fb53227b78880d478b08568d07db0e61537f96aebbba2d765166b,data_werka_1__61_0_5.py
896,410,b7b38ff5ac7fb53227b78880d478b08568d07db0e61537f96aebbba2d765166b,data_werka_1__61_10_13.py
897,186,de547e56dfd465f3f4a0e0f87a4af62af3dce69a593590c135d0592c81973a57,data_werka_1__62_0_1.py
897,186,de547e56dfd465f3f4a0e0f87a4af62af3dce69a593590c135d0592c81973a57,data_werka_1__62_8_1.py
898,152,db4bbd165e3912386e2eec6e2b1549252bad10b9119d547c28760b399aa1161e,data_werka_1__63_11_4.py
898,152,db4bbd165e3912386e2eec6e2b1549252bad10b9119d547c28760b399aa1161e,data_werka_1__63_2_1.py
899,405,9b3cbf1499d3bc5c457c9579044973ac9ebeb7f9b7ca8bd9a85be8cb997d42dd,data_werka_1__63_1_18.py
899,405,9b3cbf1499d3bc5c457c9579044973ac9ebeb7f9b7ca8bd9a85be8cb997d42dd,data_werka_1__63_9_11.py
900,401,5abf5ed11c033f628e0702047a966c02cf08fcae858ea5eda2c885db93e91e00,data_werka_1__63_1_7.py
900,401,5abf5ed11c033f628e0702047a966c02cf08fcae858ea5eda2c885db93e91e00,data_werka_1__63_9_4.py
901,168,23fe3642e21e1338318b0a88b944b446049da3ff5922bf7949c6920374fd2bc4,data_werka_1__67_1_2.py
901,168,23fe3642e21e1338318b0a88b944b446049da3ff5922bf7949c6920374fd2bc4,data_werka_1__67_8_4.py
902,254,f4bfa5446511095af9f11e9732c6009c84ba2d0d0c696d9e9fe078ef9343dc2f,data_werka_1__67_4_20.py
902,254,f4bfa5446511095af9f11e9732c6009c84ba2d0d0c696d9e9fe078ef9343dc2f,data_werka_2__67_8_23.py
903,270,f592ca78bb7590a60c88001c3cdecc6b3b0d6e0d6e37c77998828c5d2a2f6a1a,data_werka_1__6_0_29.py
903,270,f592ca78bb7590a60c88001c3cdecc6b3b0d6e0d6e37c77998828c5d2a2f6a1a,data_werka_1__6_14_27.py
904,266,0ed02ac2a99d325dfa0456753b0adbad695a6ba8e8746d516ef507450d5abab7,data_werka_1__6_11_21.py
904,266,0ed02ac2a99d325dfa0456753b0adbad695a6ba8e8746d516ef507450d5abab7,data_werka_2__6_13_43.py
905,274,44d92b905108a60bb29420ba81efde08c77e246ed3454abfd490dbd43ff21ada,data_werka_1__6_11_22.py
905,274,44d92b905108a60bb29420ba81efde08c77e246ed3454abfd490dbd43ff21ada,data_werka_2__6_13_31.py
906,274,7b73ccf4e5df8b182b002a744866dba03d8f7065da175fbfc12cc77f18c5541a,data_werka_1__6_11_27.py
906,274,7b73ccf4e5df8b182b002a744866dba03d8f7065da175fbfc12cc77f18c5541a,data_werka_2__6_13_35.py
907,246,2e65b3673db866f82044894cc79f60a2690d7dd866915a76df731131d3a07cfb,data_werka_1__6_13_21.py
907,246,2e65b3673db866f82044894cc79f60a2690d7dd866915a76df731131d3a07cfb,data_werka_1__6_14_21.py
908,246,68db7447e59c883bad0deb3c6ad6839c4ee434b847d2208d920be38fdaf85587,data_werka_1__6_13_23.py
908,246,68db7447e59c883bad0deb3c6ad6839c4ee434b847d2208d920be38fdaf85587,data_werka_1__6_14_22.py
909,242,8def6762de81847d3d2493b20326778517437297af2699b48be889ce040a2939,data_werka_1__6_13_24.py
909,242,8def6762de81847d3d2493b20326778517437297af2699b48be889ce040a2939,data_werka_1__6_14_20.py
910,242,382bcf65fa65b81de53145250890fb1b268bb048d4dfc21d66edde9b942f81a4,data_werka_1__6_13_25.py
910,242,382bcf65fa65b81de53145250890fb1b268bb048d4dfc21d66edde9b942f81a4,data_werka_1__6_14_33.py
911,246,9ed2b72754e8f6675a887805a0c466c37ef61f9731f653d1d9e5ece58957dd79,data_werka_1__6_13_28.py
911,246,9ed2b72754e8f6675a887805a0c466c37ef61f9731f653d1d9e5ece58957dd79,data_werka_1__6_14_24.py
912,315,0c3c41e6f8f1101ab45a256ea1ec659a65c0cd18f121ca0dd60af671e2ff6d74,data_werka_1__6_1_20.py
912,315,0c3c41e6f8f1101ab45a256ea1ec659a65c0cd18f121ca0dd60af671e2ff6d74,data_werka_1__6_9_36.py
913,315,7732501d01ed5715d3e0ae43520866c8e5c49e6dffd733ffdb16ed6dadd4b865,data_werka_1__6_1_21.py
913,315,7732501d01ed5715d3e0ae43520866c8e5c49e6dffd733ffdb16ed6dadd4b865,data_werka_1__6_9_27.py
914,370,b36f2e67894c895f4b91b5994296aee1a2a6799d465fcab00239645755ca9455,data_werka_1__6_1_22.py
914,370,b36f2e67894c895f4b91b5994296aee1a2a6799d465fcab00239645755ca9455,data_werka_1__6_9_23.py
915,370,d63d6b0dd5d5b75e37f72393c22794cda4dd252124f9883ad17a0a4c19601063,data_werka_1__6_1_23.py
915,370,d63d6b0dd5d5b75e37f72393c22794cda4dd252124f9883ad17a0a4c19601063,data_werka_1__6_9_22.py
916,370,a5a3035a8931f48ac41636793d282e2aea4a0428187871dc20e92c4ae44e3c94,data_werka_1__6_1_24.py
916,370,a5a3035a8931f48ac41636793d282e2aea4a0428187871dc20e92c4ae44e3c94,data_werka_1__6_9_21.py
917,370,d9fa9467dc1bafbdd8cfe961cf46a40fe3c87a71a30786cb9622088e988701e8,data_werka_1__6_1_36.py
917,370,d9fa9467dc1bafbdd8cfe961cf46a40fe3c87a71a30786cb9622088e988701e8,data_werka_1__6_9_38.py
918,340,bf43bc10473dcd02de08c4b48e1490687d323770d4c21b84126313df6bf40bd2,data_werka_1__8_0_25.py
918,340,bf43bc10473dcd02de08c4b48e1490687d323770d4c21b84126313df6bf40bd2,data_werka_2__52_11_20.py
918,340,bf43bc10473dcd02de08c4b48e1490687d323770d4c21b84126313df6bf40bd2,data_werka_2__57_13_25.py
919,320,35fb08c84e266018d3010170faa42033d70e2578af8b39f3b4dc2580467b9f04,data_werka_1__8_0_36.py
919,320,35fb08c84e266018d3010170faa42033d70e2578af8b39f3b4dc2580467b9f04,data_werka_2__57_13_22.py
920,293,7265f31c1135fc6e069c047711d4ec8c61a4e918bd98e40adbcb289478828a14,data_werka_2__102_13_2.py
920,293,7265f31c1135fc6e069c047711d4ec8c61a4e918bd98e40adbcb289478828a14,data_werka_2__102_2_10.py
921,322,bef9fa181705476ea1548f19f5fb5102b0f21152b96c152049c6f80ba39b19c2,data_werka_2__102_13_4.py
921,322,bef9fa181705476ea1548f19f5fb5102b0f21152b96c152049c6f80ba39b19c2,data_werka_2__102_2_14.py
922,441,a7d08fdf11062575fadf5248d770ad7989dca8fe875d373dcaa3a443d06a1f72,data_werka_2__106_2_12.py
922,441,a7d08fdf11062575fadf5248d770ad7989dca8fe875d373dcaa3a443d06a1f72,data_werka_2__106_8_16.py
923,287,d1f1071de959c58a459d1dd030cd85555528b425ee8645b5016ca04718f01425,data_werka_2__106_3_1.py
923,287,d1f1071de959c58a459d1dd030cd85555528b425ee8645b5016ca04718f01425,data_werka_2__106_5_9.py
924,228,895050f4dbf06e94a6e06fe95c99f218364523c14fcdb030b7ad2d96a099456a,data_werka_2__108_5_2.py
924,228,895050f4dbf06e94a6e06fe95c99f218364523c14fcdb030b7ad2d96a099456a,data_werka_2__108_9_7.py
925,192,30d8b73c175914b3783d37ef358bc41c356cd4d5b9c3a0ade41d59900e6b905b,data_werka_2__16_0_35.py
925,192,30d8b73c175914b3783d37ef358bc41c356cd4d5b9c3a0ade41d59900e6b905b,data_werka_2__16_12_37.py
926,342,e2cd450cf157eb7cd1ba0fd745771aaf774f2bb803ab5d3f8c592cf33db0e07f,data_werka_2__17_1_38.py
926,342,e2cd450cf157eb7cd1ba0fd745771aaf774f2bb803ab5d3f8c592cf33db0e07f,data_werka_2__17_9_35.py
927,883,3f6e9a787950e0c45af61db804bba87f412ce913706e388bd26316588fbbc09a,data_werka_2__1_0_42.py
927,883,3f6e9a787950e0c45af61db804bba87f412ce913706e388bd26316588fbbc09a,data_werka_2__1_8_46.py
928,889,f764cbfb8a469f2a082bcefc061f5c96be0efdf27488436b621b3f9ede889713,data_werka_2__1_0_43.py
928,889,f764cbfb8a469f2a082bcefc061f5c96be0efdf27488436b621b3f9ede889713,data_werka_2__1_8_36.py
929,889,e5e088c52760aed39dc82fa60f9b98d07c8254ac6a909179e7400bd45744d79f,data_werka_2__1_0_58.py
929,889,e5e088c52760aed39dc82fa60f9b98d07c8254ac6a909179e7400bd45744d79f,data_werka_2__1_8_43.py
930,425,81708ca368c3e14d9dc8bcd44626d5cf4ef7c38b0dacc6b51af8255cef7099f1,data_werka_2__1_12_47.py
930,425,81708ca368c3e14d9dc8bcd44626d5cf4ef7c38b0dacc6b51af8255cef7099f1,data_werka_2__1_14_49.py
931,210,5011f4ee01713b20ca7ca71dca271de3ffe8bdc5873913e93899306689d3c07e,data_werka_2__35_11_37.py
931,210,5011f4ee01713b20ca7ca71dca271de3ffe8bdc5873913e93899306689d3c07e,data_werka_2__35_12_35.py
932,286,6969fb9d75274c3d81b479ab08f278aad359acfef554fb1511a5ed617c85cbc6,data_werka_2__35_11_39.py
932,286,6969fb9d75274c3d81b479ab08f278aad359acfef554fb1511a5ed617c85cbc6,data_werka_2__35_12_37.py
933,282,dabfe737dfe5a5073b82a7420d1b28b76f598d8b6f65f7175b5692dd0e98f88a,data_werka_2__43_12_30.py
933,282,dabfe737dfe5a5073b82a7420d1b28b76f598d8b6f65f7175b5692dd0e98f88a,data_werka_2__43_6_42.py
933,282,dabfe737dfe5a5073b82a7420d1b28b76f598d8b6f65f7175b5692dd0e98f88a,data_werka_2__52_14_20.py
934,324,b57ac458548d775fc3b617fcd4e2ef2dc774c97154fde9b314d07066c7dce782,data_werka_2__43_1_38.py
934,324,b57ac458548d775fc3b617fcd4e2ef2dc774c97154fde9b314d07066c7dce782,data_werka_2__43_7_46.py
934,324,b57ac458548d775fc3b617fcd4e2ef2dc774c97154fde9b314d07066c7dce782,data_werka_2__53_5_27.py
935,459,1e01728e368a12b6078b816fa5c73bf22e3728087c55ac31c5721601674b6945,data_werka_2__43_6_39.py
935,459,1e01728e368a12b6078b816fa5c73bf22e3728087c55ac31c5721601674b6945,data_werka_2__53_7_37.py
936,459,b1734d4065fffd62aa700e5db69781fd148eb9ad854ac5f13c960b455f49e4d4,data_werka_2__43_6_41.py
936,459,b1734d4065fffd62aa700e5db69781fd148eb9ad854ac5f13c960b455f49e4d4,data_werka_2__53_7_20.py
937,451,ca709b1314bd80af284e5478cf3b87ddbae27fec66ad8bb94fb393c11fa591cd,data_werka_2__43_6_46.py
937,451,ca709b1314bd80af284e5478cf3b87ddbae27fec66ad8bb94fb393c11fa591cd,data_werka_2__53_7_30.py
938,371,64c4c292d444de3ed1ecf4336a45e18cc527c3ef07b0bdb7ec26536564ca7a1e,data_werka_2__43_6_49.py
938,371,64c4c292d444de3ed1ecf4336a45e18cc527c3ef07b0bdb7ec26536564ca7a1e,data_werka_2__53_7_33.py
939,405,7ad074b9c28d68f052fa515b7f550265e785dd15f5214869c214f1a219128b42,data_werka_2__43_6_52.py
939,405,7ad074b9c28d68f052fa515b7f550265e785dd15f5214869c214f1a219128b42,data_werka_2__53_7_27.py
940,325,6c4212f365135870458e865e052ead795219cada0e016769b45f3d687533d4d8,data_werka_2__43_7_38.py
940,325,6c4212f365135870458e865e052ead795219cada0e016769b45f3d687533d4d8,data_werka_2__53_5_25.py
941,325,d43a6ac0a2b181cf64046dc49195a3c30229bb2c201931eaeec0902b72c123c3,data_werka_2__43_7_42.py
941,325,d43a6ac0a2b181cf64046dc49195a3c30229bb2c201931eaeec0902b72c123c3,data_werka_2__53_5_24.py
942,938,e1b2f29c4df0e19c26899ee879f5f8ecb1ab7bcd1f731db68ef86af2f90bda67,data_werka_2__46_4_22.py
942,938,e1b2f29c4df0e19c26899ee879f5f8ecb1ab7bcd1f731db68ef86af2f90bda67,data_werka_2__51_6_24.py
943,937,cd06cf7048fb9e76a6dfd38237f0495cb81154e906aa45c9666ec5bd0961aa50,data_werka_2__46_4_23.py
943,937,cd06cf7048fb9e76a6dfd38237f0495cb81154e906aa45c9666ec5bd0961aa50,data_werka_2__51_6_20.py
944,307,c8d4cbe7288fa14403fe81c1b1d52a4226f6adeb3d3a47e82a4763e5f98fe3f2,data_werka_2__47_14_21.py
944,307,c8d4cbe7288fa14403fe81c1b1d52a4226f6adeb3d3a47e82a4763e5f98fe3f2,data_werka_2__47_7_21.py
944,307,c8d4cbe7288fa14403fe81c1b1d52a4226f6adeb3d3a47e82a4763e5f98fe3f2,data_werka_2__52_13_21.py
945,335,87b48da9db414f74917e25382bfcef5386bcbd7dde91593fafd863cab5d56315,data_werka_2__47_14_34.py
945,335,87b48da9db414f74917e25382bfcef5386bcbd7dde91593fafd863cab5d56315,data_werka_2__47_7_33.py
946,306,cc4225c999ed8c8c6b3ca326a1ebbc70b8959c17af83ff99b127ccb84be5faa3,data_werka_2__47_7_29.py
946,306,cc4225c999ed8c8c6b3ca326a1ebbc70b8959c17af83ff99b127ccb84be5faa3,data_werka_2__52_13_38.py
947,433,1cd86dc7bf64bd1d5aa63801a694eaf8384efaeedcb6ab4226ef333a306fc917,data_werka_2__51_1_20.py
947,433,1cd86dc7bf64bd1d5aa63801a694eaf8384efaeedcb6ab4226ef333a306fc917,data_werka_2__51_8_20.py
948,319,4e2b604b15cb5e84bab094fe9d251f97d1d55fa5fcbdda858d7b8e689941d55c,data_werka_2__52_11_21.py
948,319,4e2b604b15cb5e84bab094fe9d251f97d1d55fa5fcbdda858d7b8e689941d55c,data_werka_2__57_13_21.py
949,277,fdc110ce580d2bc65d3f5286348cbe5262adb51f51c8985adc6e616d2a3a618b,data_werka_2__52_12_21.py
949,277,fdc110ce580d2bc65d3f5286348cbe5262adb51f51c8985adc6e616d2a3a618b,data_werka_2__52_1_24.py
949,277,fdc110ce580d2bc65d3f5286348cbe5262adb51f51c8985adc6e616d2a3a618b,data_werka_2__54_8_20.py
949,277,fdc110ce580d2bc65d3f5286348cbe5262adb51f51c8985adc6e616d2a3a618b,data_werka_2__57_14_24.py
949,277,fdc110ce580d2bc65d3f5286348cbe5262adb51f51c8985adc6e616d2a3a618b,data_werka_2__57_9_20.py
950,351,2c8b5e128227ab8e8bc09777507d42f59ce430251eef9b1a547d92c9838208ec,data_werka_2__52_12_26.py
950,351,2c8b5e128227ab8e8bc09777507d42f59ce430251eef9b1a547d92c9838208ec,data_werka_2__57_9_39.py
951,281,8e04b756597a1ac568627b3669a1bc9a02264bf34c53f1f8fd3418fd244b404c,data_werka_2__52_12_35.py
951,281,8e04b756597a1ac568627b3669a1bc9a02264bf34c53f1f8fd3418fd244b404c,data_werka_2__57_9_27.py
952,247,76030fe595d8f177af0037a4ff985a1d1ea364347a459cf93880af99f5527b5a,data_werka_2__53_3_25.py
952,247,76030fe595d8f177af0037a4ff985a1d1ea364347a459cf93880af99f5527b5a,data_werka_2__53_6_20.py
953,286,4c2b0e0a4af72873032932e1d74b4a374a6c6206e036e91588aa0c13ae472f86,data_werka_2__57_14_25.py
953,286,4c2b0e0a4af72873032932e1d74b4a374a6c6206e036e91588aa0c13ae472f86,data_werka_2__8_3_43.py
954,270,ce5a4b3e9067971b112de1883935dd06bae58b3647e34996f721984970c20434,data_werka_2__70_12_2.py
954,270,ce5a4b3e9067971b112de1883935dd06bae58b3647e34996f721984970c20434,data_werka_2__70_14_11.py
955,262,da3c36829ddc3f29e294e7fa520bafc6436e1167e59eb5d988e2b292bac06165,data_werka_2__91_0_11.py
955,262,da3c36829ddc3f29e294e7fa520bafc6436e1167e59eb5d988e2b292bac06165,data_werka_2__91_9_15.py
956,235,e490fd72637d181a6ff74b4aac82b3a9857126fa2d9d9b8470b46955f84490df,data_werka_2__91_0_12.py
956,235,e490fd72637d181a6ff74b4aac82b3a9857126fa2d9d9b8470b46955f84490df,data_werka_2__91_10_3.py
956,235,e490fd72637d181a6ff74b4aac82b3a9857126fa2d9d9b8470b46955f84490df,data_werka_2__91_9_11.py
957,145,0f82c098f84d3252386f916c3adfe66e1568ef2f3f7c12e27cdccad843eee727,data_werka_2__91_0_5.py
957,145,0f82c098f84d3252386f916c3adfe66e1568ef2f3f7c12e27cdccad843eee727,data_werka_2__91_10_1.py
957,145,0f82c098f84d3252386f916c3adfe66e1568ef2f3f7c12e27cdccad843eee727,data_werka_2__91_9_1.py
957,145,0f82c098f84d3252386f916c3adfe66e1568ef2f3f7c12e27cdccad843eee727,data_werka_2__92_0_1.py
957,145,0f82c098f84d3252386f916c3adfe66e1568ef2f3f7c12e27cdccad843eee727,data_werka_2__92_14_1.py
958,121,1bedbc3b4a14da0594a064238b4e2826881d427c6ccb63525b0c5c17e55229e3,data_werka_2__91_12_1.py
958,121,1bedbc3b4a14da0594a064238b4e2826881d427c6ccb63525b0c5c17e55229e3,data_werka_2__92_0_6.py
958,121,1bedbc3b4a14da0594a064238b4e2826881d427c6ccb63525b0c5c17e55229e3,data_werka_2__92_14_4.py
959,135,0a1f4e01efe7248217825e4630a39f680ea94544e8863f1bc82c86b473381e08,data_werka_2__91_12_4.py
959,135,0a1f4e01efe7248217825e4630a39f680ea94544e8863f1bc82c86b473381e08,data_werka_2__91_6_7.py
959,135,0a1f4e01efe7248217825e4630a39f680ea94544e8863f1bc82c86b473381e08,data_werka_2__92_14_20.py
960,159,de76deb49a1cd2fa088e988ec4504c5b907ef11c05739b3314f0563c5defcd33,data_werka_2__91_13.py
960,159,de76deb49a1cd2fa088e988ec4504c5b907ef11c05739b3314f0563c5defcd33,data_werka_2__91_6_2.py
960,159,de76deb49a1cd2fa088e988ec4504c5b907ef11c05739b3314f0563c5defcd33,data_werka_2__91_9_4.py
960,159,de76deb49a1cd2fa088e988ec4504c5b907ef11c05739b3314f0563c5defcd33,data_werka_2__92_0_2.py
960,159,de76deb49a1cd2fa088e988ec4504c5b907ef11c05739b3314f0563c5defcd33,data_werka_2__92_14_5.py
961,191,375bf1a10db984efe5386001ef70101897fec9f2a6d3b4184d950f395b2e1035,data_werka_2__91_13_7.py
961,191,375bf1a10db984efe5386001ef70101897fec9f2a6d3b4184d950f395b2e1035,data_werka_2__91_3_8.py
962,160,f23a62fbd4fe8eb22d4f10cbd1db948f6ac4335cdb98f54275435d6350eff442,data_werka_2__92_1_1.py
962,160,f23a62fbd4fe8eb22d4f10cbd1db948f6ac4335cdb98f54275435d6350eff442,data_werka_2__92_9_2.py
963,174,d0d4f020c1baeaa1fa229836b82a419dca77386806816a5c5adf0b4b56004d24,data_werka_2__92_1_3.py
963,174,d0d4f020c1baeaa1fa229836b82a419dca77386806816a5c5adf0b4b56004d24,data_werka_2__92_9_7.py
964,137,ecef0f29f7ba7ae1d123b7bdfb534fea9d934aec1d9829ab798f8cb1af0b1c32,data_werka_2__93_0_11.py
964,137,ecef0f29f7ba7ae1d123b7bdfb534fea9d934aec1d9829ab798f8cb1af0b1c32,data_werka_2__93_11_11.py
964,137,ecef0f29f7ba7ae1d123b7bdfb534fea9d934aec1d9829ab798f8cb1af0b1c32,data_werka_2__93_14_1.py
965,169,f5d6b3dc34ec09ab888b4a3f5534cc208a875a857d049e34d107fb103665122c,data_werka_2__93_0_2.py
965,169,f5d6b3dc34ec09ab888b4a3f5534cc208a875a857d049e34d107fb103665122c,data_werka_2__93_8_2.py
966,157,791e7366587d62f2c814752cc96a0767799872699864855ae7b8b09ffc2b6634,data_werka_2__93_0_5.py
966,157,791e7366587d62f2c814752cc96a0767799872699864855ae7b8b09ffc2b6634,data_werka_2__93_11_8.py
966,157,791e7366587d62f2c814752cc96a0767799872699864855ae7b8b09ffc2b6634,data_werka_2__93_14_10.py
966,157,791e7366587d62f2c814752cc96a0767799872699864855ae7b8b09ffc2b6634,data_werka_2__93_8_7.py
967,185,73e7882548e3fd3c94a6f7ba17f8e62f874cb46b95f7c34c773eedd3aab419be,data_werka_2__93_0_9.py
967,185,73e7882548e3fd3c94a6f7ba17f8e62f874cb46b95f7c34c773eedd3aab419be,data_werka_2__93_8_8.py
968,177,dbb74a4edb67b3e06cd2b1340e1dc1a496001878222aebaf3fa2edcdfc70302e,data_werka_2__94_14_11.py
968,177,dbb74a4edb67b3e06cd2b1340e1dc1a496001878222aebaf3fa2edcdfc70302e,data_werka_2__94_3_2.py
969,284,7dd0dcd2bbeafbfb98c93d607587c54a9b7ce9e918abadf6377fbffabea2b9fd,data_werka_2__94_1_13.py
969,284,7dd0dcd2bbeafbfb98c93d607587c54a9b7ce9e918abadf6377fbffabea2b9fd,data_werka_2__94_9_14.py
970,312,2b8f649954933f70d85ba8035059396d3af4a95ae85087d357900ffe7d39b83f,data_werka_2__94_1_14.py
970,312,2b8f649954933f70d85ba8035059396d3af4a95ae85087d357900ffe7d39b83f,data_werka_2__94_9_7.py
971,277,7c8c0d98a3950cf54fee9c6098f42e7e4b1c5a0d6f656e5d18beeb415b9154a5,data_werka_2__94_1_8.py
971,277,7c8c0d98a3950cf54fee9c6098f42e7e4b1c5a0d6f656e5d18beeb415b9154a5,data_werka_2__94_9_9.py
972,183,e71ca1ae02427ff0b6d89391e9913b182a391a758651fbf01020045f87f69c79,data_werka_2__94_3_4.py
972,183,e71ca1ae02427ff0b6d89391e9913b182a391a758651fbf01020045f87f69c79,data_werka_2__94_6_7.py
973,229,5ae2cad50ebbbe37a6dc3caf8799835d7bdff19ee7827e5efd09d8f1dbe028f6,merge_0_12.py
973,229,5ae2cad50ebbbe37a6dc3caf8799835d7bdff19ee7827e5efd09d8f1dbe028f6,merge_0_2_1.py
974,359,3f12af177e07204de79e91814f0f3e6de5570cce77c14410d11ab22992d3619f,merge_18_11.py
974,359,3f12af177e07204de79e91814f0f3e6de5570cce77c14410d11ab22992d3619f,merge_18_1_2.py
975,172,db4a66e70fbb800c3dec7725930945c6583f7d18f89a63f0e26b5f65e9e3bfdf,merge_2_50_0_1.py
975,172,db4a66e70fbb800c3dec7725930945c6583f7d18f89a63f0e26b5f65e9e3bfdf,merge_2_50_13_1.py
976,205,7edd2452538552feeed900e4b9b3e99bcd286907d75f23440c6ebaa5ee40a107,merge_2_59_2.py
976,205,7edd2452538552feeed900e4b9b3e99bcd286907d75f23440c6ebaa5ee40a107,merge_2_59_8_1.py
977,244,fafdfa016cef674719cf74009b1afcc502236b85b1e3ddfec4a8111503eb6f31,merge_2_60_12.py
977,244,fafdfa016cef674719cf74009b1afcc502236b85b1e3ddfec4a8111503eb6f31,merge_2_60_7_8.py
978,244,1fa4f81a12bf9ef591f07b3f17ad4b66898180ab819ce3f712cf9b44dcabe990,merge_2_60_12_1.py
978,244,1fa4f81a12bf9ef591f07b3f17ad4b66898180ab819ce3f712cf9b44dcabe990,merge_2_60_14_2.py
978,244,1fa4f81a12bf9ef591f07b3f17ad4b66898180ab819ce3f712cf9b44dcabe990,merge_2_60_3_8.py
979,248,30ce5674b20f3bbb0a729f919bb5f67a8e79b38273e38ec8c8cd097a25be7700,merge_2_60_14.py
979,248,30ce5674b20f3bbb0a729f919bb5f67a8e79b38273e38ec8c8cd097a25be7700,merge_2_60_3_3.py
980,253,8bf1a33c26b859ceb8ac00fe466c1724fa65f6ba54cc0a50ecfa55c34b89756c,merge_2_60_7_7.py
980,253,8bf1a33c26b859ceb8ac00fe466c1724fa65f6ba54cc0a50ecfa55c34b89756c,merge_2_60_8_6.py
981,53,c39ff295eddda7634290954e241a9d10c7b7a99bd7ea2ac7c22f1d5502bb4b23,merge_3_0_8_10.py
981,53,c39ff295eddda7634290954e241a9d10c7b7a99bd7ea2ac7c22f1d5502bb4b23,merge_3_12_0_7.py
981,53,c39ff295eddda7634290954e241a9d10c7b7a99bd7ea2ac7c22f1d5502bb4b23,merge_3_12_1_18.py
981,53,c39ff295eddda7634290954e241a9d10c7b7a99bd7ea2ac7c22f1d5502bb4b23,merge_3_20_5_12.py
981,53,c39ff295eddda7634290954e241a9d10c7b7a99bd7ea2ac7c22f1d5502bb4b23,merge_3_23_10_4.py
981,53,c39ff295eddda7634290954e241a9d10c7b7a99bd7ea2ac7c22f1d5502bb4b23,merge_3_25_5_8.py
981,53,c39ff295eddda7634290954e241a9d10c7b7a99bd7ea2ac7c22f1d5502bb4b23,merge_3_6_8_13.py
981,53,c39ff295eddda7634290954e241a9d10c7b7a99bd7ea2ac7c22f1d5502bb4b23,merge_3_7_5_5.py
981,53,c39ff295eddda7634290954e241a9d10c7b7a99bd7ea2ac7c22f1d5502bb4b23,merge_3_9_12_8.py
982,92,24f85b70b5002956adbb9b24a426cfa6d907f804ddccc4c9e4ca7e692713325f,merge_3_16_12_6.py
982,92,24f85b70b5002956adbb9b24a426cfa6d907f804ddccc4c9e4ca7e692713325f,merge_3_16_3_2.py
983,52,3f9b2ab666406f74cac3d785dbfcba1406cd132678d6415b46740ff4f4face64,merge_3_18_14_6.py
983,52,3f9b2ab666406f74cac3d785dbfcba1406cd132678d6415b46740ff4f4face64,merge_3_18_5_7.py
983,52,3f9b2ab666406f74cac3d785dbfcba1406cd132678d6415b46740ff4f4face64,merge_3_27_11_1.py
983,52,3f9b2ab666406f74cac3d785dbfcba1406cd132678d6415b46740ff4f4face64,merge_3_30_9_11.py
983,52,3f9b2ab666406f74cac3d785dbfcba1406cd132678d6415b46740ff4f4face64,merge_3_34_4_16.py
983,52,3f9b2ab666406f74cac3d785dbfcba1406cd132678d6415b46740ff4f4face64,merge_3_5_6_6.py
983,52,3f9b2ab666406f74cac3d785dbfcba1406cd132678d6415b46740ff4f4face64,merge_3_9_2_15.py
984,58,b3151817c259ddcb5c03908cb98b7746b7d6306d896906731d0b0171bfd4513e,merge_3_20_9_9.py
984,58,b3151817c259ddcb5c03908cb98b7746b7d6306d896906731d0b0171bfd4513e,merge_3_36_7_18.py
984,58,b3151817c259ddcb5c03908cb98b7746b7d6306d896906731d0b0171bfd4513e,merge_3_37_5_5.py
985,57,5ab20dc6b46229e9a8a89d4d94684b9fcac3e2bd48131a4eaafc9f42330f34ed,merge_3_23_9_17.py
985,57,5ab20dc6b46229e9a8a89d4d94684b9fcac3e2bd48131a4eaafc9f42330f34ed,merge_3_30_8_3.py
986,51,5cdb5378214e7abeb959891667f814b4bcbef0a36ad828b96d89366961bd04c1,merge_3_31_6_12.py
986,51,5cdb5378214e7abeb959891667f814b4bcbef0a36ad828b96d89366961bd04c1,merge_3_34_11_14.py
986,51,5cdb5378214e7abeb959891667f814b4bcbef0a36ad828b96d89366961bd04c1,merge_3_7_2_13.py
986,51,5cdb5378214e7abeb959891667f814b4bcbef0a36ad828b96d89366961bd04c1,merge_3_7_3_19.py
987,64,b9ff0ac373cb59eae1fb4760230e7ced6814d360f7df67008890e47275ad8999,merge_3_32_0_4.py
987,64,b9ff0ac373cb59eae1fb4760230e7ced6814d360f7df67008890e47275ad8999,merge_3_33_12_12.py
988,53,01057642e989e65aeb552e83cd69934f01b9c4293e8e9ec975f847de6172d68a,merge_3_34_11_19.py
988,53,01057642e989e65aeb552e83cd69934f01b9c4293e8e9ec975f847de6172d68a,merge_3_34_13_18.py
989,166,dd98b8f85b965d13a0a5ba1a2b543e809f62141ae5a9e45faf7a1d0b806dc028,merge_6_1.py
989,166,dd98b8f85b965d13a0a5ba1a2b543e809f62141ae5a9e45faf7a1d0b806dc028,merge_6_11.py
990,212,321a16804aaa880520a3a2f8669e3084e04e5f7c0255da923eaface51796bda7,merge_7_0_1.py
990,212,321a16804aaa880520a3a2f8669e3084e04e5f7c0255da923eaface51796bda7,merge_7_10.py
991,199,b250a3cf1e8a900201ebbab099182d35619320dcfeb4694d67014a418d4a5f4a,merge_7_0_2.py
991,199,b250a3cf1e8a900201ebbab099182d35619320dcfeb4694d67014a418d4a5f4a,merge_7_10_2.py
